pos_x,pos_y,vel_x,vel_y,e_pos_x,e_pos_y,e_vel_x,e_vel_y,flipped,move,kb_power,kb_direction,jump_power,jump_direction
0.291,-0.061,0.0,0.0,-0.327,-0.065,0.0,0.0,0,Horizontal Slash,0.49116691015660763,3.5918649348147995,1.1586580276489258,2.481214298912053
0.291,-0.061,0.0,0.0,-0.327,-0.065,0.0,0.0,0,Horizontal Slash,0.49116691015660763,3.5918649348147995,1.1586580276489258,2.481214298912053
0.1410487,-0.07354944,-9.735565e-06,-0.001066667,-0.327,-0.0735492,0.0,-0.002133325,0,Horizontal Slash,0.4945612153969705,3.5606710740938627,1.2265070974826813,2.383620295261496
-0.008291407,-0.07355058,-0.000141717,-0.001066667,-0.327,-0.07354943,0.0,-0.002133333,0,Horizontal Slash,0.49236729135736823,3.5072637503101696,1.3124125003814697,2.2474246818703794
-0.05806416,-0.07278487,0.0003194274,-0.001279242,-0.441678,-0.07358414,-0.00107453,-0.001066683,0,Horizontal Slash,0.49799959314987063,3.5429214539280802,1.2707132250070572,2.3089393806159246
-0.2057662,-0.07355056,-0.0001401626,-0.001066667,-0.4470254,-0.07354944,-5.074325e-06,-0.001066667,0,Horizontal Slash,0.48964906111359596,3.4732546032241123,1.3652097433805466,2.152264178076288
-0.3564181,-0.07354944,-9.781052e-06,-0.001066667,-0.5970017,-0.07354943,-9.73721e-06,-0.001066667,0,Horizontal Slash,0.4910922208800912,3.4813572500347325,1.3701734989881516,2.1468085469416387
-0.3684003,-0.07354973,7.085862e-05,-0.001066667,-0.5913262,0.03525048,-0.0001888718,-0.01546667,0,Horizontal Slash,0.4770947564393282,3.377503665693229,1.4548400975763798,1.9624945384605093
-0.5173394,-0.07355059,-0.0001413364,-0.001066667,-0.717307,-0.07336051,0.0003320525,-0.00104379,0,Horizontal Slash,0.48398812115192413,3.4545730223184243,1.4112797155976295,2.081485064904981
-0.657154,-0.07354944,4.890715e-06,-0.001066667,-0.7138642,-0.07357027,1.894101e-05,-0.002134837,0,Horizontal Slash,0.44629284739494324,3.288574455606104,1.5521183423697948,1.7966604622570217
-0.4759353,-0.07284336,0.000115375,-0.006346829,-0.7079238,0.0688909,2.488556e-05,-0.01406487,0,Horizontal Slash,0.4735031593590975,3.3578557630277897,1.4759257212281227,1.9194005062553783
-0.6246529,-0.07355063,-0.0001411262,-0.001066669,-0.4589805,-0.03172467,0.000236236,0.001832432,1,Vertical Slash,0.35154157876968384,2.872010323146509,1.786697894334793,1.1722153781499478
-0.524893,-0.07354945,-4.844883e-06,-0.001066667,-0.3360807,-0.07336793,0.0001159701,-0.001061467,1,Vertical Slash,0.3558163195848465,2.9006842665142023,1.7705709636211395,1.222024976759661
-0.3756254,-0.07355057,0.0001416482,-0.001066667,0.05340624,-0.0739046,0.001521973,-0.001751548,1,Vertical Slash,0.23102137446403503,2.463519450399158,1.9769290685653687,0.5961850412257119
-0.2249661,-0.07354943,9.78153e-06,-0.001066667,0.06101365,-0.07354938,4.939089e-07,-0.002133332,1,Vertical Slash,0.3051143288612366,2.7456251554284044,1.8431686460971832,1.0239749165282694
-0.07496583,-0.07354943,9.738736e-06,-0.001066667,0.01693842,-0.03114942,1.298067e-05,-0.001333332,1,Vertical Slash,0.3825388327240944,3.0345296142358915,1.6802222281694412,1.4710627059749823
0.0743743,-0.07355059,0.0001417171,-0.001066667,0.2658225,-0.02474945,0.0002361798,-0.01973334,1,Vertical Slash,0.31792162358760834,2.8396443022403957,1.7914910912513733,1.2043308304474443
0.1328755,-0.07354945,-4.890775e-06,-0.001066667,0.3529585,-0.06429784,0.0001176387,0.006042345,1,Vertical Slash,0.311214879155159,2.8487330026498205,1.792104333639145,1.2318715857675921
-0.1119243,-0.07107105,-0.0001002543,-0.001187493,0.3050217,-0.07337166,4.848694e-06,-0.001066661,1,Vertical Slash,0.22574272751808167,2.499534246468546,1.964944988489151,0.6803623305876936
0.03752591,-0.0730162,9.703028e-06,-0.0005333358,0.7049161,-0.0333717,2.596307e-05,0.0005333323,1,Vertical Slash,0.04798853397369385,1.9618081607044064,2.0,0.0
0.1875257,-0.07301611,9.738713e-06,-0.0005333334,0.5554396,-0.07359867,-9.727139e-06,-0.002136979,1,Vertical Slash,0.22215163707733154,2.5768435450654303,1.9394670724868774,0.8455410428983587
0.3375257,-0.07301611,9.738724e-06,-0.0005333334,0.6568994,-0.07152701,-8.111393e-06,0.003265755,1,Vertical Slash,0.22840279340744019,2.6478137036345455,1.9090532064437866,0.9810698933389796
0.4875257,-0.07301611,9.738724e-06,-0.0005333334,0.6734834,-0.07390527,9.288902e-05,-0.003139629,1,Vertical Slash,0.27650952339172363,2.8542936127858383,1.7990105748176575,1.3197927282646558
0.1679676,-0.07003756,-0.0001171478,-0.004009604,0.6542755,-0.07354943,4.852708e-06,-0.001066667,1,Vertical Slash,0.155173659324646,2.355779817285268,2.0,0.5237262640325134
0.3173334,-0.07354945,9.697545e-06,-0.001066667,0.610906,-0.07303436,-2.816748e-06,-0.0005344882,1,Vertical Slash,0.24620985984802246,2.6982187918259326,1.881351262331009,1.0499554989752404
0.3861301,-0.07354943,-4.869356e-06,-0.001066667,0.3609731,-0.001346402,-1.622686e-05,0.0005668113,0,Horizontal Slash,0.3823167011141777,3.1370766137757506,1.6127845346927643,1.7134157773189005
0.5360571,-0.07354943,9.733982e-06,-0.001066667,0.3608927,-0.07337128,-5.265919e-09,-0.001066268,0,Horizontal Slash,0.4252457991242409,3.3444611914672624,1.4574949443340302,2.0903944466679216
0.6410764,-0.07354957,4.722749e-05,-0.001066667,0.368501,-0.07354944,-4.867781e-06,-0.001066667,0,Horizontal Slash,0.43623360991477966,3.409247653832038,1.393981158733368,2.228437550042983
0.6175759,-0.07354976,7.068508e-05,-0.001066669,0.1924008,-0.07355323,-0.0002630127,-0.001066666,0,Horizontal Slash,0.4633030705153942,3.50261518182149,1.2846087962388992,2.3867970511289864
0.468636,-0.07355058,-0.0001413373,-0.001066667,0.5892031,0.03524669,0.0003765475,-0.01546667,1,Vertical Slash,0.28884314000606537,2.846800499570453,1.7927020192146301,1.290638830733517
0.6172243,-0.07355057,0.0001410036,-0.001066667,0.5331548,-0.04626785,-5.318725e-05,-0.0009866679,0,Horizontal Slash,0.3779424726963043,3.206946628690895,1.566559098660946,1.8877492086060716
0.291,-0.061,0.0,0.0,-0.327,-0.065,0.0,0.0,0,Horizontal Slash,0.49116691015660763,3.5918649348147995,1.1586580276489258,2.481214298912053
0.291,-0.061,0.0,0.0,-0.327,-0.065,0.0,0.0,0,Horizontal Slash,0.49116691015660763,3.5918649348147995,1.1586580276489258,2.481214298912053
0.1417084,-0.07355104,-0.0001416711,-0.001066699,-0.1777084,-0.07354025,0.0001416711,-0.002132813,0,Horizontal Slash,0.4861779287457466,3.4957813648227245,1.3162295371294022,2.255047772431271
0.142082,-0.07391253,0.0005512838,-0.0007629887,-0.3203068,-0.03130495,-0.001205747,-0.01194265,0,Horizontal Slash,0.4947437955997884,3.542697311471647,1.250328168272972,2.3415988277787054
0.1381794,-0.06413858,0.0005181506,-0.00280613,-0.4696105,0.03331042,-0.001212111,-0.009438025,0,Horizontal Slash,0.49881053890567273,3.5712353556014484,1.199891448020935,2.3938900269913304
-0.008533771,-0.07355065,-0.0001392242,-0.001066673,-0.3263507,-0.06532634,0.000135947,-0.001159506,0,Horizontal Slash,0.49212946742773056,3.5030393110310314,1.3168463110923767,2.238579855756441
-0.1585183,-0.0735506,-0.0001423285,-0.001066667,-0.5479354,-0.0704734,-0.001280702,-0.01560886,0,Horizontal Slash,0.5002002089022426,3.549957551535502,1.2714059352874756,2.306564210229116
-0.01452345,-0.02105523,0.001212193,-0.01127894,-0.697612,-0.06155181,-0.001212465,-0.01480492,0,Horizontal Slash,0.49942437186837196,3.624870473285101,1.1262109279632568,2.4986654837896647
-0.1576698,-0.07352962,-0.0001359466,-0.001074383,-0.5543539,-0.07310294,0.0001359454,-0.0005593366,0,Horizontal Slash,0.5006997150485404,3.5564499585646008,1.262508973479271,2.320463851330674
-0.1322836,-0.07356838,0.0006656054,-0.001066671,-0.6969808,-0.05897376,-0.001205775,-0.01353943,0,Horizontal Slash,0.501855960697867,3.609217483903835,1.177851378917694,2.442646254363903
-0.278263,-0.07355053,-0.0001385278,-0.001066667,-0.5537279,-0.07372777,0.000135977,-0.002946215,0,Horizontal Slash,0.4945016601122916,3.500706857852137,1.3427828252315521,2.192468865151454
-0.2663646,0.06747861,0.000569611,-0.006099151,-0.7095675,-0.04049778,0.0007096221,-0.01245538,0,Horizontal Slash,0.5070401094853878,3.531214528070485,1.2802192568778992,2.2500639265255127
-0.4134539,-0.07390502,-9.550713e-06,-0.001309402,-0.7168802,-0.06356342,8.058756e-05,-0.005907288,0,Horizontal Slash,0.49705103295855224,3.5210607764859754,1.3344666063785553,2.213525101496787
-0.5627931,-0.07355057,-0.0001417162,-0.001066667,-0.6128787,-0.01232689,-0.0003193606,-0.01088617,1,Horizontal Slash,0.4345710501074791,3.2067532484758328,1.5927811563014984,1.676574233577868
-0.4142068,-0.07355058,0.0001410018,-0.001066667,-0.544134,-0.07342449,6.523562e-05,-0.002659229,0,Horizontal Slash,0.4716257471591234,3.3826255174389126,1.4621706381440163,1.970414098147673
-0.3036694,0.09409212,0.0005813894,-0.004534466,-0.6532778,-0.04036827,0.0007095385,-0.0124509,0,Horizontal Slash,0.5021562620531768,3.4724366330609433,1.3455343395471573,2.134174552342195
-0.4500678,-0.04109051,-0.0001389255,-0.007332768,-0.5795361,-0.0735365,7.009447e-05,-0.001063565,0,Horizontal Slash,0.47182261385023594,3.371471012854738,1.4684719368815422,1.948650441432585
-0.2497425,-0.07355296,6.656065e-05,-0.00213349,-0.6058819,-0.07354944,-4.879154e-06,-0.001066667,0,Horizontal Slash,0.5003484819608275,3.5452310387715595,1.2878204435110092,2.283274460780426
0.291,-0.061,0.0,0.0,-0.327,-0.065,0.0,0.0,0,Horizontal Slash,0.49116691015660763,3.5918649348147995,1.1586580276489258,2.481214298912053
0.291,-0.061,0.0,0.0,-0.327,-0.065,0.0,0.0,0,Horizontal Slash,0.49116691015660763,3.5918649348147995,1.1586580276489258,2.481214298912053
0.1417084,-0.07355104,-0.0001416711,-0.001066699,-0.3937138,-0.07373843,-6.330841e-05,-0.00221625,0,Horizontal Slash,0.49542599031701684,3.583360207895929,1.1898435056209564,2.4329376277892085
-0.008288288,-0.0735506,-0.0001423401,-0.001066667,-0.3940288,-0.07354997,-2.989656e-07,-0.002133354,0,Horizontal Slash,0.4966812033671886,3.539857565116242,1.2703502029180527,2.3114959996579416
-0.1589236,-0.07354944,-1.528399e-05,-0.001066667,-0.4320087,-0.07355162,-7.587257e-05,-0.00106683,0,Horizontal Slash,0.4923956203274429,3.4916923332410033,1.3420614153146744,2.192932879359508
-0.3037197,-0.07358373,-0.001056069,-0.001066667,-0.5251214,-0.06773119,-0.0006791161,0.002183415,0,Horizontal Slash,0.48805476259440184,3.4610956707900575,1.3847167491912842,2.116776500649222
-0.3308153,-0.07354975,7.332909e-05,-0.001066667,-0.5493759,0.1190707,-0.0001872912,-0.01221659,0,Horizontal Slash,0.4650436341762543,3.2953231190693115,1.5078980401158333,1.8313257690633362
-0.4797419,-0.07355057,-0.0001413248,-0.001066667,-0.4010163,-0.02383807,0.0001407866,-0.01549171,1,Vertical Slash,0.3904108479619026,3.02116829187747,1.698381707072258,1.403959894233529
-0.6433187,-0.07390509,6.01057e-05,-0.0006731025,-0.3275231,-0.07337159,4.844937e-06,-0.001066581,1,Vertical Slash,0.28869354724884033,2.6456085126252025,1.900898963212967,0.8400263800933747
-0.43405,-0.07357893,-0.0004285696,-0.001066667,-0.3836167,-0.07354943,-1.280967e-07,-0.001066667,1,Vertical Slash,0.4168401286005974,3.144114858032589,1.6285447627305984,1.5938499334701497
-0.5071295,-0.07354973,-6.98236e-05,-0.001066667,-0.206495,0.03525048,0.000188895,-0.01546667,1,Vertical Slash,0.2648783475160599,2.5303446119925113,1.934522122144699,0.681440068188362
-0.407295,-0.07303669,-0.001526018,-0.0005334394,-0.3553374,-0.07337166,-3.403829e-07,-0.001066662,1,Vertical Slash,0.4164428114891052,3.1424681954310536,1.6280338317155838,1.5940670685489828
-0.4756706,-0.07301612,-4.62017e-06,-0.0005333334,-0.2205354,-0.07386051,0.0001818856,-0.00317603,1,Vertical Slash,0.3241509944200516,2.7827292520029587,1.8283887207508087,1.0526289642100843
-0.425086,-0.07301617,-7.082462e-05,-0.0005333334,-0.2827269,-0.05741485,0.0001176297,0.005988017,1,Vertical Slash,0.3757132366299629,2.9753416691404038,1.724486231803894,1.3410436380446331
-0.3606459,-0.07301616,-7.066828e-05,-0.0005333334,-0.2037244,0.2219371,0.0003618508,0.001543281,1,Vertical Slash,0.28844477236270905,2.570823765906037,1.8918650150299072,0.7497988360625725
-0.2110478,-0.07301611,9.712629e-06,-0.0005333334,-0.1776981,0.02819999,1.689751e-06,0.0117873,1,Vertical Slash,0.40131615847349167,3.0635395781830477,1.6592768281698227,1.4931672050475226
-0.06111812,-0.07301612,2.377616e-05,-0.0005333334,-0.0278962,-0.002409257,2.37698e-05,-0.001673412,1,Vertical Slash,0.40049493312835693,3.092756899064595,1.641912192106247,1.5592126876269725
0.08895207,-0.07354943,9.743278e-06,-0.002133333,-0.1776816,-0.07390501,-9.727847e-06,-0.0007369265,0,Horizontal Slash,0.48300823010504246,3.4699811075098763,1.3491510152816772,2.197093933324108
-0.05829795,-0.0735546,-0.0005402567,-0.002133334,-0.3620956,-0.07332935,-0.003465332,-0.002016191,0,Horizontal Slash,0.49273044848814607,3.503441695426242,1.3209540247917175,2.231358377170014
-0.1028498,-0.07066354,9.267102e-05,0.001737772,-0.2990506,-0.07301365,-1.2958e-05,-0.0005331875,0,Horizontal Slash,0.4802375640720129,3.430464530285819,1.399588942527771,2.0926832463713305
-0.252338,-0.07354945,-9.705491e-06,-0.001066667,-0.6343863,-0.07354978,7.494578e-05,-0.001066667,0,Horizontal Slash,0.5015322243561968,3.5576532964598826,1.2720170468091965,2.308609861244406
-0.4016779,-0.07355058,-0.0001417169,-0.001066667,-0.5689421,0.03525014,0.0001887177,-0.01546667,0,Horizontal Slash,0.46396680548787117,3.3154649262850007,1.5040961294434965,1.859098859181161
-0.5523376,-0.07354945,-9.781551e-06,-0.001066667,-0.318142,-0.07198285,1.628718e-05,-0.002366666,1,Vertical Slash,0.3326442390680313,2.8110212918285504,1.8173643350601196,1.0879697412553027
-0.4839132,-0.07354944,-4.866194e-06,-0.001066667,-0.171489,-0.02968226,6.946475e-05,-0.02246779,1,Vertical Slash,0.27761317789554596,2.5981639024924665,1.911267876625061,0.7819981077143388
-0.3339862,-0.07354944,9.733982e-06,-0.001066667,0.01517933,-0.07358292,0.0001768329,-0.002135233,1,Vertical Slash,0.27453386783599854,2.620340429799558,1.9045500755310059,0.8282058147593819
0.04846819,0.1019172,0.003518866,0.0005333293,0.2550295,0.03092378,0.002206801,-0.004535236,1,Vertical Slash,0.2946549654006958,2.6660998051183564,1.8450923264026642,0.9438002646579198
0.4185627,-0.07317799,0.005999972,-0.001966666,0.1162747,-0.07301558,-3.173425e-07,-0.0005333135,0,Horizontal Slash,0.46543991565704346,3.459308616877803,1.3461952656507492,2.253911190413782
0.389276,-0.07354964,5.66685e-05,-0.001066667,0.2076723,0.04858482,-0.000188894,-0.01493332,0,Horizontal Slash,0.42974337190389633,3.2825573682159765,1.5029067734722048,1.934891380906772
0.2402664,-0.07355059,-0.0001414034,-0.001066667,0.4555517,-0.04235041,0.0002352264,-0.00253334,1,Vertical Slash,0.29344797134399414,2.8138735373560255,1.8118660748004913,1.1997235513586342
0.389511,-0.07354943,9.689675e-06,-0.001066667,0.6020477,-0.07355055,0.0001379786,-0.001066668,1,Vertical Slash,0.27972041070461273,2.8305192512425377,1.8100601732730865,1.2608419748548678
0.291,-0.061,0.0,0.0,-0.327,-0.065,0.0,0.0,0,Horizontal Slash,0.49116691015660763,3.5918649348147995,1.1586580276489258,2.481214298912053
0.291,-0.061,0.0,0.0,-0.327,-0.065,0.0,0.0,0,Horizontal Slash,0.49116691015660763,3.5918649348147995,1.1586580276489258,2.481214298912053
0.1417084,-0.07355104,-0.0001416711,-0.001066699,-0.4208508,-0.07328868,-8.931885e-05,0.00153,0,Horizontal Slash,0.4954494438134134,3.592122455210129,1.1751059591770172,2.452499347024762
-0.008288288,-0.0735506,-0.0001423401,-0.001066667,-0.570587,-0.07355057,-0.0001420928,-0.001066666,0,Horizontal Slash,0.49922615865943953,3.6038013632606702,1.1718374192714691,2.451508963188443
-0.1582883,-0.0735506,-0.0001423433,-0.001066667,-0.4220024,-0.07355058,0.0001410001,-0.001066667,0,Horizontal Slash,0.4913668045774102,3.4855745268669547,1.3486110419034958,2.1817540318184947
-0.02831146,-0.06771278,0.001123362,0.002899032,-0.5268372,0.3836856,-0.0009164085,0.0125006,0,Horizontal Slash,0.4895416768267751,3.354843181678827,1.4303157702088356,1.9462160053085487
-0.1720128,-0.07355659,-0.0001363661,-0.002133787,-0.3821059,0.2421,0.0001373434,-0.0258994,1,Vertical Slash,0.4399588294327259,3.1554325856899457,1.584166206419468,1.6282100506955217
-0.02339974,-0.07354979,0.0001410271,-0.002133334,-0.5307142,0.04768455,-0.0001410225,-0.003850301,0,Horizontal Slash,0.5017516445368528,3.5444656868458653,1.2558274120092392,2.307932284403468
-0.1719896,-0.07354978,-0.0001410051,-0.002133334,-0.3821243,-0.0702085,0.0001410051,0.001437425,0,Horizontal Slash,0.48456427454948425,3.4468150390072796,1.3885649368166924,2.1101542801214417
-0.3219829,-0.07354978,-0.0001423369,-0.002133334,-0.7141691,0.3814643,-0.0009862452,0.01238759,0,Horizontal Slash,0.4679314196109772,3.2420321850480045,1.52628312446177,1.7426713183981868
-0.4726456,-0.07354945,-9.781756e-06,-0.002133334,-0.5691474,-0.02776626,9.415508e-06,0.01540621,0,Horizontal Slash,0.4575788639485836,3.306911045318667,1.5200253501534462,1.8403209597491341
-0.4531784,-0.07354952,7.085862e-05,-0.002133334,-0.6192121,-0.0634488,-7.085776e-05,0.006696898,0,Horizontal Slash,0.47843704372644424,3.4157709108775918,1.4376072473824024,2.0210464184784764
-0.6021175,-0.07354978,-0.0001413364,-0.002133334,-0.6430311,0.3487203,0.0003871187,0.009064165,1,Vertical Slash,0.33302420377731323,2.6959805037579647,1.833214521408081,0.9206550749221504
-0.3540014,-0.0676826,0.000235451,0.007866669,-0.491813,0.1246602,0.0001434991,-0.02933584,1,Vertical Slash,0.43658677488565445,3.165202824522467,1.5938777029514313,1.6287285615278648
-0.08773099,-0.07279883,5.689955e-05,-0.0004804633,-0.3411567,-0.04734976,1.222766e-05,-0.002133959,0,Horizontal Slash,0.4867950277402997,3.457793525288157,1.3703832030296326,2.1407271145627127
-0.2367395,-0.07301594,-0.0001414024,-0.0005333205,-0.4352193,-0.07094982,-8.926111e-05,0.002196511,0,Horizontal Slash,0.4839648101478815,3.4409008474231753,1.3987003043293953,2.0905360571379945
-0.3867348,-0.07301631,-0.0001423388,-0.0005333333,-0.7008854,0.3560013,0.0004936664,0.01086901,1,Vertical Slash,0.44912878051400185,3.1622251045113337,1.5813817009329796,1.6174969406800597
-0.2381515,-0.07301632,0.0001409989,-0.0005333333,-0.688782,0.4373376,4.349379e-05,-0.01661099,0,Horizontal Slash,0.47178722359240055,3.2455742842249387,1.5160302985459566,1.7535993749670358
-0.3873981,-0.07301611,-9.689806e-06,-0.0005333333,-0.5386133,0.06307147,9.749676e-06,-0.008494508,0,Horizontal Slash,0.45590655878186226,3.269800067177467,1.5331475213170052,1.7876707487365124
-0.5373977,-0.0730161,-9.738707e-06,-0.0005333333,-0.3886865,-0.07272597,9.738728e-06,-0.003138187,1,Vertical Slash,0.3731544762849808,2.9680260956631184,1.7353491336107254,1.320615496799125
-0.5374461,-0.07354945,-5.748721e-08,-0.002133334,-0.2395236,-0.07355121,0.0001771463,-0.001066666,1,Vertical Slash,0.3019339442253113,2.6972806517200603,1.8720153868198395,0.9225766704843186
-0.6822873,-0.07354982,-8.163969e-05,-0.001066667,-0.3885894,-0.07354945,-9.678073e-06,-0.001066667,1,Vertical Slash,0.298301562666893,2.681740482581067,1.8864336907863617,0.8903230953134499
-0.596759,0.03525009,-0.000188702,-0.01546667,-0.398996,-0.07354974,7.085838e-05,-0.001066667,1,Vertical Slash,0.347269743680954,2.8232541659940042,1.7945012748241425,1.1082781338785144
-0.6415085,0.2779153,0.0004005245,9.337999e-05,-0.4438304,-0.07354952,3.618213e-05,-0.001066667,1,Vertical Slash,0.3253273367881775,2.662645820423173,1.8348456621170044,0.8840458893854841
-0.4902236,0.06153668,0.0001435625,0.00715331,-0.5377737,-0.07349591,-8.914798e-05,-0.003536667,0,Horizontal Slash,0.4442942291498184,3.2068399058911763,1.5718728676438332,1.6874841265558447
-0.3396014,-0.003032637,9.782158e-06,-0.0004529181,-0.3882679,-0.07354945,9.706636e-06,-0.001066667,0,Horizontal Slash,0.4496224373579025,3.2528638528704468,1.5418436340987682,1.7723383139647755
-0.4888442,-0.002561568,-0.0001416249,-0.0005333137,-0.5375113,-0.07355059,-0.0001416252,-0.001066667,0,Horizontal Slash,0.44802209362387657,3.2483482577835003,1.5540463663637638,1.7500256533529002
-0.6388407,-0.07228946,-0.0001423399,-0.002933336,-0.3889244,-0.07355057,0.0001410023,-0.001066667,1,Vertical Slash,0.3227568119764328,2.7731340074310795,1.8403947055339813,1.0264562128442205
-0.6526489,-0.0739052,4.937196e-05,-0.00110902,-0.4634717,-0.07354945,4.844901e-06,-0.001066667,1,Vertical Slash,0.3508415222167969,2.8836684694636694,1.7868845760822296,1.1874478429518198
-0.6224833,-0.07301642,5.092151e-05,-0.000533343,-0.4871434,-0.07354944,4.866996e-06,-0.001066667,1,Vertical Slash,0.3764396905899048,2.984174288665889,1.7320201247930527,1.3378864033559925
-0.6639918,-0.03008334,-0.0001477243,-0.01733335,-0.4837066,-0.07354989,8.853003e-05,-0.001066667,1,Vertical Slash,0.3560226857662201,2.8854912419837473,1.7785959839820862,1.1918221552623427
-0.5861627,-0.06974889,-0.0001885459,0.0004666634,-0.3339743,-0.0735506,0.0001420892,-0.001066667,1,Vertical Slash,0.3228214234113693,2.7722735775335776,1.837568610906601,1.028878102982809
-0.6763094,-0.06310855,0.0003789446,-0.003670777,-0.4162631,-0.07354951,3.609602e-05,-0.001066667,1,Vertical Slash,0.31556832790374756,2.742812654459307,1.8555419743061066,0.980317134212112
-0.5527653,-0.07354839,-4.929268e-06,-0.002133287,-0.2984334,0.131974,0.0001819597,-0.01196319,1,Walk Forward,0.2580539435148239,2.47449428523651,1.9486933052539825,0.5984286192054545
-0.4028386,-0.07354943,9.73396e-06,-0.002133333,-0.4474192,-0.003376719,-9.676513e-06,-0.002476151,1,Horizontal Slash,0.4362669885158539,3.2034322605890715,1.5834118127822876,1.6855049739447658
-0.06377764,-0.07220896,0.001015827,0.001004994,-0.4853048,-0.07352892,-7.081268e-05,-0.005419037,0,Horizontal Slash,0.49946051806909963,3.5580522868851494,1.2499724328517914,2.339384414533791
0.0530957,-0.07072331,7.172649e-05,0.0003213361,-0.3357075,-0.07354944,9.712583e-06,-0.001066667,0,Horizontal Slash,0.4949138108640909,3.5355284979360744,1.2704506665468216,2.3141246644895257
0.291,-0.061,0.0,0.0,-0.327,-0.065,0.0,0.0,0,Horizontal Slash,0.49116691015660763,3.5918649348147995,1.1586580276489258,2.481214298912053
0.291,-0.061,0.0,0.0,-0.327,-0.065,0.0,0.0,0,Horizontal Slash,0.49116691015660763,3.5918649348147995,1.1586580276489258,2.481214298912053
0.1417084,-0.07355104,-0.0001416711,-0.001066699,0.0711111,0.06939992,0.0003777895,-0.01440001,1,Horizontal Slash,0.41213444620370865,3.152076635524008,1.596230573952198,1.67790328880121
-0.008288288,-0.0735506,-0.0001423401,-0.001066667,0.07299113,-0.06205014,1.784062e-06,0.006,1,Vertical Slash,0.3908730819821358,3.088755019364528,1.6496079117059708,1.565732808541894
-0.01995797,-0.07354943,-4.844686e-06,-0.001066667,0.1269106,-0.06556603,3.500712e-06,-0.009203712,1,Vertical Slash,0.36013278365135193,2.9776026265869278,1.7169838696718216,1.396532354858129
0.05057404,-0.07354974,-7.082409e-05,-0.001066667,0.2895022,-0.073592,0.0007490655,-0.002734615,1,Vertical Slash,0.3105926960706711,2.8269027539037643,1.8034493923187256,1.1851032651078846
0.154284,-0.07354943,-4.856288e-06,-0.001066667,0.471536,-0.03881401,0.0002370503,-0.01853853,1,Vertical Slash,0.24368754029273987,2.6222741968401455,1.9105524718761444,0.9014544740886277
0.1895962,-0.07354945,-4.866994e-06,-0.001066667,0.5001541,0.1216899,0.0001270269,-0.01195355,1,Vertical Slash,0.2025202214717865,2.4428483477190457,1.9815006256103516,0.6352988361408406
0.3395231,-0.07354945,9.733982e-06,-0.001066667,0.6091691,-0.01653842,-1.300136e-05,-0.003623222,1,Vertical Slash,0.24214360117912292,2.6716913823042763,1.890365332365036,1.0101638463389024
0.4895232,-0.07354943,9.738724e-06,-0.001066667,0.689118,-0.07287606,0.0001255195,-0.0005042741,1,Vertical Slash,0.26908373832702637,2.831609136914936,1.8124194741249084,1.286673363064443
0.5945532,-0.07354946,-1.857514e-05,-0.001066667,0.5781924,0.1369317,-0.000179944,-0.01004387,1,Vertical Slash,0.3164910525083542,2.9437060656762513,1.7301453948020935,1.4531013723047685
0.6883479,-0.07355204,-0.000216039,-0.001066667,0.5737287,0.1284981,-0.0005751644,-0.01644388,1,Horizontal Slash,0.34692592918872833,3.075257142380915,1.6489649266004562,1.6764577150786906
0.5373169,-0.07354944,-9.805671e-06,-0.001066667,0.5708812,-0.001159124,-1.866516e-07,0.0007722577,1,Vertical Slash,0.3319203853607178,3.0210640267801243,1.6914216727018356,1.573065317124594
0.6872193,-0.07354945,9.73238e-06,-0.001066667,0.3209614,-0.01630826,-1.6226e-05,0.004013872,0,Horizontal Slash,0.44639158621430397,3.4401998170795904,1.3563940972089767,2.2851194696553083
0.537976,-0.07355059,-0.0001416251,-0.001066667,0.3208807,-0.06902257,-7.662512e-08,0.001003468,0,Horizontal Slash,0.43604494631290436,3.3799995911899727,1.4246750622987747,2.1491222513624293
0.5084923,-0.07354944,4.890761e-06,-0.001066667,0.2900655,-0.0368086,-1.298074e-05,0.006698267,0,Horizontal Slash,0.43763554468750954,3.368183356093495,1.4342764094471931,2.1164350438661765
0.3592249,-0.07355059,-0.000141648,-0.001066667,0.2900066,-0.07325412,-6.129984e-08,-0.002037283,0,Horizontal Slash,0.41421421617269516,3.260873364464468,1.5287178307771683,1.909449994953785
0.5481367,-0.07237946,4.912742e-05,-2.487432e-05,0.2232988,-0.07354943,-4.867771e-06,-0.002133333,0,Horizontal Slash,0.4568180628120899,3.457202763857715,1.344096153974533,2.284807645740876
0.3990894,-0.07355057,-0.0001414391,-0.001066667,-0.169485,-0.07360417,-0.001809604,-0.001066663,0,Horizontal Slash,0.48568976391106844,3.574367732386086,1.1840094029903412,2.4702591256936866
0.2490939,-0.0735506,-0.000142339,-0.001066667,0.2196208,0.03519586,0.0003692439,-0.01546667,1,Vertical Slash,0.3918512687087059,3.1182368431493974,1.6215951517224312,1.650077709182701
0.098431,-0.07354944,-9.781756e-06,-0.001066667,-0.2049297,-0.07390596,-0.0001838634,-0.003243145,0,Horizontal Slash,0.48662151396274567,3.490445575937129,1.325324758887291,2.236278088747177
-0.05090935,-0.07355058,-0.0001417172,-0.001066667,-0.421469,-0.0735731,-0.0009953496,-0.002134028,0,Horizontal Slash,0.4971447035204619,3.536471553446693,1.2788872122764587,2.2970593154778123
-0.2009062,-0.07355059,-0.0001423403,-0.001066667,-0.6919718,0.2734921,0.0008311074,0.005982914,0,Horizontal Slash,0.49829668644815683,3.4307054085250788,1.3822679594159126,2.058624921831121
-0.3509062,-0.07355058,-0.0001423433,-0.001066667,-0.6878359,-0.02451798,3.924796e-06,-0.03241709,0,Horizontal Slash,0.4974501153919846,3.5092531550511477,1.3374197334051132,2.1969763849306028
-0.5009062,-0.0735506,-0.0001423433,-0.001066667,-0.5385247,-0.00138359,0.0001416896,0.001052135,1,Horizontal Slash,0.4316800460219383,3.186070626778764,1.6003887876868248,1.6497587696347316
-0.3523229,-0.07355057,0.0001409989,-0.001066667,-0.4477006,-0.05304045,8.618787e-05,-0.02215237,0,Horizontal Slash,0.4585471376776695,3.315184795027838,1.5078159151598811,1.8673650017163201
0.291,-0.061,0.0,0.0,-0.327,-0.065,0.0,0.0,0,Horizontal Slash,0.49116691015660763,3.5918649348147995,1.1586580276489258,2.481214298912053
0.291,-0.061,0.0,0.0,-0.327,-0.065,0.0,0.0,0,Horizontal Slash,0.49116691015660763,3.5918649348147995,1.1586580276489258,2.481214298912053
0.1417084,-0.07355104,-0.0001416711,-0.001066699,-0.1777084,-0.07354025,0.0001416711,-0.002132813,0,Horizontal Slash,0.4861779287457466,3.4957813648227245,1.3162295371294022,2.255047772431271
-0.008288288,-0.0735506,-0.0001423401,-0.001066667,-0.2508707,-0.07355332,-6.951008e-05,-0.001067141,0,Horizontal Slash,0.4840897489339113,3.461036568899655,1.3642934709787369,2.16251574621525
-0.1582883,-0.0735506,-0.0001423433,-0.001066667,-0.6541265,-0.01980421,0.001133546,-0.01123344,0,Horizontal Slash,0.5032728605438024,3.5743742862590815,1.2327189147472382,2.355628610072595
-0.1879012,-0.06991682,0.0004127249,-0.0003998045,-0.604785,0.04016707,0.0009890347,-0.008550057,0,Horizontal Slash,0.5009925710037351,3.514462360561181,1.309675171971321,2.224006757391256
-0.335139,-0.07355057,-0.000139722,-0.001066667,-0.7105249,-0.06548685,6.850023e-05,0.002662487,0,Horizontal Slash,0.5019297366961837,3.5582362166494197,1.2810531258583069,2.297786982633784
-0.4851261,-0.0735506,-0.0001423309,-0.001066667,-0.6930646,-0.07155617,3.49278e-05,0.001610622,0,Horizontal Slash,0.48577338736504316,3.460125089012859,1.402836136519909,2.0943665150233692
-0.4224351,-0.07390919,0.0006000817,-0.0003449048,-0.5271053,-0.02235723,0.001098006,-0.0113681,0,Horizontal Slash,0.45663175359368324,3.2989266022888515,1.5217479690909386,1.8327446123467113
-0.1769863,-0.07264884,3.864566e-05,-0.001613496,-0.3720565,-0.07337159,1.009189e-05,-0.001066576,0,Horizontal Slash,0.4823251739144325,3.435867262302722,1.3993787690997124,2.0906137205329864
-0.1035807,-0.07356246,0.0005754092,-0.00106647,-0.6849152,-0.01979253,0.001097977,-0.01123344,0,Horizontal Slash,0.5024289090652019,3.599707299240756,1.1864819526672363,2.4220288934423504
-0.250656,-0.07354943,-9.548831e-06,-0.001066667,-0.5296867,-0.07354816,1.009188e-05,-0.001066503,0,Horizontal Slash,0.4946009204722941,3.50156181058435,1.3392534255981445,2.1978504375212586
-0.3999951,-0.07355057,-0.0001417161,-0.001066667,-0.6789281,-0.07355057,-0.0001416234,-0.001066667,0,Horizontal Slash,0.495428835041821,3.511118714999208,1.344244584441185,2.1965556262843164
-0.2744601,-0.06536792,0.001125171,0.0009196948,-0.5603858,-0.01978503,0.001097797,-0.01123344,0,Horizontal Slash,0.4923697062768042,3.468700550946698,1.3700235486030579,2.1313391128176145
-0.4181524,-0.07354718,-0.0001363576,-0.00106635,-0.5399381,-0.07298929,0.001095044,-0.0005253159,0,Horizontal Slash,0.4698868412524462,3.374165801583505,1.4690823033452034,1.9560123133412426
-0.1895767,-0.06643535,0.001059326,-0.001120106,-0.5741667,-0.03794954,0.001099257,-0.01230111,0,Horizontal Slash,0.5004802200419363,3.53377568801022,1.291637122631073,2.266662358899703
-0.3335967,-0.0735505,-0.0001366685,-0.001066667,-0.7178174,-0.07263488,-0.0001364799,-0.001368819,0,Horizontal Slash,0.5022670291364193,3.5649376922270624,1.2727311849594116,2.31247776983261
-0.4835685,-0.0735506,-0.0001423165,-0.001066667,-0.509985,-0.002851798,0.001044841,-0.0006305508,1,Vertical Slash,0.42835475504398346,3.171247676634821,1.608555942773819,1.6287464149801043
-0.3343285,-0.07354943,9.689379e-06,-0.001066667,-0.3548111,-0.002560563,1.007463e-05,-0.0005333337,1,Horizontal Slash,0.4283101037144661,3.1710511306650355,1.600568801164627,1.64298688673577
-0.1849887,-0.07355057,0.0001417168,-0.001066667,-0.2054693,-0.002561514,0.0001417186,-0.0005333334,1,Horizontal Slash,0.4264524281024933,3.174597021725631,1.5927387103438377,1.6662432758005805
-0.03499184,-0.0735506,0.0001423403,-0.001066667,-0.2787181,-0.05253675,-6.950986e-05,-0.004023333,0,Horizontal Slash,0.4839131776243448,3.450477085763369,1.3750636577606201,2.1371252932181104
-0.009019056,-0.07162257,0.0005669327,0.001047543,-0.6745421,-0.03001942,-0.002195765,-0.01215511,0,Horizontal Slash,0.4992093166220002,3.6202872562728583,1.1409578621387482,2.4868632693000583
-0.1554894,-0.07355072,-0.0001389938,-0.001066677,-0.5361939,-0.07390526,0.0001313019,-0.003880612,0,Horizontal Slash,0.49999376727873823,3.5489770453220544,1.2725303024053574,2.3052482861584536
0.291,-0.061,0.0,0.0,-0.327,-0.065,0.0,0.0,0,Horizontal Slash,0.49116691015660763,3.5918649348147995,1.1586580276489258,2.481214298912053
0.291,-0.061,0.0,0.0,-0.327,-0.065,0.0,0.0,0,Horizontal Slash,0.49116691015660763,3.5918649348147995,1.1586580276489258,2.481214298912053
0.1417084,-0.07355104,-0.0001416711,-0.001066699,-0.7225794,0.06939993,0.0001888948,-0.01440001,0,Horizontal Slash,0.4952511009760201,3.6376011375112225,1.0902839601039886,2.543058236148846
-0.008288288,-0.0735506,-0.0001423401,-0.001066667,-0.7216461,-0.0716788,8.920309e-07,0.004799999,0,Horizontal Slash,0.49610915686935186,3.6479034981658964,1.0966641008853912,2.557895174715463
-0.1589511,-0.07354944,-9.781756e-06,-0.001066667,-0.5716904,-0.07354943,9.735852e-06,-0.001066667,0,Horizontal Slash,0.5012137914309278,3.563495699728001,1.2528474926948547,2.3352803324508704
-0.3082915,-0.07355059,-0.0001417172,-0.001066667,-0.5716418,-0.07354943,4.597628e-08,-0.001066667,0,Horizontal Slash,0.4935556114651263,3.494882267074552,1.3518138080835342,2.1776294922891535
-0.4582884,-0.07355059,-0.0001423403,-0.001066667,-0.6747879,-0.06074948,0.0001180591,-0.01946667,0,Horizontal Slash,0.48512237053364515,3.451428614495503,1.4072244390845299,2.0818025064248373
-0.6087667,-0.07354958,-4.664305e-05,-0.001066667,-0.6841792,-0.05862679,8.424021e-05,-0.001376587,0,Horizontal Slash,0.45108918845653534,3.2995816853014026,1.5388830713927746,1.8176420780769673
-0.571643,-0.07354943,4.87535e-06,-0.001066667,-0.6506962,-0.0002918959,2.865019e-05,-0.02169427,0,Horizontal Slash,0.43974337354302406,3.227571690413217,1.5792703479528427,1.7078465067078537
-0.4216674,-0.07354943,9.737146e-06,-0.001066667,-0.6848029,-0.07191554,4.863132e-06,-0.001055892,0,Horizontal Slash,0.4936015219427645,3.5004097333385653,1.3576290309429169,2.1739148038889
-0.4502795,-0.07354945,9.504301e-06,-0.001066667,-0.6655532,-0.04547744,-2.535456e-05,0.005327948,0,Horizontal Slash,0.4851670563220978,3.4463261903019116,1.4098322466015816,2.072892843781626
-0.5995237,-0.07355059,-0.0001416262,-0.001066667,-0.5952526,0.05920474,0.0007230003,-0.008459616,1,Vertical Slash,0.39584460109472275,3.02315413880168,1.6972939521074295,1.3971308053859957
-0.4502803,-0.07354944,9.689603e-06,-0.001066667,-0.5892657,-0.02441652,1.286344e-05,-0.002970191,0,Horizontal Slash,0.46647782251238823,3.3463726753396665,1.4893261017277837,1.905667567594789
-0.5995237,-0.07355059,-0.0001416253,-0.001066667,-0.5913465,0.03869885,0.0001888644,-0.0173702,1,Vertical Slash,0.39830074459314346,3.039478326701058,1.690101757645607,1.4215310149869513
-0.4509368,-0.07355057,0.0001410023,-0.001066667,-0.6334404,-0.05632023,-4.00611e-05,-0.007813621,0,Horizontal Slash,0.479611374437809,3.420046189485821,1.4333710297942162,2.0283880670076067
-0.2990065,-0.07360331,0.0009785034,-0.00106944,-0.6603902,0.133031,0.0005666036,-0.002890826,0,Horizontal Slash,0.4919282244518399,3.428735595183018,1.4000893533229828,2.0512557938487896
-0.4434287,-0.07355051,-0.0001370502,-0.001066667,-0.6816813,-0.02972852,6.949768e-05,-0.003354587,0,Horizontal Slash,0.4868837697431445,3.4512466977065097,1.403686672449112,2.081662721676527
-0.5940651,-0.07354945,-9.780038e-06,-0.001066667,-0.2814637,-0.03081061,2.598406e-05,-0.000722705,1,Vertical Slash,0.27931930124759674,2.598484386881928,1.9149590730667114,0.774618259468323
-0.4441626,-0.07354944,9.732388e-06,-0.001066667,-0.5312526,-0.02484345,-1.621751e-05,-0.002438647,0,Horizontal Slash,0.4528621882200241,3.2833547404925896,1.5343209020793438,1.8060408334214182
-0.5940654,-0.07354944,-9.732405e-06,-0.001066667,-0.6944119,-0.04255941,8.115598e-06,-0.006380676,0,Horizontal Slash,0.4551955796778202,3.312596904648959,1.52729731798172,1.839234070132962
-0.6000367,-0.07354974,7.085852e-05,-0.001066667,-0.6963959,-0.0612957,4.721889e-05,-0.02078068,0,Horizontal Slash,0.4556233882904053,3.32085721891849,1.5234389770776033,1.8524803837236639
-0.5948852,-0.07354973,7.066822e-05,-0.001066667,-0.6639481,-0.07314,-0.0002733248,-0.001936996,0,Horizontal Slash,0.45239919051527977,3.3078744763522936,1.5329602770507336,1.8322177511779716
-0.5488595,-0.07354974,7.066867e-05,-0.001066667,-0.6384358,-0.07356317,0.0005254525,-0.001066716,0,Horizontal Slash,0.4596550427377224,3.3362738007381463,1.5085787447169423,1.8815607842505002
-0.4977142,-0.07301605,0.0001939306,-0.0005332989,-0.5461721,-0.0006305825,0.0002923119,0.00528541,1,Horizontal Slash,0.4357050135731697,3.202924429058707,1.5894124433398247,1.6757377955368662
-0.6450263,-0.07301736,-0.0003436407,-0.0005333333,-0.5447274,-0.04739629,3.370128e-06,-0.001042704,1,Vertical Slash,0.3833678588271141,3.0060092304531434,1.719366431236267,1.3685403653822674
-0.6438397,-0.07301611,-4.812023e-06,-0.0005333333,-0.3097,-0.06123706,0.000223016,-0.004127157,1,Vertical Slash,0.27463333308696747,2.58949528193534,1.924726128578186,0.7585457285886125
-0.4939125,-0.0730161,9.734e-06,-0.0005333333,-0.3086045,-0.07354798,7.237287e-08,-0.002133273,1,Vertical Slash,0.35788682103157043,2.909219305095675,1.764584332704544,1.2372470958048765
-0.4268429,-0.07301611,-4.869362e-06,-0.0005333333,-0.2653758,0.2138757,7.295796e-05,-0.008161675,1,Vertical Slash,0.2851278632879257,2.555328350356925,1.9007152318954468,0.7231668922666438
-0.07436703,-0.07362209,0.005999931,-0.002133334,-0.665001,-0.0121534,-9.126064e-07,-0.01271916,0,Horizontal Slash,0.5020287565421313,3.5978416924793177,1.185468703508377,2.421927027530655
-0.1938007,-0.07354967,-0.0001133372,-0.002133334,-0.6650054,-0.07104626,-4.309665e-09,-0.000810105,0,Horizontal Slash,0.5027655095327646,3.5884577634981523,1.2201310396194458,2.38494417760651
-0.3436565,-0.07354979,-0.0001422063,-0.002133334,-0.6650054,-0.07302208,-2.035182e-11,-0.0005336902,0,Horizontal Slash,0.4989946811692789,3.533639695145571,1.3127187937498093,2.247059069384009
0.291,-0.061,0.0,0.0,-0.327,-0.065,0.0,0.0,0,Horizontal Slash,0.49116691015660763,3.5918649348147995,1.1586580276489258,2.481214298912053
0.291,-0.061,0.0,0.0,-0.327,-0.065,0.0,0.0,0,Horizontal Slash,0.49116691015660763,3.5918649348147995,1.1586580276489258,2.481214298912053
0.1417084,-0.07355104,-0.0001416711,-0.001066699,-0.1777084,-0.07354025,0.0001416711,-0.002132813,0,Horizontal Slash,0.4861779287457466,3.4957813648227245,1.3162295371294022,2.255047772431271
0.2943936,0.04093362,0.001252221,-0.007633128,-0.3297054,0.09362441,-0.00124905,-0.004593863,0,Horizontal Slash,0.49835998797789216,3.5225589684459697,1.2375526428222656,2.312563906449117
0.1513335,-0.06459214,-0.0001357576,0.0004917186,-0.1866296,-0.04014386,0.0001357726,-0.007303069,0,Horizontal Slash,0.4866389548406005,3.485519614773931,1.3236923068761826,2.2337209547579966
0.1909931,-0.07354958,4.920344e-05,-0.001066667,-0.2223988,0.1216583,-0.0001671049,-0.01199111,0,Horizontal Slash,0.4869416384026408,3.448460061129054,1.3530705720186234,2.1573818166179035
0.04194636,-0.07355058,-0.0001414387,-0.001066667,-0.07393876,-0.02539438,0.000140882,-0.00840445,0,Horizontal Slash,0.4502277076244354,3.307241220077485,1.4948078976012766,1.9101336107205542
0.2295293,-0.06996602,0.0008362276,0.005040043,-0.3917485,0.160852,-0.001462559,-0.001458337,0,Horizontal Slash,0.4983244374161586,3.5286088017943835,1.2491898834705353,2.3090200868805217
0.08489405,-0.07233424,-0.0001377221,3.750808e-06,-0.2497351,-0.02018351,0.0001347643,0.0007291678,0,Horizontal Slash,0.48888042103499174,3.483248018987134,1.3301104307174683,2.2144724170248526
-0.06454983,-0.07239024,-0.0001423214,1.47149e-08,-0.1508037,-0.04951574,9.388136e-05,0.001135417,0,Horizontal Slash,0.4515124298632145,3.3038276002179447,1.502410267246887,1.8884810655594226
0.1624164,0.04067991,0.001062865,-0.007748818,-0.5186594,0.1472318,-0.001462448,-0.00142827,0,Horizontal Slash,0.5042315716855228,3.5342165295958985,1.227683573961258,2.304514814143543
0.01841396,-0.06534971,-0.0001366518,0.0004627962,-0.3766453,-0.01373423,0.0001347649,0.0007141341,0,Horizontal Slash,0.49620431172661483,3.514793494994259,1.2947695404291153,2.260780538766857
-0.1322205,-0.07354945,-9.779907e-06,-0.001066667,-0.4636761,0.005606413,-0.000170433,-0.02085121,0,Horizontal Slash,0.4937384040094912,3.478072799989919,1.348663717508316,2.1660881687581313
-0.1055011,0.04130813,0.000669451,-0.007638594,-0.3154087,-0.06151109,0.0001408662,-0.001612801,0,Horizontal Slash,0.4830723684281111,3.3950793039376803,1.4129907712340355,2.029969235681057
-0.1847014,-0.06453275,6.925482e-05,0.0004903522,-0.5750569,0.1251521,-0.001438346,-0.005473366,0,Horizontal Slash,0.49551887111738324,3.448535266821673,1.3724746853113174,2.0985406299205804
-0.3343066,-0.07354945,-9.713089e-06,-0.001066667,-0.483587,-0.06434963,5.940977e-06,-0.01256332,0,Horizontal Slash,0.47404744662344456,3.3895196768826117,1.4499660171568394,1.9906247444365002
-0.2249331,-0.07351433,0.000634621,-0.002129704,-0.6887656,0.0237555,0.00073112,-0.008978905,0,Horizontal Slash,0.5037252865731716,3.5493552506072508,1.2722406536340714,2.289919479423553
-0.3710667,-0.07354973,-0.0001386741,-0.002133333,-0.6678004,-0.06496246,6.910923e-05,-0.001044726,0,Horizontal Slash,0.4967856190633029,3.5160615757920572,1.335025042295456,2.209081154285691
-0.5196101,-0.07354917,7.116296e-05,-0.002133333,-0.5704578,-0.07313756,-4.678567e-05,-0.002211182,0,Horizontal Slash,0.4495183937251568,3.286845988637088,1.5411927923560143,1.8057581976485038
-0.3237106,-0.06678027,0.00063531,-0.002944043,-0.6224598,0.09355606,0.0007310578,-0.004598761,0,Horizontal Slash,0.48591037560254335,3.402822447407829,1.4257420226931572,2.0065931623623454
-0.4704863,-0.07354944,-9.529393e-06,-0.001066667,-0.7006772,-0.07054324,4.749161e-06,0.001774845,0,Horizontal Slash,0.48915820848196745,3.477606445112938,1.3851134851574898,2.126876393441725
-0.2292103,-0.07355785,0.00147095,-0.001060041,-0.6162839,0.06118928,0.0007311186,-0.006547985,0,Horizontal Slash,0.49860687053296715,3.490116477886017,1.3397741466760635,2.1715132775699746
-0.3711819,-0.07355048,-0.0001347247,-0.001066667,-0.463354,-0.06621797,0.0001451237,0.001963005,0,Horizontal Slash,0.4621538445353508,3.3351369378403866,1.4952387758530676,1.8975199799407738
0.291,-0.061,0.0,0.0,-0.327,-0.065,0.0,0.0,0,Horizontal Slash,0.49116691015660763,3.5918649348147995,1.1586580276489258,2.481214298912053
0.291,-0.061,0.0,0.0,-0.327,-0.065,0.0,0.0,0,Horizontal Slash,0.49116691015660763,3.5918649348147995,1.1586580276489258,2.481214298912053
0.1417084,-0.07355104,-0.0001416711,-0.001066699,-0.327,-0.07354006,0.0,-0.002132813,0,Horizontal Slash,0.49455501371994615,3.5608573445270597,1.2261541187763214,2.3841449796081338
-0.008288288,-0.0735506,-0.0001423401,-0.001066667,-0.3826318,-0.07354913,-5.30024e-05,-0.001066633,0,Horizontal Slash,0.4961347447242588,3.534946233133837,1.2770326286554337,2.301572780556035
-0.1582883,-0.0735506,-0.0001423433,-0.001066667,-0.572621,-0.06416094,-0.001093852,0.001232416,0,Horizontal Slash,0.5013100495561957,3.5608570636467882,1.2557933926582336,2.3291097673992107
-0.3082883,-0.0735506,-0.0001423433,-0.001066667,-0.5778351,-0.07305604,-5.16557e-06,-0.0005389359,0,Horizontal Slash,0.4942177436314523,3.4989084282888983,1.3475418835878372,2.1850711810082157
-0.4017321,-0.07354952,3.643988e-05,-0.001066667,-0.6581926,0.05058397,0.0004419449,-0.01056477,0,Horizontal Slash,0.48183354176580906,3.39950490030439,1.4386256150901318,1.9949122881499057
-0.5504447,-0.07355217,-0.0002210922,-0.001066667,-0.7223147,-0.05623727,5.012967e-05,-0.007567617,0,Horizontal Slash,0.47569882310926914,3.4107087461895422,1.4505091272294521,2.002972802919843
-0.6314976,-0.07354973,7.135757e-05,-0.001066667,-0.6692359,0.2735139,0.0003001211,0.005792534,1,Vertical Slash,0.35200630128383636,2.7904950999616975,1.7987566888332367,1.0555374326051814
-0.481851,-0.0735506,0.0001420081,-0.001066667,-0.6764809,-0.02906527,7.012689e-05,-0.03260747,0,Horizontal Slash,0.47637048177421093,3.399597567387203,1.4511004574596882,1.990345877140558
-0.5858655,-0.07354973,7.050023e-05,-0.001066667,-0.6703485,-0.06636363,-0.0004107573,0.002625469,0,Horizontal Slash,0.4563172198832035,3.323078537136739,1.5209030658006668,1.856936549226558
-0.5635858,-0.07354973,7.066906e-05,-0.001066667,-0.718187,-0.07356523,0.000143252,-0.001069061,0,Horizontal Slash,0.4745622053742409,3.41102838793819,1.4527888856828213,2.002693982437279
-0.602567,-0.07354948,2.315671e-05,-0.001066667,-0.6871991,-0.07231389,-0.0001021043,1.29547e-06,0,Horizontal Slash,0.4565221406519413,3.3278954231279463,1.519442031159997,1.8633676541364625
-0.6170995,-0.07355114,0.0001728048,-0.001066667,-0.7095381,0.02371198,7.220477e-05,-0.01199871,1,Horizontal Slash,0.43810224905610085,3.219062668366866,1.586737297475338,1.6908784593034283
-0.7022311,-0.07354973,7.04275e-05,-0.001066667,-0.460655,-0.04832857,0.0002364594,-0.001600645,1,Vertical Slash,0.3153114467859268,2.739504352998129,1.858097642660141,0.9735385101866411
-0.6551875,-0.06152686,3.983464e-05,-0.006181348,-0.3596941,0.3358409,0.0001587384,-0.002943724,1,Walk Forward,0.16424822807312012,2.0806210771907105,2.0,0.039682296584076585
-0.3024881,-0.07363536,0.005999932,-0.001066667,-0.7055694,0.07228713,4.558134e-07,0.003871863,0,Horizontal Slash,0.5001199090256705,3.4998763885168986,1.3357442021369934,2.1805029910904836
-0.4219218,-0.07355018,-0.0001133372,-0.001066667,-0.5562756,-0.03986351,0.0001416732,-0.001935931,0,Horizontal Slash,0.4680960699915886,3.35665649789644,1.4805080071091652,1.9257132435376534
-0.4728564,-0.07354973,7.110315e-05,-0.001066667,-0.6792149,-0.07349955,0.0005893953,-0.001052313,0,Horizontal Slash,0.4856816679239273,3.458820821473452,1.402882568538189,2.0934610974690937
-0.3135094,-0.02267591,0.001025812,-0.01140322,-0.6979185,0.1244248,0.0003493239,-0.002750052,0,Horizontal Slash,0.49645281420089304,3.4373752382588307,1.386135995388031,2.06487609952062
-0.4579644,-0.07337157,-9.402664e-06,-0.001066576,-0.4462536,0.05838085,1.63393e-05,0.0009750266,1,Vertical Slash,0.4004031792283058,3.0360103565090366,1.6814034134149551,1.4265686611679926
-0.30806,-0.07354943,9.73251e-06,-0.001066667,-0.196253,-0.02799834,1.623124e-05,0.008712488,1,Vertical Slash,0.382393054664135,2.9998023616264287,1.7040416151285172,1.388626499787532
0.291,-0.061,0.0,0.0,-0.327,-0.065,0.0,0.0,0,Horizontal Slash,0.49116691015660763,3.5918649348147995,1.1586580276489258,2.481214298912053
0.291,-0.061,0.0,0.0,-0.327,-0.065,0.0,0.0,0,Horizontal Slash,0.49116691015660763,3.5918649348147995,1.1586580276489258,2.481214298912053
0.1417084,-0.07355104,-0.0001416711,-0.001066699,-0.1777084,-0.07354025,0.0001416711,-0.002132813,0,Horizontal Slash,0.4861779287457466,3.4957813648227245,1.3162295371294022,2.255047772431271
0.2298255,0.2098642,0.0009547332,0.002276474,-0.1558975,-0.07351856,-0.0004482567,-0.001060181,0,Horizontal Slash,0.4930249252356589,3.442098310239451,1.326578140258789,2.1656702189145567
0.08528501,-0.03670731,-0.0001371625,0.008461763,-0.008836539,-0.07355056,0.0001395542,-0.001066667,0,Horizontal Slash,0.4472113363444805,3.303268496334738,1.4947099811397493,1.91585006259372
0.1028693,-0.07023492,7.11594e-05,0.002115441,-0.06300302,-0.07354973,-7.116504e-05,-0.001066667,0,Horizontal Slash,0.46475259214639664,3.3896750270792855,1.427457608282566,2.060924301358079
-0.04606821,-0.07355021,-0.000141335,-0.001066642,-0.3405861,-0.0731483,-0.0007326038,-0.001996224,0,Horizontal Slash,0.4914370160549879,3.496457911769335,1.3280108571052551,2.2202893070016687
-0.05823978,-0.07359151,0.0004939898,-0.001070965,-0.3229526,-0.07312903,-0.0004523854,-0.00199577,0,Horizontal Slash,0.48863345105201006,3.4789571281171634,1.3484360426664352,2.185929176610034
0.1748782,-0.049506,0.001569019,-0.01295077,-0.3657648,-0.07314343,-0.0006603641,-0.00199577,0,Horizontal Slash,0.49519492872059345,3.578151798213331,1.18984916806221,2.4278799103721194
0.03339461,-0.07335374,-0.0001342616,-0.002077356,-0.2197594,-0.07355054,0.0001385526,-0.001066667,0,Horizontal Slash,0.48382228426635265,3.4652563970610073,1.3573355227708817,2.1777733029880175
0.1433425,-0.0729114,0.0009353923,-0.0005186707,-0.2636629,-0.07314445,-0.0006617593,-0.001996224,0,Horizontal Slash,0.492305604275316,3.536648133510533,1.2621362060308456,2.334457306442819
-0.001933425,-0.07301611,-9.432012e-06,-0.0005333333,-0.4169222,-0.07354945,-9.950317e-06,-0.001066667,0,Horizontal Slash,0.4976941766217351,3.5516392285326708,1.2530853748321533,2.3369142598019317
-0.09001511,-0.06713382,0.0001415352,-0.002981231,-0.3957152,-0.07312971,-0.0004489727,-0.001996224,0,Horizontal Slash,0.4939755969680846,3.504467282923221,1.3208317309617996,2.2278359513154102
-0.2386024,-0.07355064,-0.0001410027,-0.00106667,-0.5834366,-0.07356759,-0.0006471917,-0.00106667,0,Horizontal Slash,0.4995605810545385,3.5385341509050137,1.295071467757225,2.271280451878955
-0.3885958,-0.0735506,-0.0001423369,-0.001066667,-0.6440622,-0.07375224,-5.753096e-05,-0.002162604,0,Horizontal Slash,0.49288066662847996,3.4939255186507108,1.3608196675777435,2.1658892587127294
-0.2481911,-0.06343454,0.00109618,0.001032715,-0.6909,-0.073527,-0.0006612964,-0.001060188,0,Horizontal Slash,0.5033501714933664,3.5801499336494067,1.2383216321468353,2.3580207737158125
-0.222737,-0.0735938,0.000643487,-0.0003371838,-0.6729335,-0.07312996,-0.0004520485,-0.001996227,0,Horizontal Slash,0.5028695061337203,3.583475790127536,1.2319072484970093,2.369237540093441
0.291,-0.061,0.0,0.0,-0.327,-0.065,0.0,0.0,0,Horizontal Slash,0.49116691015660763,3.5918649348147995,1.1586580276489258,2.481214298912053
0.291,-0.061,0.0,0.0,-0.327,-0.065,0.0,0.0,0,Horizontal Slash,0.49116691015660763,3.5918649348147995,1.1586580276489258,2.481214298912053
0.1410487,-0.07354944,-9.735565e-06,-0.001066667,-0.4769513,-0.07354919,-9.735565e-06,-0.002133325,0,Horizontal Slash,0.495057272259146,3.6084033524377057,1.147426813840866,2.4894243356130357
-0.008291407,-0.07355058,-0.000141717,-0.001066667,-0.4769998,-0.07354943,-4.597494e-08,-0.002133333,0,Horizontal Slash,0.499118035484571,3.5727009420432925,1.2222836315631866,2.3808565270194553
-0.1582883,-0.07355059,-0.0001423403,-0.001066667,-0.7222282,-0.06768276,0.0001180593,0.007866669,0,Horizontal Slash,0.5018936417764053,3.616288410664888,1.1702077686786652,2.456152663085754
-0.3082883,-0.07355058,-0.0001423433,-0.001066667,-0.7216845,-0.07369943,5.575195e-07,-0.002208333,0,Horizontal Slash,0.5030190870165825,3.5762146606094887,1.2540777325630188,2.340442911835881
-0.4582883,-0.0735506,-0.0001423433,-0.001066667,-0.5997546,-0.06670776,0.0001180579,0.007904168,0,Horizontal Slash,0.47375079803168774,3.3935709300678543,1.4564928375184536,1.983445538330892
-0.5198154,-0.07354973,7.117163e-05,-0.001066667,-0.631039,0.4143618,0.0007110662,0.01261438,1,Vertical Slash,0.3503331243991852,2.7437096456054455,1.8009364306926727,0.9945839326415321
-0.1195895,-0.03328254,2.598459e-05,0.0005333353,-0.4775335,-0.04349728,9.966319e-06,0.01769281,0,Horizontal Slash,0.4991203797981143,3.5132106644458707,1.3045062571763992,2.2367891035872822
-0.2684081,-0.07390756,-0.0001415483,-0.002366667,-0.2286645,0.4195301,0.0002361654,-0.0007071967,1,Walk Forward,0.2880972623825073,2.525164618030685,1.889638513326645,0.690218981065321
0.08338449,-0.07308876,0.005999929,-0.0005333334,-0.2872388,-0.012939,-1.337616e-07,-0.0150964,0,Horizontal Slash,0.49141370598226786,3.4966022140086737,1.3142483830451965,2.2382115280941153
-0.01304101,-0.07301626,5.666858e-05,-0.0005333334,-0.08467677,-0.0735765,-0.0001180589,0.002425899,0,Horizontal Slash,0.4483163543045521,3.3064655809118575,1.5007679885602556,1.903512092393452
0.02916015,-0.07301615,7.070172e-05,-0.0005333334,-0.2952819,-0.07358153,-0.0009681823,-0.001066743,0,Horizontal Slash,0.4915150897577405,3.507507928892616,1.3093318492174149,2.2548107094823617
0.08351328,-0.03111294,0.0007953044,-0.0118719,-0.2949811,0.0911122,-0.000527155,-0.004684175,0,Horizontal Slash,0.49044102896004915,3.4403338203756513,1.3612606823444366,2.125724409822698
-0.06182064,-0.07343415,-0.0001379154,-0.0004419937,-0.6957155,0.1130919,-0.0003802789,-0.01908418,0,Horizontal Slash,0.5048175225965679,3.56898686221696,1.2199948728084564,2.349692439607268
-0.2117987,-0.07301589,-0.0001423224,-0.000533311,-0.6895515,-0.03522544,4.531195e-05,-0.007887911,0,Horizontal Slash,0.5035754076670855,3.5779611741359303,1.2354347109794617,2.356453180922138
-0.3617987,-0.07301631,-0.0001423431,-0.0005333333,-0.6657435,-0.07309039,7.072854e-05,-0.0002035028,0,Horizontal Slash,0.49768242705613375,3.52418844852607,1.3255900144577026,2.2261986065877157
-0.5117986,-0.07301631,-0.0001423433,-0.0005333333,-0.7073778,-0.0726368,4.252936e-05,-0.001879562,0,Horizontal Slash,0.4831789117306471,3.4491334949859915,1.4153829216957092,2.072558362191982
-0.6617986,-0.07301631,-0.0001423433,-0.0005333333,-0.7118032,0.1149644,0.0001711178,-0.003275219,1,Vertical Slash,0.3992283418774605,3.028855961494053,1.6945374459028244,1.4017924114005975
-0.5125588,-0.07301611,9.689372e-06,-0.0005333333,-0.6898097,-0.0588734,2.552194e-06,-0.01255239,0,Horizontal Slash,0.4774977397173643,3.4158423480932387,1.4427418373525143,2.0152965184463465
-0.6156977,-0.07301609,7.081266e-05,-0.0005333333,-0.7116565,-0.06657783,0.0002434151,0.002716182,0,Horizontal Slash,0.4582812339067459,3.3363120589717554,1.5141594409942627,1.8755747575370316
-0.6139676,-0.07301613,7.066833e-05,-0.0005333333,-0.7105156,-0.07350183,-0.000302441,-0.002129444,0,Horizontal Slash,0.4591788835823536,3.3423908932081727,1.5101373037323356,1.8857055003459906
-0.6152778,-0.07301613,7.066867e-05,-0.0005333333,-0.7234063,-0.07355554,-0.0003402931,-0.001066665,0,Horizontal Slash,0.46222398057579994,3.357251612971086,1.4993907040916383,1.9095692286289176
-0.6047665,-0.07301611,4.856315e-06,-0.0005333333,-0.6337851,-0.002213239,2.797543e-05,-0.0006171213,1,Vertical Slash,0.4245098754763603,3.1634747481525785,1.6220543161034584,1.607073871728829
-0.4554507,-0.07301631,0.000141694,-0.0005333333,-0.6336464,-0.07296938,1.321103e-07,-0.00172286,0,Horizontal Slash,0.48096776753664017,3.431628053402656,1.4250651225447655,2.0481928881179003
-0.6040372,-0.07301631,-0.0001410019,-0.0005333333,-0.62723,0.3180422,0.0005019466,0.007432446,1,Vertical Slash,0.3339184671640396,2.7066445913885904,1.8311789631843567,0.9354996440694686
-0.4547907,-0.0730161,9.689806e-06,-0.0005333333,-0.2248509,0.44161,2.612439e-05,-0.02616756,1,Walk Forward,0.16975870728492737,2.0897468772026255,2.0,0.06209813388224654
-0.1022419,-0.07362209,0.005999932,-0.002133334,-0.6247155,-0.06386267,-9.131409e-07,0.00665811,0,Horizontal Slash,0.5015070833032951,3.5967957879760544,1.194523185491562,2.418640728357389
-0.2216755,-0.07354967,-0.0001133372,-0.002133334,-0.47552,-0.07301873,0.0001416668,-0.0005080659,0,Horizontal Slash,0.4915191996842623,3.483152800575191,1.3562209755182266,2.1678987697997893
0.291,-0.061,0.0,0.0,-0.327,-0.065,0.0,0.0,0,Horizontal Slash,0.49116691015660763,3.5918649348147995,1.1586580276489258,2.481214298912053
0.291,-0.061,0.0,0.0,-0.327,-0.065,0.0,0.0,0,Horizontal Slash,0.49116691015660763,3.5918649348147995,1.1586580276489258,2.481214298912053
0.1417084,-0.07355104,-0.0001416711,-0.001066699,-0.1777084,-0.07354025,0.0001416711,-0.002132813,0,Horizontal Slash,0.4861779287457466,3.4957813648227245,1.3162295371294022,2.255047772431271
0.1553624,0.08368717,0.0006116558,-0.005145705,-0.2027644,0.1069104,-0.0006641886,-0.003738179,0,Horizontal Slash,0.4843233469873667,3.3710750418923867,1.405836172401905,2.0170875983091547
0.009114583,-0.05735352,-0.0001387826,-0.009427149,-0.3553612,-0.0306549,-0.0001448076,-0.005330911,0,Horizontal Slash,0.4950390527956188,3.506428225130049,1.30544912815094,2.2447568810543386
0.08222253,-0.07352211,0.0008855282,-0.001058578,-0.3818429,0.06762807,-0.0006655416,-0.005737557,0,Horizontal Slash,0.4970314400270581,3.50970893010458,1.2919547706842422,2.2547849153107884
-0.06266238,-0.07355051,-0.0001374892,-0.001066667,-0.2358632,-0.07342239,0.0001385282,-0.01153122,0,Horizontal Slash,0.47413532994687557,3.407480846706001,1.4190123155713081,2.0602885756775526
0.138311,0.264649,0.001127453,0.005498338,-0.401018,0.1457643,-0.0008776913,-0.001287636,0,Horizontal Slash,0.5040486664511263,3.4102711815403612,1.3463564962148666,2.0649921030726337
-0.006004878,0.003447927,-9.369684e-06,-0.00274917,-0.2554537,-0.06177635,9.450737e-06,0.002078091,0,Horizontal Slash,0.48561164271086454,3.4337026116791924,1.3777901008725166,2.112289906450279
-0.001711664,-0.07352528,0.0004522872,-0.001057858,-0.3574633,0.08268474,-0.0008773866,-0.005085307,0,Horizontal Slash,0.48996172938495874,3.445944052692918,1.3677950352430344,2.1228303131348114
-0.1487526,-0.07355055,-0.0001395352,-0.001066667,-0.2125378,-0.05757708,0.0001375277,-0.009457348,0,Horizontal Slash,0.4484163373708725,3.2842945190667105,1.5207742545753717,1.8450238317569159
0.1693151,-0.07313808,0.0009218212,-0.002704453,-0.06268568,-0.07352594,0.0001423205,-0.001061789,0,Horizontal Slash,0.4734411034733057,3.4393157932393064,1.3776600137352943,2.159512199848345
0.3464668,-0.06819399,0.001193685,0.005127562,-0.1756464,0.1117043,-0.0008777003,-0.003471476,0,Horizontal Slash,0.48889099806547165,3.497642781786784,1.2878480404615402,2.279262179732815
0.2032504,-0.07377798,-0.000136034,-0.002169882,-0.03072249,-0.03625223,0.0001375262,-0.005464262,0,Horizontal Slash,0.4688099343329668,3.414624100136893,1.3983007594943047,2.119718627863487
0.350904,-0.07387604,0.001061877,-0.002743601,-0.1424744,0.08821267,-0.0008776889,-0.004570895,0,Horizontal Slash,0.486896094866097,3.496622577828337,1.2917040437459946,2.281960690125176
0.2062604,-0.07354945,-9.390964e-06,-0.001066667,-0.2336082,-0.06741817,-5.916898e-06,-0.001037723,0,Horizontal Slash,0.49116464983671904,3.543124436737415,1.247483879327774,2.360253678245249
0.05692197,-0.07355057,-0.0001417154,-0.001066667,-0.3829293,-0.07355048,-0.000141699,-0.001066661,0,Horizontal Slash,0.49668066878803074,3.5570239842122158,1.2397005259990692,2.3592521528248382
0.1210271,-0.02039181,0.0008441025,-0.01124115,-0.4093954,0.1117223,-0.0006655268,-0.003471496,0,Horizontal Slash,0.5003344208525959,3.5064416839763783,1.280472218990326,2.2495912518424293
-0.02401169,-0.07357959,-0.0001376849,-0.001074679,-0.4990734,-0.03890068,-8.510027e-05,0.006325749,0,Horizontal Slash,0.5002026374713751,3.5653095308927782,1.2324060797691345,2.359020613854596
0.05012743,-0.07304789,0.000890259,-0.002699175,-0.350426,-0.07278015,0.0001412692,-0.003218563,0,Horizontal Slash,0.49550729570910335,3.5412833601863296,1.263022541999817,2.325274674989361
-0.09473394,-0.07355052,-0.0001374669,-0.001066667,-0.4990146,-0.07355058,-0.000141004,-0.001066667,0,Horizontal Slash,0.49968498820089735,3.5548088687666235,1.2580034583806992,2.327323696567906
0.291,-0.061,0.0,0.0,-0.327,-0.065,0.0,0.0,0,Horizontal Slash,0.49116691015660763,3.5918649348147995,1.1586580276489258,2.481214298912053
0.291,-0.061,0.0,0.0,-0.327,-0.065,0.0,0.0,0,Horizontal Slash,0.49116691015660763,3.5918649348147995,1.1586580276489258,2.481214298912053
0.1417084,-0.07355104,-0.0001416711,-0.001066699,-0.2745222,-0.07335015,5.005781e-05,-0.001044844,0,Horizontal Slash,0.4928251006640494,3.540997236816714,1.2560527473688126,2.3429485042952924
-0.008288288,-0.0735506,-0.0001423401,-0.001066667,-0.2743405,-0.07337167,2.363914e-07,-0.001066667,0,Horizontal Slash,0.4870869778096676,3.4765072435782103,1.3477667421102524,2.1902898896340917
-0.04121595,-0.07354974,7.117163e-05,-0.001066667,-0.2561894,0.03542824,-0.0001888953,-0.01546667,0,Horizontal Slash,0.4708316531032324,3.3621614001119995,1.4489737339317799,1.9794486120714414
-0.1908116,-0.07354945,-9.712467e-06,-0.001066667,-0.5915908,-0.07302384,-6.698721e-05,-0.0005338039,0,Horizontal Slash,0.5013836215948686,3.560899008433957,1.2601883560419083,2.3246961552574064
-0.3401515,-0.07355057,-0.0001417169,-0.001066667,-0.591924,-0.07301611,-3.163382e-07,-0.0005333334,0,Horizontal Slash,0.49241081206128,3.4884634272698234,1.3614446222782135,2.1617197315266146
-0.4907991,-0.07354946,-1.222694e-05,-0.001066667,-0.5521148,-0.07337905,-4.292507e-05,-0.002112181,0,Horizontal Slash,0.4531329609453678,3.3011920421163707,1.5289962012320757,1.8311249162627252
-0.4329468,-0.07354973,7.086438e-05,-0.001066667,-0.6011922,-0.07356592,0.0006836895,-0.001066406,0,Horizontal Slash,0.4795078635215759,3.4225901689156326,1.4308244362473488,2.035214206612292
-0.459486,-0.07354973,7.066822e-05,-0.001066667,-0.6308814,-0.06075972,-0.0001196735,-0.01946641,0,Horizontal Slash,0.4769639056175947,3.4086845122949327,1.4439386576414108,2.0086707401017976
-0.5676221,-0.07354974,7.066867e-05,-0.001066667,-0.6234497,-0.07240568,-0.0003711322,-9.32062e-05,0,Horizontal Slash,0.44956984743475914,3.291413581684244,1.5419497676193714,1.8085303220786133
-0.5014147,-0.07354944,4.856315e-06,-0.001066667,-0.7181875,-0.07339237,-6.15721e-06,-0.002083644,0,Horizontal Slash,0.4868310736492276,3.4685982403079065,1.3970095217227936,2.107753034682788
-0.6506822,-0.07355059,-0.0001416481,-0.001066667,-0.6980499,0.01272242,1.910967e-05,0.0002169434,1,Vertical Slash,0.4253356531262398,3.168930768423437,1.6215367019176483,1.6118816993312899
-0.5020954,-0.07355057,0.0001410022,-0.001066667,-0.6115755,-0.07014628,-7.088065e-05,0.001254236,0,Horizontal Slash,0.46554312109947205,3.3585902883437173,1.4877500208094716,1.9218537145442076
-0.6512722,-0.07354947,-2.365675e-05,-0.001066667,-0.7126752,-0.0735625,3.227606e-05,-0.002134189,0,Horizontal Slash,0.44795480370521545,3.2953522252874166,1.5469263158738613,1.8077918410321994
-0.5932841,-0.07354947,2.322969e-05,-0.001066667,-0.653329,-0.03931625,0.0003308866,-0.01878491,0,Horizontal Slash,0.4412127770483494,3.247387764289377,1.571182742714882,1.7372705174331484
-0.4432167,-0.07354944,9.743101e-06,-0.001066667,-0.6882225,-0.0729373,6.517222e-06,-0.0005258108,0,Horizontal Slash,0.49141481053084135,3.4889919035001227,1.3714334070682526,2.1505339087921986
-0.3472436,-0.07357863,0.0008893503,-0.001066792,-0.6212586,-0.0338807,0.0007397432,-0.01203229,0,Horizontal Slash,0.49211470130831003,3.476319545336968,1.3713790625333786,2.136956577801865
-0.4921095,-0.07355051,-0.0001374713,-0.001066667,-0.6725423,-0.0727097,0.0004762031,-0.00179207,0,Horizontal Slash,0.4809096474200487,3.434844764488727,1.4258121028542519,2.0499049001843606
-0.6205646,-0.07354973,7.116012e-05,-0.001066667,-0.7037038,-0.0735486,-0.0002379961,-0.001066308,0,Horizontal Slash,0.45553841069340706,3.3262202765970836,1.5224499125033617,1.8592224699071869
0.291,-0.061,0.0,0.0,-0.327,-0.065,0.0,0.0,0,Horizontal Slash,0.49116691015660763,3.5918649348147995,1.1586580276489258,2.481214298912053
0.291,-0.061,0.0,0.0,-0.327,-0.065,0.0,0.0,0,Horizontal Slash,0.49116691015660763,3.5918649348147995,1.1586580276489258,2.481214298912053
0.1417084,-0.07355104,-0.0001416711,-0.001066699,-0.1777084,-0.07354025,0.0001416711,-0.002132813,0,Horizontal Slash,0.4861779287457466,3.4957813648227245,1.3162295371294022,2.255047772431271
0.3689023,-0.06403591,0.001595509,-0.01380585,-0.23434,0.1042913,-0.0008096686,-0.003966402,0,Horizontal Slash,0.4917847430333495,3.5331563938255597,1.236201137304306,2.3539496482513815
0.2275505,-0.07354928,-0.0001341365,-0.001066571,-0.2983599,-0.02852629,-6.075205e-05,0.0009032015,0,Horizontal Slash,0.4933764529414475,3.560022147040589,1.2166108787059784,2.3949944482177647
0.07759127,-0.0735506,-0.0001423045,-0.001066667,-0.1493706,-0.07360177,0.0001413842,-0.002128225,0,Horizontal Slash,0.4777886103838682,3.443087687588132,1.3781137242913246,2.1471119444479343
0.2372432,0.302221,0.001079925,0.00770838,-0.2991738,0.1043148,-0.001023178,-0.003966116,0,Horizontal Slash,0.5014487566659227,3.4123884102114337,1.3374430537223816,2.0882488022760772
0.09332567,0.04562211,-0.0001365713,-0.03069162,-0.1549738,-0.02662178,0.0001368393,-0.005216943,0,Horizontal Slash,0.4805678781121969,3.3968040492431024,1.3987116888165474,2.063949662759382
0.01303432,-0.04858154,7.1158e-05,-0.01585419,-0.2912091,0.1794845,-0.001023167,-2.463125e-05,0,Horizontal Slash,0.4748534485697746,3.3344129923480077,1.4551155231893063,1.9320580713909152
-0.1359032,-0.07179667,-0.000141335,-0.001290887,-0.3562914,-0.06302413,-6.176026e-05,0.01333232,0,Horizontal Slash,0.4853333830833435,3.4504017162239253,1.3818622305989265,2.121354661816582
-0.2858982,-0.07355059,-0.0001423385,-0.001066666,-0.5058904,-0.05453331,-0.0001419627,-0.001866158,0,Horizontal Slash,0.4864297015592456,3.4485186012589137,1.394156128168106,2.0962400332457802
-0.435898,-0.07355059,-0.0001423433,-0.001066667,-0.6537617,0.1075738,0.000547175,-0.004100022,0,Horizontal Slash,0.465656403452158,3.3057880508842983,1.5082582598552108,1.8384509057167346
-0.5858979,-0.07355059,-0.0001423433,-0.001066667,-0.7110295,-0.02856412,-5.434453e-05,0.0009700116,0,Horizontal Slash,0.4604894891381264,3.332760269425464,1.5112008461728692,1.8716292791805929
-0.4887539,-0.07292739,0.0004847866,-0.0005206839,-0.6148165,-0.04284656,0.0005113581,-0.01366309,0,Horizontal Slash,0.46422170475125313,3.3436166547117736,1.4957430227659643,1.8982636572722054
-0.6356331,-0.07301621,-0.0001393817,-0.0005333303,-0.6295248,0.1448082,0.0004411903,-0.003001556,1,Vertical Slash,0.369723841547966,2.894735901163766,1.7596067488193512,1.2060554353127309
-0.6700145,0.02519534,-3.262663e-05,-0.01590785,-0.4780378,-0.01284303,0.0001437545,-0.0008992219,1,Vertical Slash,0.32860690355300903,2.7395833739810986,1.8345528542995453,0.9813984296295492
-0.6376612,-0.05950965,5.39291e-05,-0.006033661,-0.3331748,0.1206226,0.0002119746,-0.01131889,1,Walk Forward,0.23128041625022888,2.374170874363758,1.992621272802353,0.45064983112290363
-0.5142981,-0.07301566,-4.876531e-06,-0.000533312,-0.2716804,0.3573271,0.0001695687,-0.002909052,1,Walk Forward,0.19311478734016418,2.1872737504683606,2.0,0.19406776315273358
-0.1618224,-0.07362209,0.005999931,-0.002133334,-0.4208309,-0.03837476,-3.406035e-07,-0.001927263,0,Horizontal Slash,0.48880759347230196,3.461109246669833,1.3716503083705902,2.1346443714091876
-0.1310226,-0.06085084,0.0005788408,-0.01368072,-0.5309642,0.1890443,-0.001022843,0.0007305298,0,Horizontal Slash,0.4931194535456598,3.416728197655286,1.3934472426772118,2.0469486353297777
-0.2771511,-0.07397077,-0.0001389376,-0.003213761,-0.685346,-0.01734603,-0.0001465013,0.006834735,0,Horizontal Slash,0.5026197656989098,3.548706463994113,1.2822850495576859,2.2835574944670576
-0.4269119,-0.07399245,-0.0001423272,-0.003200054,-0.7120296,-0.05412129,2.881016e-05,0.005102633,0,Horizontal Slash,0.4953173943795264,3.5072165624246048,1.3498914539813995,2.1852670013706343
0.291,-0.061,0.0,0.0,-0.327,-0.065,0.0,0.0,0,Horizontal Slash,0.49116691015660763,3.5918649348147995,1.1586580276489258,2.481214298912053
0.291,-0.061,0.0,0.0,-0.327,-0.065,0.0,0.0,0,Horizontal Slash,0.49116691015660763,3.5918649348147995,1.1586580276489258,2.481214298912053
0.1417084,-0.07355104,-0.0001416711,-0.001066699,-0.327,-0.07354006,0.0,-0.002132813,0,Horizontal Slash,0.49455501371994615,3.5608573445270597,1.2261541187763214,2.3841449796081338
-0.008288288,-0.0735506,-0.0001423401,-0.001066667,-0.4762917,-0.07354976,-0.0001416711,-0.002133333,0,Horizontal Slash,0.4991063463385217,3.572463223707084,1.2226626873016357,2.3803368048909426
0.03028867,-0.07357043,0.0007264965,-0.00106664,-0.7023804,0.01356936,0.0009374508,-0.009302952,0,Horizontal Slash,0.4985452893888578,3.624770433095168,1.1261790990829468,2.500369116261367
-0.1153877,-0.07355054,-0.0001382402,-0.001066667,-0.6616343,-0.07072695,6.862204e-05,-0.004725738,0,Horizontal Slash,0.5014517415547743,3.606471270678745,1.1807984411716461,2.4395461788104558
-0.2653672,-0.07355059,-0.0001423239,-0.001066667,-0.7101446,-0.07372999,4.17982e-05,-0.002163527,0,Horizontal Slash,0.5032692595850676,3.5853597477333605,1.2349569499492645,2.3670812222512905
-0.4153671,-0.0735506,-0.0001423432,-0.001066667,-0.7099366,-0.07354967,1.973865e-07,-0.002133341,0,Horizontal Slash,0.4968271404504776,3.5221068448360637,1.3342209309339523,2.2156693883006535
-0.565367,-0.0735506,-0.0001423433,-0.001066667,-0.7189928,-0.06709491,0.0001447285,9.919666e-05,0,Horizontal Slash,0.473570816218853,3.404482192337153,1.4577502869069576,1.9913784398309387
-0.6451437,-0.07354973,7.117163e-05,-0.001066667,-0.7089549,-0.06635141,-0.0001234789,0.0008549515,0,Horizontal Slash,0.4478955566883087,3.2921325766618423,1.5480032861232758,1.8030470476439382
-0.5912417,-0.07354973,7.066748e-05,-0.001066667,-0.719927,-0.007432646,2.958769e-05,-0.01754505,0,Horizontal Slash,0.45557472109794617,3.3049824745630967,1.5298304352909327,1.8269707204580812
-0.6018798,-0.07354973,7.066867e-05,-0.001066667,-0.7227181,-0.03790503,0.0002288766,-0.0112391,0,Horizontal Slash,0.4590776860713959,3.331048081808835,1.5146283088251948,1.867969456059984
-0.60789,-0.07354944,4.856315e-06,-0.001066667,-0.6453394,0.01110444,7.542896e-05,0.0002828125,1,Vertical Slash,0.4244874194264412,3.1601613513477305,1.6233202740550041,1.6016850608403683
-0.4579419,-0.07354946,1.521428e-05,-0.001066667,-0.687601,-0.07336015,7.586785e-06,-0.001055145,0,Horizontal Slash,0.48927363753318787,3.477790913231061,1.38381839543581,2.1286944378105708
-0.6025908,-0.07358371,-0.001054996,-0.001066667,-0.5482571,0.1028126,0.001407242,-0.001055149,1,Vertical Slash,0.36361661553382874,2.8791240841489234,1.7687562704086304,1.1846311521853434
-0.4579128,-0.07354944,9.393198e-06,-0.001066667,-0.2913042,-0.02327107,1.668261e-05,0.007327576,1,Vertical Slash,0.35531221330165863,2.8844708507717858,1.770868867635727,1.2029867013162137
-0.3541049,-0.07390501,1.054382e-05,-0.001107292,-0.1415059,-0.07335141,1.522028e-05,-0.001046377,1,Vertical Slash,0.3459383696317673,2.873910314334483,1.7785004377365112,1.1982451380510715
-0.2041009,-0.07354944,9.738986e-06,-0.001066667,0.2584404,-0.03374697,2.596644e-05,0.0005231898,1,Vertical Slash,0.19424176216125488,2.359990727498009,2.0,0.4643624995905867
-0.05410085,-0.07354943,9.738724e-06,-0.001066667,0.158317,-0.07278911,-6.500494e-06,-0.002712899,1,Vertical Slash,0.33321285247802734,2.878472044005977,1.7737877368927002,1.2438978256801854
0.09589917,-0.07354945,9.738724e-06,-0.001066667,0.3089272,-0.06329556,0.0001662977,0.0104849,1,Vertical Slash,0.31958843767642975,2.8662625531231023,1.7815092504024506,1.2508297635203633
0.2458991,-0.07354944,9.738724e-06,-0.001066667,0.4596732,-0.07390501,9.78953e-06,-0.002277653,1,Vertical Slash,0.30093027651309967,2.8519883581798737,1.7938354015350342,1.2603631208058175
0.3958991,-0.07354944,9.738724e-06,-0.001066667,0.6486788,-0.07354235,0.0001793147,-0.001064926,1,Vertical Slash,0.25631536543369293,2.758112811406543,1.8514012098312378,1.1557636589040912
0.2305111,-0.07358851,-0.001196759,-0.001066667,0.599922,0.2297091,-0.0008481414,0.00344269,1,Vertical Slash,0.13656285405158997,2.211503793438336,2.0,0.30418481369560246
0.3744805,-0.07354943,9.347192e-06,-0.001066667,0.5956834,-0.001959092,-2.752378e-07,-0.006521347,1,Vertical Slash,0.2598177194595337,2.734932932957278,1.85601806640625,1.1087011395669706
0.5244787,-0.07354943,9.738595e-06,-0.001066667,0.5813023,-0.07335217,-0.0001254973,-0.002094712,1,Vertical Slash,0.3364321440458298,3.0560378571576843,1.6739945262670517,1.6327314740480958
0.291,-0.061,0.0,0.0,-0.327,-0.065,0.0,0.0,0,Horizontal Slash,0.49116691015660763,3.5918649348147995,1.1586580276489258,2.481214298912053
0.291,-0.061,0.0,0.0,-0.327,-0.065,0.0,0.0,0,Horizontal Slash,0.49116691015660763,3.5918649348147995,1.1586580276489258,2.481214298912053
0.1417084,-0.07355104,-0.0001416711,-0.001066699,-0.1777084,-0.07354025,0.0001416711,-0.002132813,0,Horizontal Slash,0.4861779287457466,3.4957813648227245,1.3162295371294022,2.255047772431271
0.1573889,-0.003193472,0.0006209926,-0.01025633,-0.2768824,-0.07197828,-0.001006719,0.0004052915,0,Horizontal Slash,0.4951600362546742,3.5299257557593737,1.256019338965416,2.3220520420109048
0.234012,-0.07278947,0.0008878916,-0.001736218,-0.3819975,-0.07361302,-0.001012142,-0.00107093,0,Horizontal Slash,0.49235421558842063,3.6007949612776744,1.1514921188354492,2.490633244300364
0.08913881,-0.07355052,-0.0001374781,-0.001066667,-0.5363261,-0.07355066,-0.0001464508,-0.001066667,0,Horizontal Slash,0.496237157844007,3.614791740139696,1.1419601440429688,2.494637847953894
-0.060837,-0.0735506,-0.0001423202,-0.001066667,-0.4503314,-0.07346287,8.175655e-05,7.333364e-05,0,Horizontal Slash,0.49833573831710964,3.545911986175752,1.2669322937726974,2.3145768817261887
0.01218036,-0.07197127,0.0008851751,-0.01427436,-0.5500299,-0.07376412,-0.001007002,-0.001231785,0,Horizontal Slash,0.49873911775648594,3.603387579807786,1.169405460357666,2.454555203356573
-0.1327063,-0.07309833,-0.0001374909,-0.0005432593,-0.4683099,-0.07296145,7.769269e-05,9.397343e-05,0,Horizontal Slash,0.4971577471587807,3.5253904288333744,1.3005083203315735,2.261214451972512
-0.1122873,-0.07356741,0.0006427487,-0.001066671,-0.5680286,-0.07376458,-0.001007021,-0.001231795,0,Horizontal Slash,0.5012211181456223,3.576720806858226,1.2280230820178986,2.3717895246109824
-0.02752339,-0.03411061,0.0009250031,-0.01204764,-0.6731451,-0.07377048,-0.001012144,-0.00123205,0,Horizontal Slash,0.49947843031259254,3.6228434071810898,1.1341005265712738,2.493204047796077
-0.1721402,-0.07283868,-0.0001373028,-0.0005058778,-0.52889,-0.07355051,0.0001368913,-0.001066667,0,Horizontal Slash,0.49920447665499523,3.5389877257296543,1.287246823310852,2.282153327177854
-0.1439836,-0.06557709,0.0006783945,-0.001068164,-0.6283142,-0.0737692,-0.001006742,-0.00123201,0,Horizontal Slash,0.5022851589601487,3.58772658533879,1.2133756577968597,2.3913974954645303
-0.2898993,-0.07355035,-0.0001384674,-0.001066655,-0.5465928,-0.07296018,7.769396e-05,9.400137e-05,0,Horizontal Slash,0.4926790879108012,3.4891054259430736,1.3560446798801422,2.1693602834777
-0.2085447,0.2268573,0.0008294904,0.003274947,-0.7148865,-0.07377224,-0.001220078,-0.001231795,0,Horizontal Slash,0.5110912444069982,3.527993814440549,1.257616937160492,2.248896962625354
-0.3537084,-0.04518551,-0.0001377539,0.01276253,-0.6342247,-0.07296039,7.668649e-05,9.397454e-05,0,Horizontal Slash,0.49529601633548737,3.495344291714018,1.3514519482851028,2.1723793718862794
-0.5035077,-0.05663387,-0.0001423216,-0.001581263,-0.6868188,-0.07104161,0.0005331244,-0.005332471,0,Horizontal Slash,0.48083811067044735,3.4280920282615868,1.429833509027958,2.037385223855303
-0.5686467,-0.07354958,7.117157e-05,-0.001066651,-0.627678,-0.07359029,0.0005957711,-0.002135787,0,Horizontal Slash,0.4504477120935917,3.2957621232298826,1.5390744060277939,1.8153574447642482
-0.3114971,-0.07301302,6.553152e-05,-0.0005331547,-0.6883947,-0.07354943,-4.96445e-06,-0.002133334,0,Horizontal Slash,0.5018402803689241,3.559631161703052,1.2767671793699265,2.304344600699184
0.291,-0.061,0.0,0.0,-0.327,-0.065,0.0,0.0,0,Horizontal Slash,0.49116691015660763,3.5918649348147995,1.1586580276489258,2.481214298912053
0.291,-0.061,0.0,0.0,-0.327,-0.065,0.0,0.0,0,Horizontal Slash,0.49116691015660763,3.5918649348147995,1.1586580276489258,2.481214298912053
0.1417084,-0.07355104,-0.0001416711,-0.001066699,0.0711111,0.06939992,0.0003777895,-0.01440001,1,Horizontal Slash,0.41213444620370865,3.152076635524008,1.596230573952198,1.67790328880121
0.4282698,-0.07386485,0.0001399984,-0.003551437,0.222858,-0.0733479,9.858165e-06,-3.72529e-10,0,Horizontal Slash,0.4464459456503391,3.390107840170545,1.4178500398993492,2.137366054423924
0.2796748,-0.07355056,-0.00014101,-0.001066666,-0.02591233,-0.03494795,-0.0002360718,-0.0184,0,Horizontal Slash,0.47444029338657856,3.45362310864785,1.3551988154649734,2.2037746237616807
0.2348449,-0.07354973,7.116848e-05,-0.001066667,0.04853434,-0.06896446,-0.0001883373,-0.001000001,0,Horizontal Slash,0.45961869135499,3.394041381115457,1.4191763624548912,2.0960646703297825
0.08590742,-0.07355057,-0.000141335,-0.001066667,-0.3740788,-0.0736091,-0.00139753,-0.002143537,0,Horizontal Slash,0.4962378724012524,3.5622606223620714,1.2291345596313477,2.37597847934919
-0.06408758,-0.07355058,-0.0001423385,-0.001066667,-0.132214,-0.06753051,0.0002295188,0.00787177,0,Horizontal Slash,0.4496875964105129,3.30288473196084,1.504739482421428,1.8885705727391846
-0.01612731,-0.07354973,7.117163e-05,-0.001066667,-0.5562034,0.3708972,-0.001411477,0.01012502,0,Horizontal Slash,0.4961513781454414,3.4000284611299425,1.3932729288935661,2.0223080858434153
-0.1650648,-0.07355057,-0.000141335,-0.001066667,-0.4139357,0.1722976,0.0001350056,-0.02827499,0,Horizontal Slash,0.4630580507218838,3.2756455250185352,1.5097514297813177,1.8161272907742816
-0.3150598,-0.0735506,-0.0001423385,-0.001066667,-0.4701515,-0.0041067,-5.334638e-05,-0.00836251,0,Horizontal Slash,0.46796416863799095,3.343442251470036,1.4805936366319656,1.9145152259181288
-0.3974851,-0.07354944,4.890878e-06,-0.001066667,-0.5710686,0.2805826,-9.55356e-05,-0.005958631,1,Vertical Slash,0.41738492250442505,3.0430849347136153,1.6557932943105698,1.4397265442866392
-0.2475093,-0.07354944,9.737149e-06,-0.001066667,-0.5715461,-0.006872753,-3.10031e-08,-0.01142069,0,Horizontal Slash,0.4956889753229916,3.4893696172448445,1.3470498919487,2.1716251147312984
-0.3967525,-0.07355059,-0.0001416251,-0.001066667,-0.6649761,-0.07335092,-0.000430464,-0.0009708637,0,Horizontal Slash,0.49432270461693406,3.5035492023500514,1.351815477013588,2.182725409423128
-0.1703462,-0.0646283,0.001544767,0.00307977,-0.67995,-0.07356385,0.000569193,-0.00106664,0,Horizontal Slash,0.5027362231630832,3.597788652921436,1.2009668350219727,2.4103337879628355
-0.3119504,-0.0735521,-0.0001343761,-0.001066804,-0.6771175,-0.07354944,2.687939e-06,-0.001066667,0,Horizontal Slash,0.5013483999064192,3.5544241564218098,1.2836083769798279,2.2933987901565254
-0.4625736,-0.07354945,-9.779173e-06,-0.001066667,-0.6771041,-0.07354944,8.722864e-10,-0.001066667,0,Horizontal Slash,0.48706298042088747,3.465604922664212,1.3956831619143486,2.1065009640604493
-0.611914,-0.07355057,-0.0001417172,-0.001066667,-0.5473947,0.03525048,0.0001888948,-0.01546667,1,Vertical Slash,0.37542662024497986,2.9469731362542833,1.7409898787736893,1.2837596515709495
-0.3671134,-0.07307197,0.0008981671,-0.0005291667,-0.6937651,-0.05409421,-0.0005370292,-0.009066666,0,Horizontal Slash,0.4985113344155252,3.525802995138417,1.3230915665626526,2.227909495133091
-0.5100013,-0.0730194,-0.0005242521,-0.0005333415,-0.5404009,0.003461139,0.0007254135,-0.000266665,1,Vertical Slash,0.42755620181560516,3.167061077194721,1.6123008131980896,1.619982224910695
-0.3628899,-0.07390495,9.565434e-06,-0.001758334,-0.387337,-0.003465629,9.970971e-06,-0.001260615,1,Horizontal Slash,0.4298362731933594,3.176909552886122,1.5983257591724396,1.6489454749577437
-0.5127935,-0.07301609,-9.732457e-06,-0.000533333,-0.2374115,-0.07337126,9.7388e-06,-0.001066252,1,Vertical Slash,0.31355392932891846,2.741200308075751,1.8499980866909027,0.9886985078785386
-0.3628908,-0.0730161,9.732405e-06,-0.0005333333,0.01249417,-0.06951241,1.62291e-05,-0.009466873,1,Vertical Slash,0.25780250132083893,2.556006957092191,1.9341069161891937,0.7315610927987894
-0.2128907,-0.07301611,9.738724e-06,-0.0005333333,0.03629423,-0.07354945,1.550274e-06,-0.001066667,1,Vertical Slash,0.3239058405160904,2.813818274162663,1.8080418407917023,1.1258307165340362
-0.06289068,-0.0730161,9.738724e-06,-0.0005333333,0.1862533,-0.07354943,9.736066e-06,-0.001066667,1,Vertical Slash,0.3152228742837906,2.814226791110462,1.8085491359233856,1.1475498771328254
0.006324359,0.1099172,-0.001759433,0.001066663,0.1187401,-0.0733927,-0.0006211714,-0.000226667,1,Vertical Slash,0.3727671951055527,2.956514943354563,1.6998401284217834,1.3724763640295525
0.1468604,-0.02501611,0.0001333624,-0.0005333314,0.5137601,0.0555672,0.0003748561,-0.01462667,1,Vertical Slash,0.19032657146453857,2.3945500020019383,2.0,0.5630228183774488
0.297235,-0.07337018,9.778844e-06,-0.001065169,0.5156335,-0.07130884,1.216478e-07,-0.0009141669,1,Vertical Slash,0.29069793224334717,2.8340583660665897,1.8051128089427948,1.2447289504027232
0.4465753,-0.07355057,0.0001417172,-0.001066667,0.59231,0.08148576,-0.0006916072,-0.00524419,1,Vertical Slash,0.27033282816410065,2.7637466142599023,1.834603875875473,1.1583130218724347
0.5972351,-0.07354944,9.781551e-06,-0.001066667,0.4389018,-0.07213024,-9.96e-06,-0.003544477,0,Horizontal Slash,0.41107191890478134,3.314368416519539,1.4826522450894117,2.0580316090715485
0.6255677,-0.07354973,7.081243e-05,-0.001066667,0.3572403,-0.02279775,-0.0001888712,-0.01794448,0,Horizontal Slash,0.43221885710954666,3.376082037013831,1.4240990206599236,2.1587310250007055
0.7005951,-0.07355934,-0.0004614986,-0.001066675,0.1762114,0.2156151,-0.001307874,0.0008650962,0,Horizontal Slash,0.46042080968618393,3.429113706841458,1.354379191994667,2.230975958680749
0.5490069,-0.07355062,-0.0001438504,-0.001066667,-0.07911654,0.2747773,-0.0002422947,-0.01753491,0,Horizontal Slash,0.4825696740299463,3.4679107156240296,1.3080652505159378,2.250286102820047
0.3989995,-0.07355059,-0.0001423504,-0.001066667,-0.08032228,0.02457275,-1.144205e-06,-0.0008325467,0,Horizontal Slash,0.48359353840351105,3.511032250689051,1.2745840549468994,2.3290198857124205
0.2483366,-0.07354944,-9.781759e-06,-0.001066667,-0.2301886,-0.0739219,-9.735933e-06,-0.002223983,0,Horizontal Slash,0.49058867432177067,3.556125073717557,1.2248859107494354,2.3970463722257787
0.09899628,-0.07355059,-0.0001417172,-0.001066667,0.01858236,-0.06640874,0.0002360724,0.007911993,0,Horizontal Slash,0.44338391348719597,3.3044376604636883,1.4987704135710374,1.9205872254012797
-0.05166339,-0.07354943,-9.781551e-06,-0.001066667,-0.1816738,0.07442284,-1.301906e-05,-0.02568801,0,Horizontal Slash,0.44208260253071785,3.2284509743989247,1.5466906614601612,1.763202168196204
-0.2016635,-0.07354943,-9.738736e-06,-0.001066667,-0.4373049,0.2666728,-0.0001099634,-0.009240853,1,Horizontal Slash,0.4450962655246258,3.1681452721157917,1.5753799602389336,1.6434675021381877
-0.05176087,-0.07354943,9.732402e-06,-0.001066667,-0.5877329,-0.02967902,-9.771248e-06,-0.01457958,0,Horizontal Slash,0.5014605202013627,3.5833559946918605,1.2070260643959045,2.3933649681376643
-0.2016636,-0.07354945,-9.732405e-06,-0.001066667,-0.7163147,-0.073905,4.869366e-06,-0.001069314,0,Horizontal Slash,0.502803384559229,3.60518390276899,1.1952311098575592,2.4229077678109956
-0.3516635,-0.07354943,-9.738724e-06,-0.001066667,-0.5663389,-0.07354945,9.737145e-06,-0.001066667,0,Horizontal Slash,0.4875323064625263,3.460909353543482,1.3894665613770485,2.110829094973046
-0.5010038,-0.07355057,-0.0001417171,-0.001066667,-0.6720957,-0.07340707,0.0003247338,-0.000325168,0,Horizontal Slash,0.4792235791683197,3.4271373162197123,1.4332751408219337,2.035860886623396
0.291,-0.061,0.0,0.0,-0.327,-0.065,0.0,0.0,0,Horizontal Slash,0.49116691015660763,3.5918649348147995,1.1586580276489258,2.481214298912053
0.291,-0.061,0.0,0.0,-0.327,-0.065,0.0,0.0,0,Horizontal Slash,0.49116691015660763,3.5918649348147995,1.1586580276489258,2.481214298912053
0.1417084,-0.07355104,-0.0001416711,-0.001066699,-0.1777084,-0.07354025,0.0001416711,-0.002132813,0,Horizontal Slash,0.4861779287457466,3.4957813648227245,1.3162295371294022,2.255047772431271
0.1261281,-0.06094258,0.000476963,-0.01365334,-0.2263292,0.09414945,-0.0007727597,-0.004562979,0,Horizontal Slash,0.4848780184984207,3.429335672475789,1.3750982210040092,2.1150452482841833
-0.02049233,-0.0739686,-0.0001394187,-0.003213333,-0.08088306,-0.04077699,0.0001380218,-0.007318512,0,Horizontal Slash,0.43969857320189476,3.2611576504089763,1.5322561152279377,1.8276707677207167
0.2621127,-0.07354975,7.39249e-05,-0.001066667,-0.1413132,-0.07300694,-4.890177e-06,-0.0005326461,0,Horizontal Slash,0.4866240806877613,3.5259372090946814,1.2690833359956741,2.3391412658456723
0.2171823,-0.06889046,0.0003378117,0.005090366,-0.1906633,0.06638847,-0.0007734518,-0.006163099,0,Horizontal Slash,0.4870268888771534,3.4693195408443978,1.3321157693862915,2.2053972222751357
0.06994773,-0.07390638,-0.0001400758,-0.001078692,-0.04522068,-0.06769603,0.0001380185,-0.01131845,0,Horizontal Slash,0.4534311592578888,3.3382116522460117,1.4727071430534124,1.9692659532256855
0.05850806,-0.07354973,7.116629e-05,-0.001066667,-0.25193,0.08154612,-0.0009382,-0.005375368,0,Horizontal Slash,0.4814150910824537,3.4103403014937705,1.399376392364502,2.0718493267606677
-0.06908774,-0.07354945,4.856235e-06,-0.001066667,-0.2541254,0.3208266,-0.000118427,-0.003858119,1,Vertical Slash,0.4159736707806587,3.0469829267492012,1.640496551990509,1.4737908141259228
0.08088786,-0.07354945,9.73714e-06,-0.001066667,-0.104766,0.01417532,9.697133e-06,-0.007670943,0,Horizontal Slash,0.4614012949168682,3.3461352612904185,1.4595965705811977,1.9760925141507777
0.268813,-0.07356463,0.001135909,-0.001064011,-0.2844675,-0.073612,-0.0009859583,-0.001070897,0,Horizontal Slash,0.4910790594294667,3.579372129365022,1.1852855384349823,2.4509207999005094
0.125174,-0.07355051,-0.0001363069,-0.001066667,-0.2416356,-0.0733723,4.089237e-05,-0.001067124,0,Horizontal Slash,0.4908040687441826,3.52093108002074,1.2852355241775513,2.299597490048685
0.2248378,-0.06703912,0.001007835,-0.001155356,-0.2907578,0.084525,-0.0007732356,-0.005096342,0,Horizontal Slash,0.49445365415886045,3.514488482426404,1.2737561613321304,2.2890023117112652
0.08056152,-0.0735504,-0.0001369117,-0.00106666,-0.1453141,-0.0583648,0.0001380195,-0.009451831,0,Horizontal Slash,0.47605148889124393,3.4308788052791783,1.3890138193964958,2.1247817288191073
0.2869925,-0.06839882,0.001299044,0.00285829,-0.2887019,0.03915487,-0.0009862613,-0.008103764,0,Horizontal Slash,0.49336598673835397,3.5483102355581795,1.2243789732456207,2.3744894394046994
0.1441654,-0.07355331,-0.0001355365,-0.002133708,-0.1443183,-0.06786071,0.0001370136,0.0003740597,0,Horizontal Slash,0.48268081061542034,3.4760410759547433,1.3388678431510925,2.2186461106016573
0.1335718,-0.0735614,0.0004998264,-0.001066664,-0.1929622,0.09809692,-0.0007727816,-0.004336164,0,Horizontal Slash,0.4794351998716593,3.4079590921811302,1.397489257156849,2.0796439883538955
-0.01323256,-0.07355054,-0.0001393107,-0.001066667,-0.3460995,-0.04547257,-0.0001453204,-0.007431919,0,Horizontal Slash,0.4928882494568825,3.5008414463154294,1.3182680755853653,2.2316756314363566
0.02484982,-0.07324105,0.0007241628,-0.001298844,-0.3961484,0.111701,-0.000774115,-0.004313719,0,Horizontal Slash,0.49486793810501695,3.4698713067305187,1.339187741279602,2.1670650235280533
-0.1208381,-0.07355053,-0.0001382513,-0.001066667,-0.250709,-0.0261437,0.0001380154,-0.005043142,0,Horizontal Slash,0.4617810845375061,3.332969314567319,1.4803854692727327,1.9245634367407278
0.291,-0.061,0.0,0.0,-0.327,-0.065,0.0,0.0,0,Horizontal Slash,0.49116691015660763,3.5918649348147995,1.1586580276489258,2.481214298912053
0.291,-0.061,0.0,0.0,-0.327,-0.065,0.0,0.0,0,Horizontal Slash,0.49116691015660763,3.5918649348147995,1.1586580276489258,2.481214298912053
0.1417084,-0.07355104,-0.0001416711,-0.001066699,0.0711111,0.06939992,0.0003777895,-0.01440001,1,Horizontal Slash,0.41213444620370865,3.152076635524008,1.596230573952198,1.67790328880121
0.2902952,-0.07355057,0.000141002,-0.001066667,0.07297786,-0.0716788,1.784062e-06,0.004799999,0,Horizontal Slash,0.46211327239871025,3.416418901663295,1.3961004987359047,2.1472370297953836
0.1417052,-0.07355057,-0.0001410052,-0.001066667,-0.1758327,0.08192114,-0.00023611,-0.0136,0,Horizontal Slash,0.47819011844694614,3.4081815493559358,1.3980994746088982,2.0830532194591984
0.1072667,-0.07391275,0.0003905984,-0.002766851,-0.1546815,-0.03569115,-0.0004444182,-0.01135591,0,Horizontal Slash,0.47898219525814056,3.4419473136869816,1.3750788941979408,2.1467982479983605
-0.04008119,-0.07355057,-0.0001398265,-0.001066667,-0.4906635,-0.01167573,-0.001539896,-0.01033928,0,Horizontal Slash,0.5000658597200527,3.544401692957406,1.2621812671422958,2.309801168101404
-0.1900687,-0.07355058,-0.0001423314,-0.001066667,-0.7114748,-0.05054835,0.0001216952,-0.00243036,0,Horizontal Slash,0.5032103259582072,3.598422084746414,1.202541708946228,2.4074224639516477
-0.3400686,-0.07355059,-0.0001423432,-0.001066667,-0.7108766,-0.07335026,5.746896e-07,-0.001045253,0,Horizontal Slash,0.5017624041065574,3.559394473261171,1.2808426469564438,2.2999200810401805
-0.4900685,-0.07355059,-0.0001423433,-0.001066667,-0.3127626,0.03596356,0.0003777922,-0.01544526,1,Vertical Slash,0.3283143639564514,2.76213063983951,1.826944351196289,1.0205368951951665
-0.3408286,-0.07354943,9.689372e-06,-0.001066667,-0.4608257,-0.07327498,-9.612962e-06,0.0002346711,0,Horizontal Slash,0.4697679430246353,3.3718838366333626,1.4653515815734863,1.9610999445072161
-0.4900721,-0.07355058,-0.0001416253,-0.001066667,-0.6555225,0.06675702,0.0001889174,-0.01416533,0,Horizontal Slash,0.45632968842983246,3.277037087805568,1.535137765109539,1.7898346269392966
-0.3414853,-0.07355057,0.0001410023,-0.001066667,-0.6332964,-0.02945201,0.0001176131,0.001882667,0,Horizontal Slash,0.4945769333280623,3.489857693529467,1.3569464981555939,2.1619088575759022
-0.4900752,-0.07355057,-0.0001410052,-0.001066667,-0.2346001,0.1501319,0.0003783449,-0.01251734,1,Walk Forward,0.25371240079402924,2.4576005072571325,1.9520035684108734,0.5775741953349927
-0.4330962,-0.07357849,-0.0004286002,-0.001066667,-0.3826651,-0.07370278,-3.382198e-07,-0.002150552,1,Vertical Slash,0.41672879457473755,3.1437161718942828,1.6287497580051422,1.5933578692708434
-0.5851899,-0.07354945,-9.87465e-06,-0.001066667,0.01717103,-0.03077138,2.596139e-05,-0.001324722,1,Walk Forward,0.11779341101646423,2.0360562388520287,2.0,0.0
-0.2028291,0.1019172,0.003518004,0.0005333293,0.399703,0.1410825,0.00351958,0.000275274,1,Walk Forward,0.04810810089111328,1.7711441983050653,2.0,0.0
0.167261,-0.07360371,0.005999972,-0.001061979,0.267305,-0.07246988,-3.023533e-07,-0.001658602,1,Vertical Slash,0.3669808357954025,3.049870896736172,1.674778938293457,1.540311311325924
0.3464109,-0.07355107,0.0001700051,-0.001066667,0.4454398,0.02212359,0.0001888954,-0.01605861,1,Vertical Slash,0.3222094625234604,2.9178799907851403,1.7486228346824646,1.3698736572163668
0.4972119,-0.07354944,9.790732e-06,-0.001066667,0.6569661,-0.07390501,-5.980588e-05,0.00103405,1,Vertical Slash,0.2897408753633499,2.89987694639465,1.7721507251262665,1.3901744894789447
0.5290689,-0.07354944,-4.869371e-06,-0.001066667,0.6985925,-0.03480082,8.122674e-06,-0.003317024,1,Vertical Slash,0.2692771404981613,2.832485038634044,1.8096889555454254,1.2929504285522733
0.6332909,-0.07354945,-4.866991e-06,-0.001066667,0.7046055,-0.07229441,-1.671492e-05,-0.002113819,1,Vertical Slash,0.3085716813802719,3.005137612158171,1.7088529467582703,1.5839342659513682
0.590479,-0.07354973,-7.082403e-05,-0.001066667,0.6887103,-0.07303427,0.000322072,-0.000534498,1,Vertical Slash,0.3037639856338501,2.975740004178371,1.7270594090223312,1.5280271326234307
0.5897976,-0.07354945,-4.856288e-06,-0.001066667,0.6911319,-0.05271934,-2.041307e-06,-0.007332751,1,Vertical Slash,0.29700155556201935,2.947112827375836,1.743507742881775,1.4816390594825584
0.56589,-0.07354944,-4.866994e-06,-0.001066667,0.6457191,-0.06379272,-6.360399e-05,0.0005172368,1,Vertical Slash,0.31616152822971344,3.0028620138275097,1.7085594087839127,1.561333370979089
0.5359828,-0.07354973,-7.082403e-05,-0.001066667,0.6559638,0.177656,-0.0003724664,0.0002216969,1,Vertical Slash,0.2475506067276001,2.690299232138769,1.8696227967739105,1.0612964612461262
0.6855803,-0.07354943,9.712576e-06,-0.001066667,0.654102,0.007841741,-1.208723e-07,-0.003544576,0,Horizontal Slash,0.33305996656417847,3.0714956874155037,1.659914717078209,1.6875948284927391
0.6417064,-0.07354943,-4.869358e-06,-0.001066667,0.632712,0.3470124,-9.468344e-05,-0.005423199,1,Vertical Slash,0.2577333599328995,2.703507158759071,1.8515213429927826,1.0867427626038597
0.6636798,-0.07354944,-4.866991e-06,-0.001066667,0.5434459,0.007777122,-1.296539e-05,-0.03902321,0,Horizontal Slash,0.3710334450006485,3.181044297731984,1.582500897347927,1.85019589085108
0.6783264,-0.07354949,2.901894e-05,-0.001066667,0.5240741,-0.04602497,-2.90017e-05,-0.0204884,0,Horizontal Slash,0.39169275015592575,3.2676942609707575,1.5190994013100863,2.000830716344767
0.6399958,-0.07355052,0.0001382168,-0.001066667,0.5228894,-0.07390732,-0.0001826839,-0.001079467,0,Horizontal Slash,0.39064062386751175,3.2624133724748403,1.5251696947962046,1.9867841748613617
0.291,-0.061,0.0,0.0,-0.327,-0.065,0.0,0.0,0,Horizontal Slash,0.49116691015660763,3.5918649348147995,1.1586580276489258,2.481214298912053
0.291,-0.061,0.0,0.0,-0.327,-0.065,0.0,0.0,0,Horizontal Slash,0.49116691015660763,3.5918649348147995,1.1586580276489258,2.481214298912053
0.1417084,-0.07355104,-0.0001416711,-0.001066699,-0.4762917,-0.07354024,-0.0001416711,-0.002132813,0,Horizontal Slash,0.49503895454108715,3.6083660889883906,1.147429496049881,2.4894602882877517
-0.008288288,-0.0735506,-0.0001423401,-0.001066667,-0.6262884,-0.07354977,-0.0001423401,-0.002133333,0,Horizontal Slash,0.4984234838047996,3.6204153376765347,1.1436633169651031,2.4909774162593643
-0.1582883,-0.0735506,-0.0001423433,-0.001066667,-0.6968529,-0.07354947,7.117163e-05,-0.002133333,0,Horizontal Slash,0.5020698439329863,3.6089466216956225,1.1828487813472748,2.4387400524320566
-0.3082883,-0.0735506,-0.0001423433,-0.001066667,-0.6621014,-0.0735495,7.066748e-05,-0.002133333,0,Horizontal Slash,0.5007353092660196,3.548222039153017,1.2909924536943436,2.2811193600861173
-0.2477711,-0.073507,0.0008287259,-0.0009972267,-0.7140512,-0.07302258,0.0004575384,-0.000533417,0,Horizontal Slash,0.5033262819051743,3.5918968147255828,1.2226262390613556,2.3846174202243247
-0.3929387,-0.07355052,-0.0001377575,-0.001066667,-0.6891206,-0.07281928,3.69538e-05,0.0001041772,0,Horizontal Slash,0.4970611638855189,3.5217258307481547,1.3319476395845413,2.21758176162725
-0.542916,-0.0735506,-0.0001423216,-0.001066667,-0.6373384,-0.07356078,0.0004931668,-0.001066642,0,Horizontal Slash,0.4610977806150913,3.3424050308484907,1.5035633612424135,1.8919567014421794
-0.3178388,-0.07351741,6.917078e-05,-0.002131192,-0.6922765,-0.07354943,-4.947802e-06,-0.001066667,0,Horizontal Slash,0.5018198788166046,3.5596054143448566,1.277636006474495,2.303446907352367
-0.2022993,-0.05487896,0.00107724,-0.01325211,-0.6989771,-0.0735594,0.000457717,-0.001066642,0,Horizontal Slash,0.5035058215726167,3.5958283895085965,1.2057326138019562,2.401297214250411
-0.3460544,-0.0733649,-0.0001365839,-0.002108968,-0.5474079,-0.07355061,0.0001438326,-0.001066667,0,Horizontal Slash,0.485568861477077,3.449915793354716,1.3991311565041542,2.092227658571413
-0.3218004,-0.07355638,0.0003744232,-0.001066645,-0.7184616,-0.07356517,0.0005641285,-0.001066642,0,Horizontal Slash,0.5026415567845106,3.570045125452157,1.2643747180700302,2.325100622847962
-0.2855795,-0.07342982,0.0007062336,-0.0003260617,-0.6870983,-0.07355936,0.0004563733,-0.001066642,0,Horizontal Slash,0.502515458734706,3.568976516460303,1.2609827518463135,2.327919958570326
-0.4313568,-0.07301518,-0.0001383359,-0.0005332828,-0.6679372,-0.07354973,6.975797e-05,-0.001066667,0,Horizontal Slash,0.49040038883686066,3.4817775171405443,1.3771616220474243,2.138790023772249
-0.3210509,-0.07199658,0.0009091832,0.0004069509,-0.6668255,-0.07356367,0.000564041,-0.001066642,0,Horizontal Slash,0.5003761624393519,3.5443586246491523,1.297102376818657,2.271502955867139
-0.4658181,-0.07355053,-0.0001373776,-0.001066667,-0.7129074,-0.0735336,3.670232e-05,-0.002185415,0,Horizontal Slash,0.4914484368637204,3.491691350160054,1.371306911110878,2.1530130516927373
-0.6157934,-0.07355059,-0.0001423198,-0.001066667,-0.6744824,-0.07295762,-0.0002547836,-0.001752663,0,Horizontal Slash,0.44859927892684937,3.292969201956358,1.5451700128614902,1.8069009356252703
-0.401231,-0.0679272,0.0007735442,0.005159971,-0.6041152,-0.07356366,0.0005636579,-0.001066642,0,Horizontal Slash,0.4852022873237729,3.448485270133396,1.404674470424652,2.0831300402133768
-0.3073884,-0.0727389,0.0007078829,-0.0003931606,-0.6891552,-0.07356369,0.000564624,-0.001066642,0,Horizontal Slash,0.5020236801356077,3.561595497879824,1.2736040204763412,2.3090655894844594
-0.4531573,-0.07355053,-0.0001383282,-0.001066667,-0.7017602,-0.07353361,3.670094e-05,-0.002185415,0,Horizontal Slash,0.49174846801906824,3.492191995836813,1.3694169074296951,2.1553128525401024
0.291,-0.061,0.0,0.0,-0.327,-0.065,0.0,0.0,0,Horizontal Slash,0.49116691015660763,3.5918649348147995,1.1586580276489258,2.481214298912053
0.291,-0.061,0.0,0.0,-0.327,-0.065,0.0,0.0,0,Horizontal Slash,0.49116691015660763,3.5918649348147995,1.1586580276489258,2.481214298912053
0.1417084,-0.07355104,-0.0001416711,-0.001066699,-0.3847266,-0.07265045,-5.496544e-05,-0.0003450001,0,Horizontal Slash,0.4954078420996666,3.5803626536414765,1.194714367389679,2.426220376102999
-0.008288288,-0.0735506,-0.0001423401,-0.001066667,-0.1361807,-0.04253051,0.0002358588,-0.01874501,0,Horizontal Slash,0.4574635326862335,3.3337571837280895,1.4767808187752962,1.9453148711784094
-0.1582883,-0.0735506,-0.0001423433,-0.001066667,-0.5397326,-0.0133859,-0.0009533187,-0.01064374,0,Horizontal Slash,0.4992839375627227,3.521094950252307,1.3036711812019348,2.2445576433152867
-0.3082883,-0.0735506,-0.0001423433,-0.001066667,-0.5444595,-0.07246913,-4.501922e-06,-0.002269533,0,Horizontal Slash,0.4901741435751319,3.4744182433743953,1.3725169152021408,2.1402675944389977
-0.4582882,-0.0735506,-0.0001423433,-0.001066667,-0.6601123,-0.01134482,0.0007033337,-0.01068945,0,Horizontal Slash,0.4778055101633072,3.3993027133224905,1.4478788524866104,1.9912255473366383
-0.6082881,-0.0735506,-0.0001423433,-0.001066667,-0.4077927,-0.04651199,0.0002394398,-0.002255275,1,Vertical Slash,0.3394785672426224,2.829021293349436,1.8086882531642914,1.11028745771206
-0.4597048,-0.07355057,0.0001409989,-0.001066667,-0.008490141,0.03376134,0.0003789202,-0.01665528,1,Walk Forward,0.18269899487495422,2.2510107271064146,2.0,0.2823122924687277
-0.0591298,-0.03328213,2.600726e-05,0.0005333353,-0.1564356,-0.07320799,-9.612597e-06,0.000459045,0,Horizontal Slash,0.45731156691908836,3.3194329335798605,1.4858316900208592,1.9159813975272044
-0.2086074,-0.07359868,-9.727124e-06,-0.002136979,-0.4064025,-0.04651627,-1.622906e-05,-0.005429522,0,Horizontal Slash,0.4809157531708479,3.419746958370215,1.4142605289816856,2.056555349179398
-0.3579475,-0.07354982,-0.000141717,-0.002133335,-0.682712,-0.04242488,0.0001889331,-0.01982953,0,Horizontal Slash,0.49763554404489696,3.5155377340862333,1.332557737827301,2.20880799822193
-0.5079445,-0.07354978,-0.0001423403,-0.002133334,-0.6804547,0.006454451,0.0002929558,-0.01170023,0,Horizontal Slash,0.4679875448346138,3.3504043137193023,1.4887762116268277,1.9060430342973413
-0.6579447,-0.07354978,-0.0001423433,-0.002133334,-0.6006727,0.4853056,0.0006510522,0.01760259,1,Walk Forward,0.23708608746528625,2.310070110961097,1.983412653207779,0.3680459394135354
-0.306156,-0.07308875,0.005999929,-0.0005333334,-0.5974735,0.0856251,7.433707e-09,0.005598708,0,Horizontal Slash,0.4857330098748207,3.4067484279921074,1.4229018911719322,2.015346047000838
-0.4255897,-0.07301627,-0.0001133372,-0.0005333334,-0.348654,0.2583941,0.0002361185,-0.0128013,1,Vertical Slash,0.3126564770936966,2.642176155710903,1.8571151494979858,0.8498232966999896
-0.2762049,-0.07301611,9.698781e-06,-0.0005333334,-0.7113897,0.01196887,1.294243e-05,0.006400649,0,Horizontal Slash,0.5034195736516267,3.5472957896452924,1.281740888953209,2.2793014093440287
-0.4254484,-0.07301633,-0.0001416253,-0.0005333334,-0.3132143,0.2999844,0.0003778505,-0.007999357,1,Walk Forward,0.28291238844394684,2.523658163509379,1.9049557149410248,0.6781282089104153
-0.276205,-0.07301611,9.689603e-06,-0.0005333334,-0.311327,0.0008199446,1.226195e-07,0.006400162,1,Horizontal Slash,0.43334420770406723,3.193354586596356,1.5834238827228546,1.6834410774151911
-0.4261079,-0.07301611,-9.732422e-06,-0.0005333334,0.0885438,0.08722568,2.596154e-05,-0.02719984,1,Walk Forward,0.12685906887054443,2.051457091376497,2.0,0.001903712851567306
-0.03741419,0.1104505,0.002251527,-0.002133337,-0.05710796,0.02712288,-0.0008436944,-8.009374e-08,1,Vertical Slash,0.4101245477795601,3.050258254036873,1.6359425336122513,1.4994615563753775
0.1228916,-0.02554961,0.0001903795,-0.002133331,-0.06130152,-0.07064848,-4.980295e-06,0.002799981,0,Horizontal Slash,0.46818404644727707,3.388402896924244,1.420139692723751,2.061674298495613
0.07924632,-0.07390501,4.836891e-06,-0.001067415,-0.3490699,-0.069621,-9.935716e-05,-0.008154904,0,Horizontal Slash,0.495539132039994,3.5484677157635764,1.2501481175422668,2.345213616429162
-0.07002126,-0.07355057,-0.0001416482,-0.001066667,-0.5983838,-0.06458891,-0.0002365876,-0.005922548,0,Horizontal Slash,0.5009564093197696,3.594775275745038,1.193634808063507,2.419131145310938
-0.2200178,-0.0735506,-0.00014234,-0.001066667,-0.5995319,-0.07304518,-1.117254e-06,-0.0005354712,0,Horizontal Slash,0.5010361075401306,3.5537609512880826,1.27329820394516,2.305197727709634
-0.2531879,-0.07146333,0.0001017136,0.001698648,-0.5851113,-0.07355458,-0.0001190945,-0.001067202,0,Horizontal Slash,0.49890079360920936,3.5314998790193544,1.304960921406746,2.2550634080997023
-0.4019734,-0.0730076,-0.0001411907,-0.0005328607,-0.7175101,-0.07354973,7.111674e-05,-0.001066667,0,Horizontal Slash,0.498605850036256,3.5340835093807867,1.319208785891533,2.2405634322317916
-0.5519678,-0.07301631,-0.0001423378,-0.0005333332,-0.6447049,0.3223334,0.0003765361,0.008887222,1,Vertical Slash,0.36735011637210846,2.833833006462315,1.7685253322124481,1.1231293505255848
-0.4033845,-0.07301632,0.0001409989,-0.0005333333,-0.5645369,0.6700266,0.0001880057,-0.005512785,1,Walk Forward,0.29549260437488556,2.4820795974009227,1.8854901790618896,0.6272605109123298
-0.05017926,-0.07362209,0.005999933,-0.002133334,-0.5635968,0.05230527,2.146648e-09,-0.01404361,0,Horizontal Slash,0.502342103747651,3.5453925449275108,1.257021963596344,2.3053887262940633
-0.1696129,-0.07354967,-0.0001133372,-0.002133334,-0.5635968,-0.06061409,1.013726e-11,0.001289098,0,Horizontal Slash,0.5008452273905277,3.5515151730795487,1.269531175494194,2.30742520188716
-0.3201309,-0.07354945,-9.772344e-06,-0.002133334,-0.5635968,-0.07301747,3.28973e-15,-0.0005333889,0,Horizontal Slash,0.4913646783679724,3.4816290485105155,1.366413488984108,2.1518221193427673
-0.4694712,-0.07354977,-0.0001417172,-0.002133334,-0.599401,-0.07291412,0.0006658815,-0.0005181556,0,Horizontal Slash,0.47127280570566654,3.383997711190576,1.4654708504676819,1.966811761855907
-0.6194681,-0.07354978,-0.0001423403,-0.002133334,-0.6625634,0.01109937,0.000116487,0.002259079,1,Vertical Slash,0.4263629615306854,3.169658078627398,1.6184765622019768,1.6152084394119388
-0.7182673,-0.07354945,-2.445439e-06,-0.002133334,-0.6619816,-0.07347407,3.780221e-08,-0.002170596,1,Vertical Slash,0.4041159674525261,3.109703178248001,1.669598564505577,1.5181107307197736
-0.6931827,-0.07354943,3.541487e-05,-0.002133334,-0.2638704,0.008831521,0.0003777897,-0.0165706,1,Walk Forward,0.19636544585227966,2.285971800838323,2.0,0.319077834689706
-0.5430543,-0.07354945,9.747056e-06,-0.002133334,-0.3790695,-0.07298486,0.0001099477,-0.0005308686,1,Vertical Slash,0.36699919402599335,2.944005156351721,1.7486196011304855,1.2845462801771885
0.291,-0.061,0.0,0.0,-0.327,-0.065,0.0,0.0,0,Horizontal Slash,0.49116691015660763,3.5918649348147995,1.1586580276489258,2.481214298912053
0.291,-0.061,0.0,0.0,-0.327,-0.065,0.0,0.0,0,Horizontal Slash,0.49116691015660763,3.5918649348147995,1.1586580276489258,2.481214298912053
0.1417084,-0.07355104,-0.0001416711,-0.001066699,-0.4762917,-0.07354024,-0.0001416711,-0.002132813,0,Horizontal Slash,0.49503895454108715,3.6083660889883906,1.147429496049881,2.4894602882877517
-0.008288288,-0.0735506,-0.0001423401,-0.001066667,-0.5431935,-0.07374179,-6.348667e-05,-0.002163325,0,Horizontal Slash,0.49941346561536193,3.5951249248693276,1.1863085329532623,2.431345692038694
-0.1582883,-0.0735506,-0.0001423433,-0.001066667,-0.3942177,-0.07355001,0.0001413713,-0.002133341,0,Horizontal Slash,0.48791031539440155,3.4662101728353107,1.3687809109687805,2.1467131880895596
-0.08813329,-0.07360952,0.0007181966,-0.002144209,-0.4595591,-0.07349763,-0.0006570675,-0.0003322386,0,Horizontal Slash,0.4981866675661877,3.5401620393302435,1.2774478197097778,2.2982060091850647
-0.233851,-0.07354985,-0.0001382795,-0.002133336,-0.6121205,-0.07301526,-0.0001447739,-0.0005332843,0,Horizontal Slash,0.5011876061325893,3.5544918017537954,1.2739122360944748,2.3046948583973945
-0.2455005,-0.07350495,0.0004950116,-0.002129426,-0.5907153,-0.07365807,-0.0004449108,-0.002735523,0,Horizontal Slash,0.4996517086401582,3.5391367795269146,1.2950521260499954,2.27154995649919
-0.2345654,-0.07298053,3.952731e-05,-0.0005300075,-0.5168034,-0.07354963,-6.045639e-05,-0.001066665,0,Horizontal Slash,0.4946793564595282,3.502202662329826,1.3369896560907364,2.2013068565121263
-0.2442176,-0.06411308,0.0005009769,0.00312485,-0.5475603,-0.07333659,-0.0006565909,-0.0009913931,0,Horizontal Slash,0.4967176930513233,3.5118787770131275,1.3256866484880447,2.2181305548638344
-0.35886,-0.07337146,1.001208e-05,-0.001066445,-0.5285078,-0.07274833,-0.0004473278,-0.0004171957,0,Horizontal Slash,0.4800197687000036,3.4214767127071406,1.4255364015698433,2.041670754593431
-0.5081018,-0.07355058,-0.0001416238,-0.001066667,-0.6814028,-0.07361747,0.0003648408,-0.002733708,0,Horizontal Slash,0.47935806028544903,3.428738895526205,1.4326385706663132,2.037923109574688
-0.4360802,-0.07297385,3.577658e-05,-0.0005295744,-0.712314,-0.07354949,3.748728e-05,-0.001066665,0,Horizontal Slash,0.4950030199252069,3.5111295757030283,1.3482534438371658,2.1923506145572706
-0.5851938,-0.07301629,-0.0001415021,-0.0005333325,-0.6734957,-0.07124325,0.0002772889,0.001171143,0,Horizontal Slash,0.45798132196068764,3.331870546056343,1.5148048177361488,1.871174112701082
-0.3672939,-0.05772952,0.001014649,-0.01346532,-0.653375,-0.07294228,0.0003286942,-0.0005264016,0,Horizontal Slash,0.4969279747456312,3.5112187551891405,1.3372225612401962,2.201057809338312
0.291,-0.061,0.0,0.0,-0.327,-0.065,0.0,0.0,0,Horizontal Slash,0.49116691015660763,3.5918649348147995,1.1586580276489258,2.481214298912053
0.291,-0.061,0.0,0.0,-0.327,-0.065,0.0,0.0,0,Horizontal Slash,0.49116691015660763,3.5918649348147995,1.1586580276489258,2.481214298912053
0.1417084,-0.07355104,-0.0001416711,-0.001066699,-0.2740198,-0.07334994,5.054858e-05,-0.001044609,0,Horizontal Slash,0.492803034838289,3.540793879500351,1.2563479393720627,2.342535703923357
-0.008951082,-0.07354943,-9.781535e-06,-0.001066667,-0.3250642,-0.0733411,-3.318951e-06,-0.002106017,0,Horizontal Slash,0.4921635203063488,3.505809165012282,1.3142079859972,2.2445222524011132
-0.1589049,-0.07354946,-1.902097e-05,-0.001066667,-0.4580971,-0.07355077,-0.0001525212,-0.001066667,0,Horizontal Slash,0.4949112660251558,3.507614382515408,1.3242228627204895,2.22278979680282
-0.210061,-0.07355845,0.0004224802,-0.001066667,-0.3883183,0.1013825,-0.001123754,-0.002666671,0,Horizontal Slash,0.45820729434490204,3.2720976209826627,1.5194890350103378,1.808545302359745
-0.3572502,-0.07355055,-0.000139676,-0.001066667,-0.462693,-0.02850869,-7.057824e-05,0.004543336,0,Horizontal Slash,0.46018576994538307,3.315051564152523,1.5063134864903986,1.8652566675871696
-0.5072369,-0.0735506,-0.0001423307,-0.001066667,-0.7118636,0.1189313,-0.0002364517,-0.01385667,0,Horizontal Slash,0.4570793956518173,3.268749832436689,1.5384113863110542,1.7746469391339947
-0.6572368,-0.07355059,-0.0001423432,-0.001066667,-0.7130361,-0.03497145,-1.116612e-06,-0.009871668,0,Horizontal Slash,0.4371514692902565,3.2363166284807035,1.583757184445858,1.7149652065217031
-0.5086536,-0.07355058,0.0001409989,-0.001066667,-0.5294315,-0.003450676,0.0001888974,-0.007064165,1,Vertical Slash,0.42486990988254547,3.1579287130693845,1.618500329554081,1.6064461803943941
-0.6572436,-0.07355057,-0.0001410052,-0.001066667,-0.6086514,-0.00309518,-7.517621e-05,-0.001066666,1,Vertical Slash,0.3924000486731529,3.031909785429506,1.7023082822561264,1.4060986102453497
-0.507997,-0.07354943,9.689803e-06,-0.001066667,-0.6988813,-0.07322292,-5.858818e-06,-0.0009179165,0,Horizontal Slash,0.482607901096344,3.4459174158805306,1.4179083928465843,2.0673823473673316
-0.6572405,-0.07355057,-0.0001416253,-0.001066667,-0.71527,-0.07212786,0.0001736631,0.001028497,0,Horizontal Slash,0.446783110499382,3.290351667005521,1.5507937408983707,1.7993659946561629
-0.5096143,-0.07354848,8.478408e-05,-0.002133277,-0.6505318,-0.06142027,7.989939e-05,0.003624278,0,Horizontal Slash,0.47181066684424877,3.387185772488983,1.4656693674623966,1.9676622205037804
-0.266029,-0.07358931,0.001281453,-0.001066477,-0.7184678,-0.06486172,0.0001811548,-0.001084496,0,Horizontal Slash,0.5034698881208897,3.5851474490616972,1.234714835882187,2.3661022608793343
-0.4089437,-0.0735505,-0.0001356196,-0.001066667,-0.7176826,-0.07337166,8.554796e-07,-0.001066654,0,Horizontal Slash,0.4980710259405896,3.5306933781339267,1.3239528685808182,2.2330657547119994
-0.5589103,-0.0735506,-0.0001423115,-0.001066667,-0.6083328,0.1396232,0.0006599252,-0.00185607,1,Vertical Slash,0.399183489382267,3.0115950378901584,1.6939386278390884,1.3826028819310987
-0.410327,-0.07355058,0.000140999,-0.001066667,-0.6050525,-0.02412429,3.11641e-06,-0.001471966,0,Horizontal Slash,0.4792171511799097,3.4062641435911467,1.4390248320996761,2.0080572975894544
-0.558917,-0.07355057,-0.0001410052,-0.001066667,-0.6810561,-0.07390501,-7.212743e-05,-0.008474018,0,Horizontal Slash,0.46687907353043556,3.3723558559291464,1.4826767351478338,1.9392153688353684
-0.5954716,-0.07354974,7.116847e-05,-0.001066667,-0.703981,-0.07203058,-5.911476e-05,0.001681495,0,Horizontal Slash,0.4631180502474308,3.3582922743759536,1.4966044512111694,1.9128676758739136
-0.6087058,-0.07354973,7.06675e-05,-0.001066667,-0.6685296,-0.07355279,-0.00019981,-0.001066752,0,Horizontal Slash,0.44938846305012703,3.2958243382099575,1.5426077842712402,1.811995307917753
-0.5488217,-0.07354974,7.066867e-05,-0.001066667,-0.6234841,-0.07356706,0.000584455,-0.001066842,0,Horizontal Slash,0.4556191749870777,3.3174323053313777,1.5221474394202232,1.8514477976265937
-0.5111955,-0.07354973,7.066867e-05,-0.001066667,-0.7193536,-0.07026142,-9.097568e-05,0.0001982894,0,Horizontal Slash,0.48519519716501236,3.459743794044679,1.4058388695120811,2.0910280189330352
-0.5390583,-0.07354973,7.066867e-05,-0.001066667,-0.7051607,-0.02710252,-0.0001178444,-0.01820171,0,Horizontal Slash,0.46987530402839184,3.3725223945232905,1.477370424196124,1.9401843121443179
-0.6124977,-0.07354943,4.856315e-06,-0.001066667,-0.6761656,-0.07099734,5.622573e-05,-0.003246259,0,Horizontal Slash,0.44963355362415314,3.2967673586105426,1.542100340127945,1.8131545007970753
-0.557886,-0.07354944,4.866994e-06,-0.001066667,-0.7017074,-0.06924719,4.302002e-05,0.0002420209,0,Horizontal Slash,0.471963657066226,3.3959188082549763,1.463960189372301,1.977866132623392
-0.5645553,-0.07354973,7.082403e-05,-0.001066667,-0.7114081,0.07096122,-9.439656e-05,-0.01415799,0,Horizontal Slash,0.44737276434898376,3.2423162369256198,1.5638739243149757,1.7300681387051646
-0.7141529,-0.07354945,-9.712576e-06,-0.001066667,-0.6948199,-0.001928234,2.241165e-06,-2.626572e-05,1,Vertical Slash,0.4003285989165306,3.0726167859080413,1.6845138520002365,1.462913456446029
-0.7142013,-0.07354943,-1.878686e-08,-0.001066667,-0.5453209,-0.07390501,5.803279e-05,-0.006406567,1,Vertical Slash,0.355862021446228,2.9080888556307745,1.7789288461208344,1.2194225976401247
-0.7195618,-0.07354943,2.43389e-06,-0.001066667,-0.4768838,-0.07386559,1.297134e-05,-0.01119672,1,Vertical Slash,0.3197454810142517,2.765464969539154,1.8497052192687988,1.0103966960837434
-0.5926064,-0.07355312,0.0005454522,-0.001066667,-0.5422898,-0.07354944,-1.493626e-07,-0.001066667,1,Vertical Slash,0.41270702332258224,3.132548343235107,1.645756259560585,1.561977430172454
-0.6682844,-0.07354974,-7.212344e-05,-0.001066667,-0.1441794,0.03525048,0.0003777888,-0.01546667,1,Walk Forward,0.13593992590904236,2.06881642840542,2.0,0.012277183028238296
-0.5008596,0.1019169,-0.001757633,0.0005333293,-0.3287157,0.009117039,0.001750912,-0.01386668,1,Vertical Slash,0.3286846876144409,2.7063425982836513,1.82658052444458,0.9470040786582041
-0.1571474,-0.07339799,0.005999911,-0.0009916667,-0.7198635,-0.073905,-8.934475e-07,-0.001066708,0,Horizontal Slash,0.5016940968343988,3.616608988681106,1.1702493131160736,2.457648350529997
-0.2769993,-0.07354949,-2.971069e-05,-0.001066667,-0.5700536,-0.07354952,3.713711e-05,-0.001066667,0,Horizontal Slash,0.4962216056883335,3.512092480086147,1.3301791101694107,2.2141145287459407
0.291,-0.061,0.0,0.0,-0.327,-0.065,0.0,0.0,0,Horizontal Slash,0.49116691015660763,3.5918649348147995,1.1586580276489258,2.481214298912053
0.291,-0.061,0.0,0.0,-0.327,-0.065,0.0,0.0,0,Horizontal Slash,0.49116691015660763,3.5918649348147995,1.1586580276489258,2.481214298912053
0.1417084,-0.07355104,-0.0001416711,-0.001066699,-0.4762917,-0.07354024,-0.0001416711,-0.002132813,0,Horizontal Slash,0.49503895454108715,3.6083660889883906,1.147429496049881,2.4894602882877517
-0.008288288,-0.0735506,-0.0001423401,-0.001066667,-0.5654314,-0.07369135,-8.458948e-05,-0.002192051,0,Horizontal Slash,0.4992741351015866,3.6021163157002474,1.1746738255023956,2.4475700855183775
-0.1582883,-0.0735506,-0.0001423433,-0.001066667,-0.6542869,-0.07378966,-8.431992e-05,-0.002195753,0,Horizontal Slash,0.5022816695272923,3.594838426992684,1.2056666612625122,2.405418383216498
-0.3082883,-0.0735506,-0.0001423433,-0.001066667,-0.5054148,-0.07355021,0.0001412728,-0.002133348,0,Horizontal Slash,0.4845529617741704,3.444037694885463,1.4014887586236,2.0866766217713058
-0.4589511,-0.07354945,-9.781756e-06,-0.001066667,-0.6880196,0.2435339,-9.538368e-05,-0.006934249,1,Vertical Slash,0.4421331286430359,3.1632493534382697,1.5930590108036995,1.6153053606605263
-0.3090485,-0.07354943,9.732388e-06,-0.001066667,-0.5386356,-0.06007516,9.704609e-06,-0.01573288,0,Horizontal Slash,0.48766384553164244,3.4570702585897672,1.388444222509861,2.108703814400865
-0.1850299,-0.0735775,0.0009266055,-0.00106656,-0.6322486,0.1589683,-0.0008046427,-0.001552739,0,Horizontal Slash,0.49960928596556187,3.4707011674918364,1.3497597724199295,2.1361493279023804
-0.3303497,-0.07354945,-9.43486e-06,-0.001066667,-0.5808048,-0.0343413,-8.01881e-05,0.001011829,0,Horizontal Slash,0.48973092157393694,3.4616481622835455,1.3840027675032616,2.1126747124218497
-0.4796885,-0.07355059,-0.0001417156,-0.001066667,-0.6401317,0.04101663,0.0004379171,-0.008407348,0,Horizontal Slash,0.4603675790131092,3.3018267379025694,1.5190675258636475,1.8301000543731138
-0.6303483,-0.07354945,-9.781551e-06,-0.001066667,-0.4879914,-0.07182735,9.877677e-06,-0.001125459,1,Vertical Slash,0.37265655398368835,2.9689772967016026,1.7406393885612488,1.3147873716114602
-0.6148686,-0.07354945,-4.866194e-06,-0.001066667,-0.2971438,-0.07108597,0.0001965615,-0.02013638,1,Vertical Slash,0.284403458237648,2.6291439197002484,1.9066329300403595,0.818185270643498
-0.7042611,-0.07293203,0.0006108315,-0.00501693,-0.4454573,-0.07266416,-0.0001407428,-0.003482953,1,Vertical Slash,0.31474070250988007,2.744462357918935,1.8582570254802704,0.9805738587800064
-0.5512563,-0.07354943,9.933789e-06,-0.001066667,-0.2962094,-0.07354944,9.689893e-06,-0.001066667,1,Vertical Slash,0.32306812703609467,2.7753932912993213,1.8350442945957184,1.0358042359640485
-0.67707,0.09662876,5.604e-05,-0.01812947,-0.3774186,-0.07354944,4.866211e-06,-0.001066667,1,Vertical Slash,0.28971993923187256,2.586136562465478,1.898682951927185,0.7613781252435878
-0.6767868,0.05317555,0.000594723,-0.006626349,-0.1972089,0.1833049,0.001376368,0.0007141564,1,Walk Forward,0.10768890380859375,1.8871303357418183,2.0,0.0
-0.3906809,-0.07357997,-0.0004105722,-0.00106667,-0.3403187,-0.07349385,-3.268244e-07,-0.001188841,1,Vertical Slash,0.41717899590730667,3.146230243244017,1.625006541609764,1.6015525936082906
-0.4642371,-0.07354945,-4.801163e-06,-0.001066667,-0.1138191,-0.07334042,0.0001965631,0.007699882,1,Vertical Slash,0.276806578040123,2.6118885551850552,1.9099588096141815,0.8036173685633308
-0.6699975,-0.07359716,-0.001494091,-0.00106667,0.06734461,0.1625308,0.001377273,-0.001719295,1,Walk Forward,0.0,1.4807957340232394,2.0,0.0
-0.3249677,-0.07363537,0.005999914,-0.001066667,-0.07576742,-0.0725535,-3.268142e-07,-0.000246272,1,Vertical Slash,0.3266311287879944,2.8068051151107243,1.8128230273723602,1.1024193459279081
-0.5711731,-0.07354981,-0.0001056636,-0.001066648,-0.1414908,-0.07354943,4.867833e-06,-0.001066667,1,Vertical Slash,0.23020979762077332,2.4375960270873804,1.9904238283634186,0.5429022410289258
-0.3419012,-0.0735781,-0.0004286009,-0.001066667,-0.2914647,-0.07354944,-3.424841e-07,-0.001066667,1,Vertical Slash,0.41716090589761734,3.1481314987589406,1.6215859279036522,1.6098166675772856
-0.7213745,-0.02303705,0.0007547771,-0.01142444,0.09073289,0.1833184,0.001588852,0.0007141564,1,Walk Forward,0.0,1.275838523635605,2.0,0.0
-0.3651004,-0.07363535,0.00599994,-0.001066667,0.009823867,-0.05567865,-1.847658e-07,-0.002056461,1,Vertical Slash,0.2550910860300064,2.5423501837984808,1.93901327252388,0.7111343559546375
-0.4800222,-0.0735498,-7.971453e-05,-0.001066667,-0.1396696,-0.07337167,-9.735622e-06,-0.001066662,1,Vertical Slash,0.2803072929382324,2.622804171098558,1.9052034616470337,0.8183398016060471
-0.3304693,-0.07354943,9.709693e-06,-0.001066667,0.01023305,-0.07354945,9.732405e-06,-0.001066667,1,Vertical Slash,0.2792818993330002,2.6374999205155083,1.8963786363601685,0.8536013704147818
-0.1811294,-0.07355057,0.0001417169,-0.001066667,0.1595731,-0.07355059,0.000141717,-0.001066667,1,Vertical Slash,0.27354438602924347,2.6450816748631523,1.8935998976230621,0.8823367329351146
-0.3548526,-0.07354993,-9.076573e-05,-0.001066667,0.01033016,-0.07354944,-9.689573e-06,-0.001066667,1,Vertical Slash,0.26640065014362335,2.5888537513958747,1.919457882642746,0.7801648021840903
-0.1519315,0.1019167,-0.001757223,0.0005333293,-0.07466253,-0.0697835,-0.0007819963,-0.003301667,1,Vertical Slash,0.3958427682518959,3.0130008319442663,1.6689133793115616,1.433388246899683
0.08814333,0.1531165,0.0002278202,-0.01786667,-0.2278458,-0.07355066,-0.0001453639,-0.001066668,0,Horizontal Slash,0.49293621024116874,3.433653668291932,1.3505988270044327,2.126079161605248
-0.03742434,-0.004350158,7.02976e-05,-0.007866665,-0.1002709,-0.07354973,-7.049229e-05,-0.001066667,0,Horizontal Slash,0.447227131575346,3.270060841102605,1.5177335571497679,1.8414096048670017
0.291,-0.061,0.0,0.0,-0.327,-0.065,0.0,0.0,0,Horizontal Slash,0.49116691015660763,3.5918649348147995,1.1586580276489258,2.481214298912053
0.291,-0.061,0.0,0.0,-0.327,-0.065,0.0,0.0,0,Horizontal Slash,0.49116691015660763,3.5918649348147995,1.1586580276489258,2.481214298912053
0.1417084,-0.07355104,-0.0001416711,-0.001066699,-0.3719229,-0.0685119,-4.262989e-05,-0.005989766,0,Horizontal Slash,0.4953958885744214,3.5742305223735955,1.2044439017772675,2.41224686349011
-0.008288288,-0.0735506,-0.0001423401,-0.001066667,-0.3720832,-0.07337166,-2.01314e-07,-0.001066666,0,Horizontal Slash,0.49555513681843877,3.5300049639958577,1.2836086750030518,2.291669316699871
-0.1589236,-0.07354944,-1.528399e-05,-0.001066667,-0.5220083,-0.07354945,-1.521191e-05,-0.001066667,0,Horizontal Slash,0.4992824695073068,3.541363598317141,1.2829357236623764,2.2890608752478143
-0.3037197,-0.07358373,-0.001056069,-0.001066667,-0.6203429,-0.0702832,-0.0007172029,0.004253334,0,Horizontal Slash,0.4984606703510508,3.5275097875131705,1.3151668906211853,2.240053166405743
-0.4582669,-0.07355067,-0.0001466582,-0.001066667,-0.5739964,0.1661968,0.0001905882,-0.01014667,1,Vertical Slash,0.42111117392778397,3.0912682307012966,1.6410159170627594,1.50800828659814
-0.3097051,-0.07355058,0.0001409785,-0.001066667,-0.7223395,-0.009796195,-0.000140771,-0.004526666,0,Horizontal Slash,0.5026853114832193,3.5472497252808126,1.2875922322273254,2.2759466690113426
-0.4582953,-0.07355057,-0.0001410053,-0.001066667,-0.5990735,-0.07083938,0.0001183916,0.009063335,0,Horizontal Slash,0.47422424890100956,3.39702580421723,1.4540135525166988,1.9893322270551062
-0.4438069,-0.07354943,4.890661e-06,-0.001066667,-0.6388544,-0.03255944,-8.132178e-06,-0.02853667,0,Horizontal Slash,0.4778191950172186,3.404338077351328,1.4441150538623333,2.0020399995391234
-0.5866977,-0.0735497,7.082399e-05,-0.001066667,-0.6388949,-0.05598862,-3.840314e-08,0.001265833,0,Horizontal Slash,0.4448246397078037,3.2672528927345703,1.5587267242372036,1.7686565587763223
-0.515374,-0.07354973,7.066828e-05,-0.001066667,-0.5665027,0.1087913,0.0001888948,-0.01313417,1,Vertical Slash,0.408267579972744,3.055662782517177,1.6694054156541824,1.4512006555094275
-0.3650694,-0.07354945,9.758494e-06,-0.001066667,-0.6221783,-0.06946831,-3.614723e-06,0.0002242714,0,Horizontal Slash,0.49292087042704225,3.49163007144755,1.3604247272014618,2.1642741971532184
-0.4179747,-0.07354973,7.081249e-05,-0.001066667,-0.5609357,-0.02568585,-0.0001180507,-0.01817573,0,Horizontal Slash,0.4666484631597996,3.3459455500738993,1.487314355559647,1.9084428987413282
-0.4833195,-0.07354974,7.066833e-05,-0.001066667,-0.7052267,-0.06976029,0.0004564664,0.004496333,0,Horizontal Slash,0.48791778832674026,3.4714926412827536,1.3921103179454803,2.1145442515070854
-0.5969886,-0.07354973,7.066867e-05,-0.001066667,-0.663561,-0.07390501,-2.782438e-05,-0.007918166,0,Horizontal Slash,0.45106641948223114,3.3022779954649724,1.5371067933738232,1.8232974618978322
-0.5472273,-0.07354973,7.066867e-05,-0.001066667,-0.6961138,-0.06528704,5.899675e-05,-0.006040917,0,Horizontal Slash,0.47225525230169296,3.3951116987956276,1.4632907398045063,1.9774902211937435
-0.6206761,-0.07354974,7.066867e-05,-0.001066667,-0.6926687,0.003957637,0.0002047319,-0.009784054,1,Horizontal Slash,0.4358559176325798,3.2145781924733017,1.5913544669747353,1.6838767812325752
-0.623409,-0.07354943,4.856315e-06,-0.001066667,-0.6746138,-0.07390518,5.226791e-05,-0.001076471,0,Horizontal Slash,0.44630730524659157,3.2836784198951356,1.5522717498242855,1.7916746735960543
-0.5501028,-0.07354944,4.866994e-06,-0.001066667,-0.6585185,-0.03292837,6.494614e-06,0.000538237,0,Horizontal Slash,0.45797231793403625,3.3174177463706527,1.5192521065473557,1.8502932860851256
-0.5629252,-0.07354973,7.082403e-05,-0.001066667,-0.6132555,-0.07060994,-0.0003305634,-0.005049522,0,Horizontal Slash,0.44716106355190277,3.2795509311229467,1.5495551861822605,1.7903381282321464
-0.488472,-0.07354944,4.856288e-06,-0.001066667,-0.71494,-0.07352222,-8.059332e-06,-0.001217203,0,Horizontal Slash,0.48849120642989874,3.476608220035714,1.3882122933864594,2.123338940492611
-0.6377395,-0.07355059,-0.0001416481,-0.001066667,-0.7045735,-0.07333649,-0.0002690051,-0.002078104,0,Horizontal Slash,0.45010918751358986,3.303256945133584,1.5401769913733006,1.8213460930269147
-0.4891528,-0.07355057,0.0001410022,-0.001066667,-0.5329902,0.01118894,0.0001895299,-0.01647811,1,Vertical Slash,0.4290827438235283,3.1708306513554727,1.608063519001007,1.6275813236150867
-0.3391595,-0.0735506,0.0001423369,-0.001066667,-0.5320633,-0.06978063,8.950298e-07,-0.004119527,0,Horizontal Slash,0.48354976065456867,3.438265020144675,1.40895464271307,2.072657466114344
-0.3461769,-0.07354973,7.049945e-05,-0.001066667,-0.5228766,-0.05293286,-0.0001180613,0.004059764,0,Horizontal Slash,0.4795820862054825,3.413350191073467,1.4300546944141388,2.0283648475718525
-0.4951177,-0.07355058,-0.0001413381,-0.001066667,-0.6990007,-0.07315429,-0.0008093159,-0.0007019069,0,Horizontal Slash,0.48499217350035906,3.457521750219063,1.4063720479607582,2.0888680964607373
-0.6451126,-0.0735506,-0.0001423385,-0.001066667,-0.7008802,-0.07025856,3.296567e-05,-0.006225139,0,Horizontal Slash,0.4454282931983471,3.281886076071107,1.5552415698766708,1.7871384338091734
-0.5786142,-0.07354973,7.117163e-05,-0.001066667,-0.6815131,-0.05622654,5.906853e-05,-0.00208743,0,Horizontal Slash,0.45926326140761375,3.3333531725679744,1.5121103478595614,1.8738332764487828
-0.592634,-0.07354973,7.066748e-05,-0.001066667,-0.709489,0.02807504,4.718882e-05,-0.01648744,0,Horizontal Slash,0.4454319514334202,3.2482860779134595,1.5654984340071678,1.73773909594561
-0.6178402,-0.07354945,4.856315e-06,-0.001066667,-0.6738178,-0.07256439,-3.436164e-05,0.0004930215,0,Horizontal Slash,0.4478900767862797,3.2898036812997167,1.5474882237613201,1.8017067572097474
-0.552023,-0.07354973,7.082407e-05,-0.001066667,-0.7131094,-0.01504401,0.0001612445,-0.01090336,0,Horizontal Slash,0.46720604225993156,3.357597751091985,1.488943505100906,1.9143657273937724
-0.7009624,-0.07355059,-0.0001413366,-0.001066667,-0.7089661,-0.003169323,5.921996e-05,-0.00293708,1,Vertical Slash,0.41152524948120117,3.1197466711597945,1.6564956456422806,1.5343345799939312
-0.5517173,-0.07354943,9.689696e-06,-0.001066667,-0.458791,-0.0446739,1.624516e-05,-0.00613146,1,Vertical Slash,0.38913657516241074,3.023682790582148,1.7030746936798096,1.4018650423573968
-0.4023773,-0.07355059,0.0001417168,-0.001066667,-0.2790045,-0.05742902,0.0001888564,-0.02053146,1,Vertical Slash,0.3799746111035347,2.9931260482397493,1.713743969798088,1.369994599579816
-0.427153,-0.07354973,-7.117014e-05,-0.001066667,-0.09069052,-0.0156789,0.0007122879,-0.01087961,1,Vertical Slash,0.2633650451898575,2.5488063104592134,1.9310208559036255,0.7143542737571384
-0.07500868,-0.07363537,0.005999931,-0.001066667,0.06278299,-0.07337166,3.506727e-07,-0.001066666,1,Vertical Slash,0.37084801495075226,3.0077366207144527,1.7004567235708237,1.4335555111011942
0.291,-0.061,0.0,0.0,-0.327,-0.065,0.0,0.0,0,Horizontal Slash,0.49116691015660763,3.5918649348147995,1.1586580276489258,2.481214298912053
0.291,-0.061,0.0,0.0,-0.327,-0.065,0.0,0.0,0,Horizontal Slash,0.49116691015660763,3.5918649348147995,1.1586580276489258,2.481214298912053
0.1417084,-0.07355104,-0.0001416711,-0.001066699,-0.1777084,-0.07354025,0.0001416711,-0.002132813,0,Horizontal Slash,0.4861779287457466,3.4957813648227245,1.3162295371294022,2.255047772431271
0.2164872,-0.07354771,6.009638e-05,-0.001066486,-0.2280042,-0.07354884,-0.000180916,-0.001066438,0,Horizontal Slash,0.4908448411151767,3.546226665706275,1.2425863444805145,2.369577966982159
0.2263091,-0.07356524,0.0005903263,-0.001066672,-0.4042102,-0.04098817,-0.001354717,-0.01245086,0,Horizontal Slash,0.4936162852682173,3.5954467668467665,1.1592338979244232,2.4728882586590566
0.07930844,-0.07354943,-9.543988e-06,-0.001066667,-0.2611615,-0.07354943,9.295933e-06,-0.001066665,0,Horizontal Slash,0.49083961360156536,3.511958219316504,1.3001964688301086,2.2730095040152025
-0.0700307,-0.07355059,-0.0001417161,-0.001066667,-0.4104069,-0.07355058,-0.0001416272,-0.001066667,0,Horizontal Slash,0.49591346783563495,3.5234484694515427,1.2974163889884949,2.267844490334508
-0.2206904,-0.07354943,-9.781551e-06,-0.001066667,-0.5610662,-0.07354945,-9.781523e-06,-0.001066667,0,Horizontal Slash,0.49905065522762015,3.534774896168393,1.2977707237005234,2.2663582591927294
-0.1870717,-0.07131994,4.722133e-05,-0.0009299848,-0.6121193,-0.07302082,-0.0001809651,-0.0005338363,0,Horizontal Slash,0.5020485988352448,3.570136551980439,1.2462567389011383,2.345184217627441
-0.2253849,-0.07390504,2.492355e-05,-0.001066706,-0.4630724,-0.07301611,9.676834e-06,-0.0005333334,0,Horizontal Slash,0.48951146844774485,3.4717789050925045,1.3682808130979538,2.146761546309588
-0.1668001,0.02311962,0.0006812481,-0.00868235,-0.7210208,-0.03194048,0.0007831959,-0.01191753,0,Horizontal Slash,0.5063369986601174,3.5775355000848976,1.2116508781909943,2.3617385049856714
-0.3127016,-0.06333967,-0.0001384539,-0.0009705866,-0.5678316,-0.07355408,0.0001453696,-0.0004448454,0,Horizontal Slash,0.4928245018236339,3.485908914829841,1.359719768166542,2.1605426559366916
-0.101881,-0.06281659,0.001413608,-0.01373014,-0.6800992,-0.0318266,0.000783356,-0.011912,0,Horizontal Slash,0.5023844856768847,3.6013140748322665,1.1818948686122894,2.42721740743907
-0.2446338,-0.07354943,-9.276822e-06,-0.001066666,-0.5262323,-0.07300396,9.989777e-06,-0.0005319454,0,Horizontal Slash,0.4947709427215159,3.502610219603365,1.3375052362680435,2.2006253473473913
-0.1934844,-0.06989426,0.0007820003,0.005030136,-0.7069364,-0.03192367,0.0007831964,-0.01191744,0,Horizontal Slash,0.5037470005918294,3.5863843053360114,1.2198282778263092,2.377888465193481
-0.3384262,-0.07233283,-0.0001379782,3.595836e-06,-0.7079334,-0.07390504,2.268887e-05,-0.00249246,0,Horizontal Slash,0.5016806445783004,3.5580458266389114,1.2822232693433762,2.297337293319562
-0.3724106,-0.04671959,0.0003909153,-0.01275505,-0.6434397,-0.0412875,0.0006768774,-0.01246472,0,Horizontal Slash,0.4932167436927557,3.4738882223026044,1.371786817908287,2.1302641840196586
-0.3377675,0.0699299,0.0006501138,-0.007338924,-0.6465909,-0.05853502,0.0007839834,-0.01290037,0,Horizontal Slash,0.49915186438011006,3.4667419260021077,1.3588879257440567,2.1215310078135294
-0.4838239,-0.06877865,-0.000138601,0.00176527,-0.6940945,-0.07337096,-4.537403e-05,-0.001065747,0,Horizontal Slash,0.4859474999830127,3.4596543570849847,1.4026088938117027,2.0937527448173765
-0.6092756,-0.0730052,7.116278e-05,-0.0005326511,-0.7172826,0.002606042,-0.000367722,-0.009851321,0,Horizontal Slash,0.44779248535633087,3.2679906247669277,1.5558017529547215,1.7672745810285448
0.291,-0.061,0.0,0.0,-0.327,-0.065,0.0,0.0,0,Horizontal Slash,0.49116691015660763,3.5918649348147995,1.1586580276489258,2.481214298912053
0.291,-0.061,0.0,0.0,-0.327,-0.065,0.0,0.0,0,Horizontal Slash,0.49116691015660763,3.5918649348147995,1.1586580276489258,2.481214298912053
0.1417084,-0.07355104,-0.0001416711,-0.001066699,-0.5758194,-0.02660005,-0.0002361185,-0.0184,0,Horizontal Slash,0.4952041506767273,3.6222347396333574,1.120736837387085,2.516404102811491
-0.008288288,-0.0735506,-0.0001423401,-0.001066667,-0.5769945,-0.07287878,-1.115039e-06,-0.007000001,0,Horizontal Slash,0.4992087053251453,3.604902694804121,1.1699489951133728,2.453997843271717
-0.1582883,-0.0735506,-0.0001423433,-0.001066667,-0.3281806,-0.06001854,0.0002361131,-0.0041,0,Horizontal Slash,0.4758607745170593,3.4024912895680615,1.4274933487176895,2.035586326158279
-0.3089511,-0.07354943,-9.781756e-06,-0.001066667,-0.6113259,-0.009014447,-0.0001371739,-0.01730321,0,Horizontal Slash,0.4936580085195601,3.477693869097355,1.3647133260965347,2.1427859201373716
-0.4582916,-0.07355058,-0.0001417172,-0.001066667,-0.2138975,-0.07391539,0.0003771417,-0.008148397,1,Vertical Slash,0.32896871864795685,2.801894625769133,1.8183163106441498,1.082309582469827
-0.3090486,-0.07354944,9.689573e-06,-0.001066667,0.05906193,-0.0735425,0.0002573905,-0.002188046,1,Vertical Slash,0.2634667158126831,2.585950292032281,1.920832633972168,0.7807254392054441
-0.1590489,-0.07354944,9.738707e-06,-0.001066667,0.06034846,-0.07354945,8.352805e-08,-0.002133334,1,Vertical Slash,0.3365289717912674,2.868627143686362,1.7789398431777954,1.2139124523261695
-0.06291674,-0.07354943,-4.869362e-06,-0.001066667,0.1397868,-0.07037359,0.0001241357,0.0001306623,1,Vertical Slash,0.3386923670768738,2.8947958456949823,1.764463484287262,1.266595105010117
0.00736347,-0.07354944,-4.866991e-06,-0.001066667,0.2509849,-0.07208332,0.0001460394,0.0003317503,1,Vertical Slash,0.3124033808708191,2.8214037501739004,1.8055894374847412,1.169421602532265
0.1438622,-0.07354945,-4.866991e-06,-0.001066667,0.2629606,-0.07293444,6.123174e-05,-0.002867772,1,Vertical Slash,0.3610876053571701,3.023347735528618,1.6910249441862106,1.495454143919135
-0.1392742,-0.07296853,-8.755391e-05,-0.0005262429,0.2816764,-0.07354944,4.857845e-06,-0.001066667,1,Vertical Slash,0.2253267765045166,2.492166616514328,1.9679559767246246,0.6656949500781361
0.2127884,-0.07362209,0.00599993,-0.002133334,-0.1182931,-0.06434949,-9.13384e-07,-0.005066668,0,Horizontal Slash,0.4831314980983734,3.4911901895361312,1.3171699494123459,2.2608307695220264
0.092827,-0.07354945,-7.788472e-06,-0.002133334,-0.1182967,-0.07337167,-2.964103e-10,-0.001066667,0,Horizontal Slash,0.4744595233350992,3.430529951982324,1.3899188414216042,2.1283844396179017
0.06095636,-0.07354953,7.085394e-05,-0.002133334,-0.106045,-0.06057172,-0.0001180592,-0.01946667,0,Horizontal Slash,0.46523507684469223,3.381870066542779,1.4354579746723175,2.038371909434718
-0.04058079,-0.07354961,7.066822e-05,-0.002133334,-0.2551788,-0.004381598,-0.000685105,-0.009492572,0,Horizontal Slash,0.4752722289413214,3.39430615758446,1.4244843795895576,2.035901473822587
-0.1901788,-0.07354945,-9.712629e-06,-0.002133334,-0.4070324,-0.0677368,-0.000141075,0.0007508017,0,Horizontal Slash,0.48575799632817507,3.4512863486381304,1.385349839925766,2.1151120977887334
-0.3395188,-0.07354978,-0.0001417169,-0.002133334,-0.6770945,0.3088879,-0.001241737,0.008098498,0,Horizontal Slash,0.46592938154935837,3.2504403944836775,1.52629716694355,1.7555998042586596
-0.1909325,-0.07354978,0.0001410018,-0.002133334,-0.7170507,0.2085318,2.796088e-05,-0.02418151,0,Horizontal Slash,0.5032844264060259,3.48635359511256,1.330824688076973,2.1617271748538016
-0.3395225,-0.07354979,-0.0001410052,-0.002133334,-0.7169119,0.04376391,1.320415e-07,-0.004709249,0,Horizontal Slash,0.49910017038928345,3.5010268272944343,1.340005949139595,2.1796390033762134
-0.4895159,-0.07354978,-0.0001423369,-0.002133334,-0.7169114,-0.06436597,6.235487e-10,2.268813e-05,0,Horizontal Slash,0.48800423741340637,3.471392788346335,1.3924649581313133,2.113611541753123
-0.5385,-0.07354953,7.117163e-05,-0.002133334,-0.6856817,-0.0254215,-0.0001180592,-0.01837732,0,Horizontal Slash,0.4652833975851536,3.349374934338662,1.4945401293225586,1.902617793016579
-0.3502259,-0.06933492,0.00100363,-0.003134112,-0.6398579,0.01181605,0.0004847822,-0.008387922,0,Horizontal Slash,0.4913072744384408,3.457279888898854,1.3858489468693733,2.100609781251896
-0.4945232,-0.07355456,-0.0001369315,-0.002133626,-0.6418688,-0.04971045,0.0001169145,0.003793962,0,Horizontal Slash,0.47197142243385315,3.3832789853899046,1.4665274620056152,1.9622838782570948
0.291,-0.061,0.0,0.0,-0.327,-0.065,0.0,0.0,0,Horizontal Slash,0.49116691015660763,3.5918649348147995,1.1586580276489258,2.481214298912053
0.291,-0.061,0.0,0.0,-0.327,-0.065,0.0,0.0,0,Horizontal Slash,0.49116691015660763,3.5918649348147995,1.1586580276489258,2.481214298912053
0.1417084,-0.07355104,-0.0001416711,-0.001066699,-0.4762917,-0.07354024,-0.0001416711,-0.002132813,0,Horizontal Slash,0.49503895454108715,3.6083660889883906,1.147429496049881,2.4894602882877517
-0.008110364,-0.07355123,-0.0001779251,-0.001066667,-0.5362337,-0.07390581,-7.138345e-05,-0.002298975,0,Horizontal Slash,0.49942676024511456,3.592968232520149,1.1898557543754578,2.4264281338769442
-0.1582874,-0.07355059,-0.0001425113,-0.001066667,-0.3872974,-0.07355084,0.000141334,-0.002133374,0,Horizontal Slash,0.4869678309187293,3.4611749258399196,1.3738471269607544,2.137744961909799
0.02005904,-0.07341282,7.865295e-05,-0.002151679,-0.320615,-0.07354943,-4.890714e-06,-0.002133334,0,Horizontal Slash,0.4931216984987259,3.5166786463412367,1.2985294312238693,2.2707657387819458
0.0005777612,-0.07358082,0.0004549787,-0.001069351,-0.4157182,-0.07356371,-0.0009842522,-0.002133334,0,Horizontal Slash,0.4976276026573032,3.5521577335133414,1.2522895485162735,2.338492666486048
-0.1464498,-0.07355057,-0.0001395225,-0.001066667,-0.5699077,-0.07354982,-0.000146319,-0.002133334,0,Horizontal Slash,0.5012626691022888,3.5667337343079955,1.2467599511146545,2.3442580149330956
-0.08439314,-0.06315111,0.0008346244,0.001064112,-0.6657146,-0.07356373,-0.0009849201,-0.002133334,0,Horizontal Slash,0.5007703530718572,3.613341508486012,1.1634779274463654,2.461206354552289
-0.2295314,-0.07306968,-0.0001377297,-0.0005395934,-0.5213243,-0.07354977,0.0001370199,-0.002133334,0,Horizontal Slash,0.4954709578305483,3.5075534314965537,1.3305887430906296,2.2121169550704076
-0.3795084,-0.07301638,-0.0001423215,-0.0005333349,-0.6730817,-0.07279516,0.0005908455,-0.0004505209,0,Horizontal Slash,0.49679826851934195,3.518628610810798,1.3337002247571945,2.2132653340592876
-0.402505,-0.07395805,0.0004433657,-0.002292405,-0.702387,-0.0730177,0.0004907195,-0.0005333131,0,Horizontal Slash,0.49738839943893254,3.5250283741637727,1.3294650167226791,2.222847751765448
-0.5495905,-0.07355081,-0.0001395773,-0.002133372,-0.6101623,-0.07356755,0.00054942,-0.00106722,0,Horizontal Slash,0.45177146419882774,3.2997101178054176,1.5346679352223873,1.8232839562381244
-0.3065888,-0.07354885,6.179949e-05,-0.001066594,-0.6717602,-0.07354944,-4.95693e-06,-0.001066667,0,Horizontal Slash,0.5013072487199679,3.5539879493606064,1.2835019677877426,2.2932383607082802
-0.1803026,0.02397593,0.001126888,-0.008658135,-0.7015648,-0.07356115,0.0004921263,-0.001066667,0,Horizontal Slash,0.5056855767033994,3.5826782774107873,1.2082528173923492,2.374067463610571
-0.3239864,-0.06298037,-0.0001363495,-0.000964533,-0.5498242,-0.07355062,0.0001439951,-0.001066667,0,Horizontal Slash,0.4891179008409381,3.464385715033606,1.3819513320922852,2.120380849916265
-0.4739566,-0.07355227,-0.000142315,-0.001066816,-0.6585209,-0.07366849,0.0005908288,-0.002158854,0,Horizontal Slash,0.48198327235877514,3.438921296898379,1.4206007942557335,2.0587973823176493
-0.6239564,-0.07355059,-0.0001423431,-0.001066667,-0.68999,-0.07285304,-0.000294887,-0.0004509196,0,Horizontal Slash,0.4505476951599121,3.303089493678559,1.538944985717535,1.8221703829961862
-0.3900889,-0.0739053,6.15264e-05,-0.001109076,-0.7082108,-0.0730161,2.409967e-06,-0.000533333,0,Horizontal Slash,0.49880472710356116,3.535013269891901,1.3167954236268997,2.243849356898029
-0.5390742,-0.07355057,-0.0001413805,-0.001066667,-0.612224,-0.07356753,0.0005488436,-0.00106722,0,Horizontal Slash,0.4554838128387928,3.3158045573462833,1.5224750880151987,1.8497416138257614
0.291,-0.061,0.0,0.0,-0.327,-0.065,0.0,0.0,0,Horizontal Slash,0.49116691015660763,3.5918649348147995,1.1586580276489258,2.481214298912053
0.291,-0.061,0.0,0.0,-0.327,-0.065,0.0,0.0,0,Horizontal Slash,0.49116691015660763,3.5918649348147995,1.1586580276489258,2.481214298912053
0.1417084,-0.07355104,-0.0001416711,-0.001066699,-0.5758194,-0.02660005,-0.0002361185,-0.0184,0,Horizontal Slash,0.4952041506767273,3.6222347396333574,1.120736837387085,2.516404102811491
-0.008288288,-0.0735506,-0.0001423401,-0.001066667,-0.5769945,-0.07287878,-1.115039e-06,-0.007000001,0,Horizontal Slash,0.4992087053251453,3.604902694804121,1.1699489951133728,2.453997843271717
-0.1582883,-0.0735506,-0.0001423433,-0.001066667,-0.5769992,-0.07357061,-5.265623e-09,-0.002134961,0,Horizontal Slash,0.5013528726994991,3.565762075823091,1.2495414018630981,2.3402607141666167
-0.3082883,-0.0735506,-0.0001423433,-0.001066667,-0.5974504,0.009590256,0.0001888948,-0.01653497,0,Horizontal Slash,0.4908268665894866,3.455516428929382,1.3847706839442253,2.102385506326544
-0.4589511,-0.07354945,-9.781756e-06,-0.001066667,-0.6877759,-0.07357664,9.401681e-05,-0.003337852,0,Horizontal Slash,0.48903871793299913,3.476619150959602,1.3850504383444786,2.1265182710959207
-0.4665785,-0.07354963,5.440844e-05,-0.001066667,-0.6381987,-0.05339462,-2.074278e-05,0.003961822,0,Horizontal Slash,0.47787133418023586,3.41140617190298,1.4417423903942108,2.0119520302435596
-0.6155993,-0.07355059,-0.0001414141,-0.001066667,-0.7152673,-0.05413115,-7.322162e-05,-0.001650911,0,Horizontal Slash,0.45675067231059074,3.326015035042235,1.520685127004981,1.8589421513965099
-0.4670115,-0.07355057,0.0001410033,-0.001066667,-0.7156252,-0.07390501,-3.457795e-07,-0.001067377,0,Horizontal Slash,0.4916989216580987,3.493474776035472,1.3697280287742615,2.156152122790506
-0.6156016,-0.07355057,-0.0001410052,-0.001066667,-0.5281333,0.03487789,0.0001888956,-0.01546738,1,Vertical Slash,0.36527858674526215,2.9063417569371013,1.7622552812099457,1.2237008020845122
-0.4664543,-0.07354949,2.957093e-05,-0.001066667,-0.2881404,-0.07352597,0.0001147973,-0.002131795,1,Vertical Slash,0.36176685988903046,2.925269880500852,1.7549648582935333,1.2633638817766994
-0.348397,-0.07354946,-1.858742e-05,-0.001066667,-0.1104352,-0.07356767,0.0006500348,-0.001066668,1,Vertical Slash,0.3333478569984436,2.828078682565913,1.8021530210971832,1.1312425303463756
-0.2346246,-0.07354973,-7.079163e-05,-0.001066667,-0.1663728,-0.07339375,3.675404e-05,-0.003532214,1,Vertical Slash,0.40812423825263977,3.121186012851296,1.6344803422689438,1.5819215108434677
-0.2818666,-0.07354973,-7.066838e-05,-0.001066667,0.08262955,-0.05817407,0.000236292,0.003766108,1,Vertical Slash,0.26145394146442413,2.578502611200766,1.9225697219371796,0.7723227186384047
-0.1329266,-0.07355058,0.0001413373,-0.001066667,0.2747828,-0.07373863,0.0008818855,-0.002161731,1,Vertical Slash,0.23246487975120544,2.5176072534532588,1.956172376871109,0.7034810239512113
0.2501569,0.1019161,0.003524655,0.0005333293,0.2165227,-0.073474,-0.000537108,-0.003050433,0,Horizontal Slash,0.4123467430472374,3.156974805632454,1.5773742869496346,1.7198141830838976
0.4169886,-0.03381564,0.0001583158,-0.002666665,0.06455816,-0.07355062,-0.0001442075,-0.001066667,0,Horizontal Slash,0.473435265943408,3.4772703250550454,1.3171772807836533,2.2840558228815793
0.2685763,-0.07314421,-0.0001409235,-0.002016667,-0.2670047,0.08987518,-0.001525,-0.004786786,0,Horizontal Slash,0.49335978040471673,3.5197401710774594,1.2646882683038712,2.307751678389074
0.1181719,-0.07354942,-9.781294e-06,-0.002133333,-0.1246787,-0.07151821,9.240672e-06,-0.0006016519,0,Horizontal Slash,0.47808109037578106,3.450518796483645,1.368318185210228,2.168111583418616
0.1101848,-0.07317308,7.612705e-05,-0.0006203985,-0.1215567,-0.06577604,-6.150696e-05,-0.006054461,0,Horizontal Slash,0.4760608430951834,3.4379617864852046,1.3811233043670654,2.143756876421598
-0.03872803,-0.07301688,-0.0001413116,-0.0005333546,-0.3706515,-0.06076903,-0.0002364089,-0.002172769,0,Horizontal Slash,0.4941271631978452,3.5103059645277455,1.3099693059921265,2.246606664893832
-0.1892014,-0.07354947,-4.664145e-05,-0.002133334,-0.4775773,-0.07334517,-0.0003341791,-0.002081244,0,Horizontal Slash,0.4945359746925533,3.5032378231627153,1.3318092674016953,2.2099071763499682
-0.3377026,-0.07355146,-0.0003464143,-0.002133334,-0.6768999,-0.02217764,-0.002303705,-0.007180165,0,Horizontal Slash,0.49845648917835206,3.5148873324115355,1.329652726650238,2.2090102788305868
0.291,-0.061,0.0,0.0,-0.327,-0.065,0.0,0.0,0,Horizontal Slash,0.49116691015660763,3.5918649348147995,1.1586580276489258,2.481214298912053
0.291,-0.061,0.0,0.0,-0.327,-0.065,0.0,0.0,0,Horizontal Slash,0.49116691015660763,3.5918649348147995,1.1586580276489258,2.481214298912053
0.1417084,-0.07355104,-0.0001416711,-0.001066699,-0.1777084,-0.07354025,0.0001416711,-0.002132813,0,Horizontal Slash,0.4861779287457466,3.4957813648227245,1.3162295371294022,2.255047772431271
0.229129,0.1194847,0.0009515241,-0.003039967,-0.2098166,-0.07355724,-0.0006966809,-0.002133333,0,Horizontal Slash,0.4952798932790756,3.4935232981023248,1.2786707133054733,2.2618473220369477
0.0847868,-0.02124043,-0.0001371776,-0.003280018,-0.06399189,-0.07354975,0.0001383811,-0.002133333,0,Horizontal Slash,0.4628110006451607,3.3587140161031894,1.446996957063675,2.005347411546109
0.1906813,-0.07254592,0.0006224214,-0.01426017,-0.2544393,-0.07356185,-0.0009101831,-0.002133333,0,Horizontal Slash,0.49211760982871056,3.550192039748592,1.2380768358707428,2.372589471623415
0.2274782,-0.07317381,0.0007043725,-0.0005576528,-0.291782,-0.07355735,-0.0007016481,-0.002133333,0,Horizontal Slash,0.4923073756508529,3.571365028659995,1.201952338218689,2.424599977818335
0.08169178,-0.07301648,-0.0001383448,-0.0005333393,-0.3675086,-0.07355414,-7.202024e-05,-0.00106722,0,Horizontal Slash,0.49614952434785664,3.5583745501829953,1.2352644205093384,2.366871779195718
-0.06828835,-0.07301633,-0.0001423244,-0.0005333334,-0.4401347,-0.07264201,-6.90469e-05,-0.0001417013,0,Horizontal Slash,0.49771227478049695,3.537980957210847,1.278255894780159,2.297004777891817
-0.06993899,-0.07356425,0.0005411537,-0.00106675,-0.4732915,-0.07356965,-0.0006976759,-0.001066667,0,Horizontal Slash,0.49906093877507374,3.552504339768026,1.258744016289711,2.3267242044423666
-0.2165377,-0.07355054,-0.0001391155,-0.001066667,-0.549166,-0.07278384,-7.200148e-05,-0.0001416667,0,Horizontal Slash,0.49850963696371764,3.5302136346306843,1.3028716295957565,2.257842156622875
-0.09984897,-0.06999098,0.001086326,-0.0003937349,-0.5823373,-0.07356965,-0.0006976899,-0.001066667,0,Horizontal Slash,0.5013627201551571,3.5842828995868845,1.2141123414039612,2.390788359783013
0.0208478,-0.03280734,0.001082483,-0.01196972,-0.6186227,-0.07356976,-0.0007006445,-0.001066667,0,Horizontal Slash,0.49879761412739754,3.616672561249159,1.1383527517318726,2.486341674636404
-0.1230246,-0.07390527,-0.0001365592,-0.0004481073,-0.4728177,-0.07355054,0.0001383623,-0.001066667,0,Horizontal Slash,0.49779353360645473,3.532115194066839,1.2913483828306198,2.2761484814862136
-0.1156733,-0.07356235,0.0005825238,-0.001066454,-0.5049423,-0.0735696,-0.0006966965,-0.001066667,0,Horizontal Slash,0.49957293723127805,3.5500584343662482,1.2668773382902145,2.3139301080883277
-0.1618078,-0.07349049,0.0003230048,-0.002128085,-0.5412225,-0.07356976,-0.0007006399,-0.001066667,0,Horizontal Slash,0.5001068105921149,3.5494696156910157,1.2725332230329514,2.3052966911918604
-0.01274105,-0.07281718,0.00122709,-0.002681282,-0.5775224,-0.07356976,-0.0007006585,-0.001066667,0,Horizontal Slash,0.49929101625457406,3.6049862566848088,1.1702583134174347,2.4535988060330713
-0.1559262,-0.07355282,-0.0001358763,-0.002133467,-0.4317176,-0.07355054,0.0001383623,-0.001066667,0,Horizontal Slash,0.49266698956489563,3.4934627918105665,1.33982814848423,2.1967013563317006
0.291,-0.061,0.0,0.0,-0.327,-0.065,0.0,0.0,0,Horizontal Slash,0.49116691015660763,3.5918649348147995,1.1586580276489258,2.481214298912053
0.291,-0.061,0.0,0.0,-0.327,-0.065,0.0,0.0,0,Horizontal Slash,0.49116691015660763,3.5918649348147995,1.1586580276489258,2.481214298912053
0.1417084,-0.07355104,-0.0001416711,-0.001066699,-0.07818056,-0.02660005,0.0002361185,-0.0184,0,Horizontal Slash,0.4684491343796253,3.398293744574892,1.4152003526687622,2.0779283248439095
-0.008951082,-0.07354943,-9.781535e-06,-0.001066667,-0.3420686,0.09976555,-0.0002514611,-0.01407821,0,Horizontal Slash,0.4856435479596257,3.416901313529114,1.3949757292866707,2.0702862280513323
-0.1582914,-0.07355058,-0.0001417172,-0.001066667,-0.3433199,-0.05900177,-1.187492e-06,-0.0121609,0,Horizontal Slash,0.4780995175242424,3.4127165251815965,1.418406218290329,2.052755179549937
-0.3082884,-0.0735506,-0.0001423403,-0.001066667,-0.4213606,-0.0698263,-0.000188892,-0.005919551,0,Horizontal Slash,0.466974925249815,3.358225471684782,1.4737594965845346,1.9425984078553797
-0.2912294,-0.07354973,7.117163e-05,-0.001066667,-0.4960498,-0.06010979,-0.0001176132,-0.002240224,0,Horizontal Slash,0.4845093563199043,3.4399932764534875,1.4028652235865593,2.0810724049731815
-0.440167,-0.07355057,-0.000141335,-0.001066667,-0.6881247,-0.07188736,-0.0008828143,0.001062067,0,Horizontal Slash,0.49181649554520845,3.4909588612260927,1.3691324144601822,2.1544053751971712
-0.5908248,-0.07354945,-9.781428e-06,-0.001066667,-0.6705332,-0.0735621,6.518872e-05,0.00161491,0,Horizontal Slash,0.4559865780174732,3.324067539978391,1.5211633536964655,1.858260899705357
-0.5607678,-0.07354974,7.085862e-05,-0.001066667,-0.5508437,0.09959564,0.0001887408,-0.0127851,1,Vertical Slash,0.3839849829673767,2.960300542319955,1.7248121947050095,1.3068066268385494
-0.4104624,-0.07354943,9.758557e-06,-0.001066667,-0.5499003,-0.07092178,6.124994e-08,-0.000201863,0,Horizontal Slash,0.4736319165676832,3.3913828259416774,1.4546492360532284,1.9851765098156595
-0.5603649,-0.07354943,-9.732396e-06,-0.001066667,-0.6808081,-0.07355145,2.168744e-05,-0.002133476,0,Horizontal Slash,0.4669739343225956,3.372753067446029,1.4824720621109009,1.9396283330541284
-0.5955305,-0.07354973,7.085852e-05,-0.001066667,-0.7038415,-0.06768005,-5.9004e-05,0.007866739,0,Horizontal Slash,0.4629845879971981,3.3563503618075003,1.4977253749966621,1.9095126546609562
-0.412209,-0.07310245,0.0007847276,-0.0003068247,-0.6329974,0.08695583,0.000422817,-0.004122476,0,Horizontal Slash,0.46989951096475124,3.330104277284159,1.4904680270701647,1.8796807121550938
-0.6474628,0.05700199,-0.002164511,-0.002706828,-0.2485685,0.2196411,0.003537034,-0.00252248,1,Walk Forward,0.13949203491210938,1.987649894670638,2.0,0.0
-0.380781,-0.07385558,0.005999131,-0.0007672942,-0.6308427,-0.01936717,-8.130944e-06,0.01246124,0,Horizontal Slash,0.48888952657580376,3.45566716800827,1.3932752013206482,2.0956542574401524
-0.5002187,-0.07355019,-0.0001133409,-0.001066667,-0.4815985,6.465055e-05,0.0001416327,0.00191531,1,Vertical Slash,0.4109431281685829,3.097729632644623,1.653660237789154,1.5161239416763208
-0.3514912,-0.07355057,0.0001411358,-0.001066667,-0.4808976,-0.06799956,6.688416e-07,-0.0007211721,0,Horizontal Slash,0.4711672943085432,3.377011071917578,1.4615939520299435,1.9680040517938542
-0.5000805,-0.07355058,-0.0001410046,-0.001066667,-0.7202371,-0.04690772,0.0001180576,-0.01912118,0,Horizontal Slash,0.48379058949649334,3.4450604501730404,1.4160413146018982,2.066054579511899
-0.5547311,-0.07354973,7.116847e-05,-0.001066667,-0.6059639,-0.07360909,-0.0003342367,-0.001066638,0,Horizontal Slash,0.4487231411039829,3.2865874500507752,1.5442854575812817,1.8021210087964175
-0.4819615,-0.07354973,7.06675e-05,-0.001066667,-0.6115764,-0.07357027,0.0007822254,-0.001066423,0,Horizontal Slash,0.4709160029888153,3.383547577149258,1.4669860042631626,1.9648227082152674
-0.5239013,-0.07354973,7.066867e-05,-0.001066667,-0.6621539,-0.07362138,0.0005464315,-0.002145221,0,Horizontal Slash,0.4719469230622053,3.392812272455291,1.4634591601788998,1.976051786511451
-0.5107307,-0.07354943,4.856315e-06,-0.001066667,-0.6970401,-0.03090539,6.534707e-06,-0.001327388,0,Horizontal Slash,0.47685313038527966,3.404890639064884,1.4495456479489803,1.9960744302720754
-0.4141896,-0.07355454,0.0002147213,-0.001067002,-0.6507301,-0.07354961,-5.582083e-05,-0.001066666,0,Horizontal Slash,0.49050234351307154,3.4812673683479423,1.375977285206318,2.139828859455353
0.291,-0.061,0.0,0.0,-0.327,-0.065,0.0,0.0,0,Horizontal Slash,0.49116691015660763,3.5918649348147995,1.1586580276489258,2.481214298912053
0.291,-0.061,0.0,0.0,-0.327,-0.065,0.0,0.0,0,Horizontal Slash,0.49116691015660763,3.5918649348147995,1.1586580276489258,2.481214298912053
0.1417084,-0.07355104,-0.0001416711,-0.001066699,-0.1777084,-0.07354025,0.0001416711,-0.002132813,0,Horizontal Slash,0.4861779287457466,3.4957813648227245,1.3162295371294022,2.255047772431271
0.1653184,-0.06485865,0.0006575265,0.0030677,-0.4004086,-0.06150045,-0.001574805,0.001138217,0,Horizontal Slash,0.49537537107244134,3.5853611521347166,1.1816511452198029,2.4404180311723205
0.01929883,-0.07355221,-0.000138566,-0.001066805,-0.2590865,-0.07306323,0.0001342342,-0.0005393039,0,Horizontal Slash,0.48744282871484756,3.482083302129145,1.3398010581731796,2.2054881806696325
-0.1306824,-0.0735506,-0.0001423254,-0.001066667,-0.4077102,-0.07301636,-0.0001410372,-0.0005333348,0,Horizontal Slash,0.49214892368763685,3.492096683798113,1.3393213599920273,2.198060723217645
-0.1026121,-0.06974888,0.0006619502,-0.004843823,-0.6877137,-0.06363754,-0.001787647,0.003138208,0,Horizontal Slash,0.5010051131248474,3.615897893461136,1.162020891904831,2.4639357617744837
-0.2486096,-0.0730138,-0.0001385451,-0.0005332138,-0.5473181,-0.07355194,0.0001332291,-0.001066801,0,Horizontal Slash,0.4963811319321394,3.5132586481588706,1.3259753584861755,2.2202631851364454
-0.3985907,-0.07301632,-0.0001423253,-0.0005333333,-0.6959469,-0.07355057,-0.0001410419,-0.001066667,0,Horizontal Slash,0.4971311877015978,3.522706243334846,1.3315272480249405,2.2188176816339937
-0.5481902,-0.07301673,-0.0002224112,-0.0005333334,-0.6826386,0.03910478,1.978563e-05,-0.0132793,0,Horizontal Slash,0.45065323635935783,3.263705948372958,1.550675492733717,1.764866301879766
-0.6992531,-0.07301611,-9.807738e-06,-0.0005333334,-0.5325896,-0.07133496,9.741985e-06,0.0009700434,1,Vertical Slash,0.3581932336091995,2.9151516368639623,1.7738154828548431,1.2306578787089644
-0.5500101,-0.07301632,0.0001416248,-0.0005333334,-0.518595,0.06208543,1.337486e-05,-0.01444259,1,Vertical Slash,0.3852887526154518,2.9757160357285604,1.7192424982786179,1.3303635168318584
-0.4000137,-0.07301632,0.0001423399,-0.0005333334,-0.667816,-0.07390501,-0.0001416079,-0.01437871,0,Horizontal Slash,0.4936795379035175,3.4999155479080444,1.3559283316135406,2.1757247495432583
-0.5492535,-0.07301611,-9.689372e-06,-0.0005333334,-0.6418236,-0.07355012,0.0001096106,-0.001066667,0,Horizontal Slash,0.46035924181342125,3.339493542990478,1.5062150917947292,1.8866956033020388
-0.3229703,-0.05712555,0.001037778,-0.0134298,-0.5496236,-0.06389779,0.0008941196,0.001004875,0,Horizontal Slash,0.48950400948524475,3.4606987869668244,1.3832580149173737,2.1137191657103784
-0.2261207,-0.07248835,0.0007734509,-0.0001220628,-0.6581848,-0.06331811,0.0008950457,0.003145932,0,Horizontal Slash,0.5027956783305854,3.57305705141382,1.2464444935321808,2.344998040821001
-0.1968914,-0.07368717,0.0006667563,-0.002148738,-0.6464298,-0.06921301,0.0007856234,-0.0031217,0,Horizontal Slash,0.502595528261736,3.5795320438661027,1.2338722050189972,2.3641966754926256
-0.2818018,-0.07381555,0.0001428171,-0.002291881,-0.6520357,-0.06181309,0.0007858819,0.001119095,0,Horizontal Slash,0.5012858301633969,3.5496769053311756,1.284990444779396,2.28718553130364
-0.354885,-0.06488222,0.0002068471,-0.001033426,-0.6492332,-0.06452222,0.0007858813,-0.001068345,0,Horizontal Slash,0.4966079427395016,3.509823482441859,1.338475912809372,2.19920287602718
-0.5031474,-0.07355041,-0.0001406943,-0.001066655,-0.5548002,-0.06902015,0.0008240825,0.002805086,0,Horizontal Slash,0.449819665402174,3.28563629582567,1.54042611643672,1.8051988011816813
-0.302291,-0.07238089,4.461745e-05,-2.534371e-05,-0.6103939,-0.07354945,-5.001497e-06,-0.001066667,0,Horizontal Slash,0.49769371538423,3.5222588010627933,1.321154847741127,2.230214258198581
-0.7001801,0.06141078,-0.0003775787,-0.01442535,-0.5906597,-0.07354973,-7.082372e-05,-0.001066667,1,Vertical Slash,0.37988241761922836,2.9489703588294773,1.7339089065790176,1.2873732464802536
0.291,-0.061,0.0,0.0,-0.327,-0.065,0.0,0.0,0,Horizontal Slash,0.49116691015660763,3.5918649348147995,1.1586580276489258,2.481214298912053
0.291,-0.061,0.0,0.0,-0.327,-0.065,0.0,0.0,0,Horizontal Slash,0.49116691015660763,3.5918649348147995,1.1586580276489258,2.481214298912053
0.1417084,-0.07355104,-0.0001416711,-0.001066699,-0.7225794,0.06939993,0.0001888948,-0.01440001,0,Horizontal Slash,0.4952511009760201,3.6376011375112225,1.0902839601039886,2.543058236148846
-0.008288288,-0.0735506,-0.0001423401,-0.001066667,-0.3235283,-0.04715744,0.0003786815,0.007200004,0,Horizontal Slash,0.4916475871577859,3.494324883583006,1.325623631477356,2.2205844185399632
-0.1582883,-0.0735506,-0.0001423433,-0.001066667,-0.5704634,0.1640426,-0.0002343302,-0.0112,0,Horizontal Slash,0.4951801863498986,3.4403677834817796,1.3771767318248749,2.085493694509066
-0.3082883,-0.0735506,-0.0001423433,-0.001066667,-0.5716268,-0.0248788,-1.106594e-06,-0.006400002,0,Horizontal Slash,0.4903376204892993,3.4620476442492873,1.3810303583741188,2.1156076642139214
-0.4587667,-0.07354956,-4.664305e-05,-0.001066667,-0.7212642,-0.07311045,-4.642449e-05,-0.0005437501,0,Horizontal Slash,0.493392176926136,3.502989571816336,1.3592578172683716,2.1745561471748505
-0.3593013,-0.07358095,0.0009817927,-0.001066663,-0.522604,-0.07358877,0.001144154,-0.001066835,0,Horizontal Slash,0.47881026566028595,3.415635760653757,1.430637039244175,2.0317832072859696
-0.4508986,-0.07355046,0.0001338229,-0.001066667,-0.5877098,-0.07356926,-0.0006406192,-0.001066847,0,Horizontal Slash,0.47295364551246166,3.3913147124759067,1.458241045475006,1.980853622001459
-0.1865874,0.3918472,9.334552e-05,-0.007947516,-0.6116561,-0.07354944,-4.763834e-06,-0.001066667,0,Horizontal Slash,0.5101982047781348,3.4431155649550504,1.3315762281417847,2.0899491578112817
-0.3354146,-0.005010879,-0.0001412303,0.01357376,-0.6116797,-0.07354944,-2.249658e-08,-0.001066667,0,Horizontal Slash,0.4951991601847112,3.4768447914441483,1.3618860393762589,2.1407512702660374
-0.4016838,-0.05763714,7.116901e-05,0.005213122,-0.6556224,0.6293529,0.0008159864,0.02112759,1,Walk Forward,0.35209380090236664,2.6959633232480416,1.7962526381015778,0.9348348472808711
-0.1728334,0.1317072,0.004301081,0.00761312,-0.6518929,0.7737564,7.00927e-05,0.003527588,1,Walk Forward,0.3964191749691963,2.7892452295681505,1.7100069969892502,1.0889166354629616
0.2011721,-0.0707711,0.00599998,0.002648361,-0.6515425,0.1443108,8.003178e-10,0.0006362025,0,Horizontal Slash,0.49738577916286886,3.6097078072306266,1.1263770163059235,2.4801689561693316
0.08173869,-0.07355611,-0.0001133369,-0.001067315,-0.5601763,0.2939796,0.0001888948,-0.0137638,0,Horizontal Slash,0.503695348277688,3.493394093177564,1.2968971580266953,2.20426054663089
-0.06811699,-0.0735506,-0.0001422063,-0.001066667,-0.6466367,-0.01756165,-8.204691e-05,0.009011902,0,Horizontal Slash,0.5018732193857431,3.5976267722584563,1.1851443648338318,2.4226514177501293
-0.2181163,-0.07355058,-0.0001423426,-0.001066667,-0.7230927,-0.02831605,3.675556e-05,-0.0204481,0,Horizontal Slash,0.5039180982857943,3.5848195681584274,1.2257667183876038,2.3706315488795022
-0.3681163,-0.0735506,-0.0001423433,-0.001066667,-0.6780495,-0.07361401,4.310034e-05,-0.002240997,0,Horizontal Slash,0.49813991971313953,3.528405631731535,1.3216866850852966,2.2336580375772437
-0.5181162,-0.0735506,-0.0001423433,-0.001066667,-0.6063005,-0.07363163,0.0006233925,-0.002146125,0,Horizontal Slash,0.4599849432706833,3.334737385654577,1.507056902628392,1.8819615535841516
-0.4079692,0.1433473,0.0003749475,-0.00314832,-0.6185009,-0.07355101,0.0001651365,-0.001066669,0,Horizontal Slash,0.4865533160045743,3.3721961052748908,1.438386108726263,1.9545181005184238
-0.5539598,-0.03022221,-0.0004269421,0.007174159,-0.6960425,-0.07247782,-0.0002267666,-0.0007716671,0,Horizontal Slash,0.4707103129476309,3.3723218226029505,1.4757092390209436,1.9399432232448546
-0.5915849,-0.0713328,7.184361e-05,-0.00180646,-0.7114029,-0.05259788,-5.929733e-05,-0.01917167,0,Horizontal Slash,0.4609113670885563,3.3414887994037734,1.506838756147772,1.886044663273488
-0.6277996,-0.07354973,7.066589e-05,-0.001066666,-0.6922594,-0.06590172,0.0001812131,0.003434023,0,Horizontal Slash,0.4490478187799454,3.29464932240869,1.5445831678807735,1.8083525248669317
-0.5748693,-0.07354974,7.066867e-05,-0.001066667,-0.6149222,0.05491477,0.0001176313,-0.01496598,1,Vertical Slash,0.41442781686782837,3.1011704744837827,1.652081236243248,1.5152234161201026
-0.4245647,-0.07354944,9.758494e-06,-0.001066667,-0.7029617,-0.07263808,4.848694e-06,-0.0003330783,0,Horizontal Slash,0.4952817400917411,3.5118811644954326,1.3461484462022781,2.19506101554778
-0.5738078,-0.07355059,-0.000141625,-0.001066667,-0.6912116,-0.07204707,0.0001950223,-0.004976832,0,Horizontal Slash,0.4653601348400116,3.3662721765080508,1.4885446801781654,1.9278427373139024
-0.5992388,-0.07354974,7.116993e-05,-0.001066667,-0.6075296,0.1100889,0.0006090935,-0.00357682,1,Vertical Slash,0.3879900872707367,2.9762326213607113,1.7181386947631836,1.3277561052741296
-0.4489317,-0.07354943,9.75866e-06,-0.001066667,-0.6044851,-0.07300854,1.976623e-07,0.001047103,0,Horizontal Slash,0.47699070908129215,3.4108765253382174,1.4420449770987034,2.0136692385950377
-0.5981748,-0.07355059,-0.000141625,-0.001066667,-0.583708,0.08652186,0.0001888943,-0.0133529,1,Vertical Slash,0.38357169181108475,2.9646321023125295,1.7262123674154282,1.310777384419398
-0.4489314,-0.07354944,9.689603e-06,-0.001066667,-0.6302158,-0.07165595,-3.020098e-06,0.001722927,0,Horizontal Slash,0.4817527327686548,3.4349516160252365,1.421552635729313,2.054486057407947
-0.5981748,-0.07355057,-0.0001416253,-0.001066667,-0.6961285,-0.07207739,0.0003398218,0.001024204,0,Horizontal Slash,0.4602874331176281,3.3449973216849522,1.506630013231188,1.891152915732707
0.291,-0.061,0.0,0.0,-0.327,-0.065,0.0,0.0,0,Horizontal Slash,0.49116691015660763,3.5918649348147995,1.1586580276489258,2.481214298912053
0.291,-0.061,0.0,0.0,-0.327,-0.065,0.0,0.0,0,Horizontal Slash,0.49116691015660763,3.5918649348147995,1.1586580276489258,2.481214298912053
0.1417084,-0.07355104,-0.0001416711,-0.001066699,-0.1777084,-0.07354025,0.0001416711,-0.002132813,0,Horizontal Slash,0.4861779287457466,3.4957813648227245,1.3162295371294022,2.255047772431271
-0.008288288,-0.0735506,-0.0001423401,-0.001066667,-0.326295,-0.07354977,-0.000141002,-0.002133333,0,Horizontal Slash,0.49230769788846374,3.506904691696794,1.312856987118721,2.246742798198616
0.07418534,-0.0735798,0.0009287439,-0.001066771,-0.2783816,-0.06622983,-0.0003228468,-0.002949785,0,Horizontal Slash,0.4917698763310909,3.5148336842797328,1.296359121799469,2.2767591151958446
-0.07048452,-0.07355052,-0.0001372852,-0.001066667,-0.42928,-0.07355072,-0.0001431957,-0.001066674,0,Horizontal Slash,0.49705911707133055,3.532528251912356,1.2858206629753113,2.285753135547179
-0.02437036,-0.07297393,5.120597e-05,-0.0005265698,-0.2800443,-0.07354944,9.68909e-06,-0.001066667,0,Horizontal Slash,0.48640486877411604,3.470678720476828,1.355011135339737,2.176864046736702
-0.1734072,-0.07301627,-0.0001414292,-0.0005333318,-0.5299643,-0.06862117,-0.0006054773,-0.003083118,0,Horizontal Slash,0.4991069363313727,3.5365362495358306,1.2902002781629562,2.2766759746355634
-0.3234027,-0.07301631,-0.0001423389,-0.0005333333,-0.6162404,-0.07320284,-8.187213e-05,-0.0005722363,0,Horizontal Slash,0.4965663386974484,3.514715480498928,1.331935465335846,2.212897053210341
-0.4734026,-0.07301631,-0.0001423433,-0.0005333333,-0.6847215,-0.06786342,0.0002716257,0.0002554905,0,Horizontal Slash,0.48599056154489517,3.4589081284244227,1.4023950919508934,2.0933200955729414
-0.3261358,-0.002809034,0.001007851,-0.01023527,-0.7106462,-0.06540266,0.0002676644,-0.002900483,0,Horizontal Slash,0.5040632747113705,3.5415859618651897,1.2875962406396866,2.265320406590574
-0.3714667,0.01055962,2.14587e-05,-0.0215929,-0.5593569,-0.07354944,9.822425e-06,-0.001066667,0,Horizontal Slash,0.48517126124352217,3.412718514750184,1.4202599376440048,2.0258532161866096
-0.5204747,-0.0645379,-0.0001415697,-0.001798222,-0.6803674,-0.06861924,0.0003027384,-0.003083118,0,Horizontal Slash,0.4759101588279009,3.4071518188749566,1.4498506374657154,2.000229445310844
-0.363608,-0.06431104,0.0008302081,-0.002813376,-0.7045473,-0.0665753,0.0002677012,-0.002970104,0,Horizontal Slash,0.5003308964369353,3.5393838605388304,1.3061888813972473,2.2557438873701097
-0.5087682,-0.07355062,-0.0001377505,-0.001066673,-0.6890631,-0.06865121,0.0002124889,-0.001543977,0,Horizontal Slash,0.48017778992652893,3.431808238096643,1.4297607392072678,2.042909998350051
-0.3794217,-0.07357462,0.0008887366,-0.001066434,-0.6950458,-0.07014196,0.0002675946,-0.003168202,0,Horizontal Slash,0.4984221844933927,3.5304172728273184,1.3205115050077438,2.2360548357449366
-0.5242907,-0.07355051,-0.0001374741,-0.001066667,-0.6864207,-0.06347555,0.0002124887,0.0008064989,0,Horizontal Slash,0.4759234618395567,3.4101465643266966,1.4488734267652035,2.0045535502728864
-0.6468081,-0.07354974,7.116012e-05,-0.001066667,-0.7007273,-0.07195538,3.900469e-05,-0.002183376,0,Horizontal Slash,0.4455990456044674,3.2833175355599975,1.5545640848577023,1.789205338098319
0.291,-0.061,0.0,0.0,-0.327,-0.065,0.0,0.0,0,Horizontal Slash,0.49116691015660763,3.5918649348147995,1.1586580276489258,2.481214298912053
0.291,-0.061,0.0,0.0,-0.327,-0.065,0.0,0.0,0,Horizontal Slash,0.49116691015660763,3.5918649348147995,1.1586580276489258,2.481214298912053
0.1417084,-0.07355104,-0.0001416711,-0.001066699,-0.4762917,-0.07354024,-0.0001416711,-0.002132813,0,Horizontal Slash,0.49503895454108715,3.6083660889883906,1.147429496049881,2.4894602882877517
-0.008288288,-0.0735506,-0.0001423401,-0.001066667,-0.5630347,-0.05716294,-8.231501e-05,-0.002194814,0,Horizontal Slash,0.4997853897511959,3.596292871850436,1.1830920279026031,2.432621169350301
-0.1582883,-0.0735506,-0.0001423433,-0.001066667,-0.5634009,-0.07299379,-3.887218e-07,-0.0005318309,0,Horizontal Slash,0.5009874434908852,3.560101214836937,1.2575045675039291,2.328092184989962
-0.3082883,-0.0735506,-0.0001423433,-0.001066667,-0.6042501,0.04864218,0.0001888956,-0.01493184,0,Horizontal Slash,0.4888410195708275,3.433572564113618,1.4021635353565216,2.062349206973974
-0.4582882,-0.0735506,-0.0001423433,-0.001066667,-0.2051991,-0.03773092,0.0003786815,0.005065919,1,Vertical Slash,0.31670284271240234,2.7446689453584168,1.8425382375717163,0.9977011418915238
-0.3090484,-0.07354944,9.689372e-06,-0.001066667,-0.6031765,0.0006420165,-2.583861e-05,-0.02853409,0,Horizontal Slash,0.49148872029036283,3.462148035539559,1.3792357966303825,2.1145531928623855
-0.3624026,-0.07354973,7.081266e-05,-0.001066667,-0.6473985,-0.03403605,0.0008530593,-0.01177844,0,Horizontal Slash,0.49348495015874505,3.485375897701824,1.363856554031372,2.1515681567642067
-0.511342,-0.07355059,-0.0001413367,-0.001066667,-0.6422006,-0.07343055,0.0004186504,-0.002107944,0,Horizontal Slash,0.4705569688230753,3.3845512559850817,1.4687944781035185,1.9635888011838012
-0.6406776,-0.07354943,4.890715e-06,-0.001066667,-0.7152181,-0.07354946,-1.60536e-05,-0.001066667,0,Horizontal Slash,0.45232922956347466,3.3141232548561432,1.5329155959188938,1.8383114486620742
-0.6027046,-0.07354973,7.082399e-05,-0.001066667,-0.6885773,-0.06543995,-0.0002945249,-0.0028798,0,Horizontal Slash,0.4553356356918812,3.320570311424784,1.5241731759160757,1.8515789687132533
-0.631793,-0.07354974,7.066828e-05,-0.001066667,-0.7146011,-0.04934697,-0.0001958335,-0.01212463,0,Horizontal Slash,0.44928186759352684,3.2923226623853896,1.5453689731657505,1.804378537162964
-0.6063501,-0.07354945,4.856315e-06,-0.001066667,-0.668557,-0.07314791,5.574023e-05,-0.0005642694,0,Horizontal Slash,0.45015763863921165,3.298895658645639,1.5402271635830402,1.8170217071846009
-0.3535157,-0.07358303,0.0009755286,-0.001066844,-0.6211084,-0.0735589,0.0004912686,-0.001066472,0,Horizontal Slash,0.4942062571644783,3.500407533109774,1.3505428731441498,2.1821547543387676
-0.3399027,-0.07302714,0.0001026927,-0.0005341362,-0.7039195,-0.0735318,-5.839885e-05,-0.001646426,0,Horizontal Slash,0.5014354450395331,3.5557280494541885,1.2854528278112411,2.292300548296058
-0.4893406,-0.07301611,-9.702237e-06,-0.0005333334,-0.6979256,-0.07390507,2.926081e-05,-0.001108723,0,Horizontal Slash,0.4858156265690923,3.461344390270222,1.4022886827588081,2.096189755677232
0.291,-0.061,0.0,0.0,-0.327,-0.065,0.0,0.0,0,Horizontal Slash,0.49116691015660763,3.5918649348147995,1.1586580276489258,2.481214298912053
0.291,-0.061,0.0,0.0,-0.327,-0.065,0.0,0.0,0,Horizontal Slash,0.49116691015660763,3.5918649348147995,1.1586580276489258,2.481214298912053
0.1417084,-0.07355104,-0.0001416711,-0.001066699,-0.1777084,-0.07354025,0.0001416711,-0.002132813,0,Horizontal Slash,0.4861779287457466,3.4957813648227245,1.3162295371294022,2.255047772431271
-0.008288288,-0.0735506,-0.0001423401,-0.001066667,-0.1416584,-0.05304648,3.420984e-05,0.001876704,0,Horizontal Slash,0.4619746543467045,3.3558636197041665,1.459649857133627,1.9822641559101437
-0.03892424,-0.07354974,7.117163e-05,-0.001066667,-0.1376949,-0.02769988,-1.685119e-05,-0.01894389,0,Horizontal Slash,0.4488273411989212,3.2898633215439723,1.510513317771256,1.8687274348785585
0.107939,-0.07354955,4.37119e-05,-0.001066667,-0.1844424,-0.07390501,-4.865048e-06,-0.00110675,0,Horizontal Slash,0.48507294803857803,3.483771579812687,1.332539215683937,2.2259270421788253
0.2335523,-0.07357294,0.001124116,-0.0003339774,-0.0889466,0.1378165,-0.0001060966,-0.001961925,0,Horizontal Slash,0.4699960593134165,3.372650078013249,1.423933021724224,2.036055021704187
0.08921974,-0.07301609,-9.370766e-06,-0.0005333326,0.03392267,-0.06808769,-1.549528e-05,-0.00753723,0,Horizontal Slash,0.4347512051463127,3.27017343898133,1.5252102464437485,1.8641755126098678
0.1560933,-0.07301614,7.085767e-05,-0.0005333333,-0.1692177,0.1414627,-0.0003894889,-0.001766648,0,Horizontal Slash,0.474835017696023,3.3775861742728996,1.4212694242596626,2.028983345929077
0.006496115,-0.0730161,-9.712568e-06,-0.0005333333,-0.04776495,-0.05182579,-1.558724e-05,-0.005234868,0,Horizontal Slash,0.4377663619816303,3.2613431601247718,1.5322605855762959,1.8334739413776213
0.2762876,-0.07001228,6.719162e-05,-0.004007711,-0.102916,-0.073905,-4.865253e-06,-0.001066667,0,Horizontal Slash,0.484360346570611,3.5139295775000563,1.2841228246688843,2.319247873823187
0.2593721,0.09571043,0.0004660366,-0.004489296,-0.007420233,0.1378089,-0.0001060966,-0.001962238,0,Horizontal Slash,0.4559369534254074,3.255159030896681,1.4930382599122822,1.8505632822458349
0.1117502,-0.07130525,-9.584326e-06,0.001761162,0.02755064,-0.007270929,2.270478e-06,0.004191416,0,Horizontal Slash,0.4342493340373039,3.2520978923708315,1.5330836810171604,1.8341181168729737
0.1219734,-0.07354955,7.085815e-05,-0.001066656,-0.04087587,-0.07074568,-7.084088e-05,-0.001352146,0,Horizontal Slash,0.4628394804894924,3.385735096108203,1.4306113421916962,2.0580934495445953
0.2788125,-0.07357745,0.0008570733,-0.001066759,-0.07769595,0.1369523,-0.000318413,-0.002003317,0,Horizontal Slash,0.47343166917562485,3.3972478868850073,1.4003324210643768,2.0860725887480487
0.1331451,-0.07354943,-9.457427e-06,-0.001066667,0.04411209,-0.06691054,-1.556418e-05,-0.007516534,0,Horizontal Slash,0.44181907176971436,3.3050056705921613,1.497545731952414,1.928220123364975
0.3061653,-0.04751721,5.409917e-05,0.003811353,-0.01743483,-0.07354967,-4.865257e-06,-0.002133341,0,Horizontal Slash,0.4774473216384649,3.474688005468212,1.3279454559087753,2.2521081263260685
0.3169263,-0.07093936,0.0005947623,-0.01537068,0.07819359,0.1472569,-0.0001060966,-0.001428905,0,Horizontal Slash,0.44429391250014305,3.2859505657391304,1.4932717788033187,1.9133455234353254
0.1699478,-0.07354943,-9.542555e-06,-0.001066666,-0.07228807,-0.06267463,-9.769997e-06,0.002042774,0,Horizontal Slash,0.4745091702789068,3.44093396788849,1.3752479925751686,2.1611192095067477
0.3502024,-0.06733172,0.001287484,0.005179787,-0.063789,0.1535076,-0.0003185571,-0.001116958,0,Horizontal Slash,0.4764809738844633,3.419045974840009,1.3749577552080154,2.135576378962472
0.2073799,-0.0737747,-0.000135591,-0.002169066,0.08391739,-0.02060786,0.0001401667,0.000558478,0,Horizontal Slash,0.4408235549926758,3.3018851727023275,1.4950056145898998,1.9336749820788783
0.291,-0.061,0.0,0.0,-0.327,-0.065,0.0,0.0,0,Horizontal Slash,0.49116691015660763,3.5918649348147995,1.1586580276489258,2.481214298912053
0.291,-0.061,0.0,0.0,-0.327,-0.065,0.0,0.0,0,Horizontal Slash,0.49116691015660763,3.5918649348147995,1.1586580276489258,2.481214298912053
0.1417084,-0.07355104,-0.0001416711,-0.001066699,-0.3937138,-0.07373843,-6.330841e-05,-0.00221625,0,Horizontal Slash,0.49542599031701684,3.583360207895929,1.1898435056209564,2.4329376277892085
-0.008288288,-0.0735506,-0.0001423401,-0.001066667,-0.3940288,-0.07354997,-2.989656e-07,-0.002133354,0,Horizontal Slash,0.4966812033671886,3.539857565116242,1.2703502029180527,2.3114959996579416
-0.1589236,-0.07354944,-1.528399e-05,-0.001066667,-0.4217638,-0.072868,-7.093715e-05,-0.0005122771,0,Horizontal Slash,0.49126956705003977,3.4848059448181417,1.3494458496570587,2.1802005766651376
-0.2563157,-0.07354945,4.870262e-06,-0.001066667,-0.7185699,-0.05980124,6.280079e-05,-0.004385175,0,Horizontal Slash,0.5035550848115236,3.5857639812570237,1.2319997251033783,2.3686709109596347
-0.4010146,-0.07358372,-0.00105536,-0.001066667,-0.6922086,-0.07391073,0.0002457068,-0.002467824,0,Horizontal Slash,0.49658408178947866,3.519144587869028,1.3357456773519516,2.211694698396008
-0.5562412,-0.07354943,-1.007805e-05,-0.001066667,-0.7181438,-0.07354952,3.042524e-05,-0.001066668,0,Horizontal Slash,0.47623753547668457,3.418619411334784,1.4458762593567371,2.016138878379733
-0.5204055,-0.05918038,7.818344e-05,-0.002887012,-0.6545507,-0.07388261,4.268731e-05,-0.002086749,0,Horizontal Slash,0.4712506290525198,3.3828545284867135,1.4686634205281734,1.9601558356955804
-0.4420668,-0.07301314,0.0001019069,-0.000533162,-0.6604186,-0.07069356,8.064085e-05,0.001730209,0,Horizontal Slash,0.48770518228411674,3.4663028165114347,1.392682023346424,2.10979606414888
-0.5873497,-0.07302319,-0.0008415569,-0.0005333327,-0.6350793,0.05102485,0.003715851,0.005999188,1,Vertical Slash,0.42042484134435654,3.128189926260974,1.6373074501752853,1.5546037839676352
-0.4416048,-0.07301611,9.462461e-06,-0.0005333333,-0.6518151,-0.02100448,7.510037e-06,-0.03160082,0,Horizontal Slash,0.4791611358523369,3.4078453122645973,1.440165862441063,2.0077435543265025
-0.5908493,-0.07301631,-0.0001416264,-0.0005333333,-0.6517777,-0.05948476,3.546516e-08,0.005299797,0,Horizontal Slash,0.4483844079077244,3.284667434440133,1.5475044548511505,1.7955644674387239
-0.5320937,-0.07301614,7.116993e-05,-0.0005333333,-0.6668718,0.2021103,9.444742e-05,-0.00910021,1,Vertical Slash,0.4158019497990608,3.0634797799436395,1.6586800515651703,1.4614255634293127
-0.1493457,0.1099172,0.003521569,0.001066663,-0.6664203,-0.07089268,4.153842e-06,-0.03150021,0,Horizontal Slash,0.5076216454617679,3.5509196132778067,1.236802190542221,2.3073779203748384
-0.2816704,-0.06217168,-1.342617e-05,0.003466666,-0.516589,-0.06995352,1.521392e-05,-0.002462474,0,Horizontal Slash,0.48943084105849266,3.4646320236247763,1.3778653740882874,2.1259427474201926
-0.3269453,-0.07357061,0.000528002,-0.002733334,-0.4698358,0.02510936,-0.0008798771,-0.006462476,0,Horizontal Slash,0.4609382934868336,3.302960674964171,1.5091582341119647,1.8472844966198243
-0.3963713,-0.07354943,4.782108e-06,-0.001066667,-0.615594,-0.05160575,-0.0001344299,0.002505546,0,Horizontal Slash,0.4865835830569267,3.4517221343789273,1.4003849625587463,2.088386948556139
-0.545639,-0.07355058,-0.0001416485,-0.001066667,-0.7129721,-0.05296118,-9.240748e-05,0.0003372271,0,Horizontal Slash,0.47511713951826096,3.4060334472617186,1.4535527974367142,1.9953746170763327
-0.647002,-0.07354973,7.116998e-05,-0.001066667,-0.697744,0.05571898,0.0001722054,-0.006690335,1,Vertical Slash,0.41541293263435364,3.1130957233096916,1.6509047895669937,1.5280052971081794
-0.3700787,-0.07008903,0.0001299118,0.0002059013,-0.5469352,-0.07278456,9.791448e-06,-0.0004795365,0,Horizontal Slash,0.4812286365777254,3.4265840523054782,1.421506017446518,2.049029209125456
-0.518724,-0.07354158,-0.0001410576,-0.002132913,-0.6125085,0.0501065,0.0001888716,-0.01487954,1,Horizontal Slash,0.4370194748044014,3.1961503693376434,1.5912018790841103,1.6630561390663998
-0.3694777,-0.07354943,9.689788e-06,-0.002133333,-0.6115646,-0.07271005,6.129237e-08,-0.0001350144,0,Horizontal Slash,0.49135848227888346,3.483216677430204,1.3694898337125778,2.1485704152562404
-0.4069875,-0.07354952,7.081266e-05,-0.002133333,-0.5577418,-0.03755046,-0.0001180593,-0.01853502,0,Horizontal Slash,0.4703692104667425,3.3663681907474294,1.4717203378677368,1.943208550024536
-0.551046,-0.07354905,7.066833e-05,-0.002133333,-0.6136676,-0.07250892,-0.0004584346,-0.00116935,0,Horizontal Slash,0.45211802423000336,3.3013233068297874,1.5336377583444118,1.8256803330854103
0.291,-0.061,0.0,0.0,-0.327,-0.065,0.0,0.0,0,Horizontal Slash,0.49116691015660763,3.5918649348147995,1.1586580276489258,2.481214298912053
0.291,-0.061,0.0,0.0,-0.327,-0.065,0.0,0.0,0,Horizontal Slash,0.49116691015660763,3.5918649348147995,1.1586580276489258,2.481214298912053
0.1417084,-0.07355104,-0.0001416711,-0.001066699,-0.1777084,-0.07354025,0.0001416711,-0.002132813,0,Horizontal Slash,0.4861779287457466,3.4957813648227245,1.3162295371294022,2.255047772431271
0.1574872,-0.0735666,0.0006214456,-0.001066676,-0.07281905,-0.07352997,-6.55625e-05,-0.001012319,0,Horizontal Slash,0.4738002121448517,3.438880733105877,1.3787311688065529,2.1561734696911183
0.01064214,-0.07354943,-9.533893e-06,-0.001066667,-0.2230981,-0.07354945,-9.756843e-06,-0.001066667,0,Horizontal Slash,0.4820471853017807,3.4534239645355553,1.371078222990036,2.152489678120699
-0.138697,-0.07355059,-0.0001417161,-0.001066667,-0.3250274,-0.07289597,-9.672637e-05,-0.002111667,0,Horizontal Slash,0.4797037858515978,3.4259815875304023,1.4062861576676369,2.079391617430205
-0.2886938,-0.0735506,-0.0001423403,-0.001066667,-0.5199245,-0.0732226,-0.0003500304,-0.002709711,0,Horizontal Slash,0.4893837943673134,3.4700641778500896,1.3751803115010262,2.13505501836571
-0.2012316,-0.07302256,0.0007754897,-0.0005334603,-0.5017417,-0.07326332,-0.0002779116,-0.002711732,0,Horizontal Slash,0.4957389198243618,3.5105288664296475,1.3246182650327682,2.221908254071598
-0.1796869,-0.06762748,0.0006313135,-0.003024753,-0.3989572,-0.07325303,-6.754392e-05,-0.002711728,0,Horizontal Slash,0.48619140684604645,3.4532435691813648,1.3821153417229652,2.1204887079404133
-0.09657486,-0.06129893,0.0007350937,-0.0008224258,-0.3948481,-0.07326352,-0.0002785786,-0.002711728,0,Horizontal Slash,0.49348621303215623,3.498136054356424,1.3276797980070114,2.214704845449287
-0.1010864,-0.0735383,0.0005119987,-0.001063925,-0.2920668,-0.07325303,-6.754707e-05,-0.002711728,0,Horizontal Slash,0.47933834232389927,3.42761977489891,1.402604155242443,2.08822375711856
0.02174451,-0.0730162,5.442249e-05,-0.0005333371,-0.2634789,-0.07354943,-4.85682e-06,-0.001066667,0,Horizontal Slash,0.4880765862762928,3.4858724706146504,1.3353328853845596,2.212918446924332
0.07262605,0.2333457,0.0007796059,0.003657809,-0.2080428,-0.07319577,-0.0002787267,-0.002708691,0,Horizontal Slash,0.48816125839948654,3.3772814659920054,1.3950189277529716,2.0259110775224807
-0.07278599,-0.05302405,-0.0001379894,0.0125711,-0.3587216,-0.0735506,-0.0001429873,-0.001066667,0,Horizontal Slash,0.4912309795618057,3.4834393920785915,1.3412332385778427,2.1909307179728787
-0.2225864,-0.05051314,-0.0001423227,-0.001485548,-0.5064382,-0.07065963,-0.0003052581,-0.004027619,0,Horizontal Slash,0.4948662891983986,3.4928503089724834,1.3418725579977036,2.1852560470400566
-0.1899866,-0.07331847,4.713712e-05,-0.001013094,-0.4296637,-0.07354953,-2.473019e-05,-0.002133325,0,Horizontal Slash,0.48908672481775284,3.4707701001917313,1.366484358906746,2.1501126351987483
0.291,-0.061,0.0,0.0,-0.327,-0.065,0.0,0.0,0,Horizontal Slash,0.49116691015660763,3.5918649348147995,1.1586580276489258,2.481214298912053
0.291,-0.061,0.0,0.0,-0.327,-0.065,0.0,0.0,0,Horizontal Slash,0.49116691015660763,3.5918649348147995,1.1586580276489258,2.481214298912053
0.1417084,-0.07355104,-0.0001416711,-0.001066699,-0.4144002,-0.06963862,-8.293893e-05,0.0001350001,0,Horizontal Slash,0.49557012924924493,3.5888967793620683,1.1802590787410736,2.4448389930145553
-0.008288288,-0.0735506,-0.0001423401,-0.001066667,-0.4203135,-0.001813379,-5.611467e-06,-0.01717395,0,Horizontal Slash,0.4973492035642266,3.519298510257656,1.2918395549058914,2.263916005234478
-0.1582883,-0.0735506,-0.0001423433,-0.001066667,-0.5696331,-0.0677125,-0.0001416976,-0.005493487,0,Horizontal Slash,0.5011363454395905,3.5598768383136115,1.2574184089899063,2.327252352979016
-0.3082883,-0.0735506,-0.0001423433,-0.001066667,-0.321519,-0.002478703,0.0002354493,-0.0005233358,1,Vertical Slash,0.42565690726041794,3.1613143970452837,1.6055634021759033,1.6309933459680845
-0.1590484,-0.07354944,9.689372e-06,-0.001066667,-0.3749509,-0.07192601,-3.469067e-06,0.001436313,0,Horizontal Slash,0.48517416696995497,3.451324173847988,1.3835022151470184,2.1201158861937484
-0.3082918,-0.07355057,-0.0001416253,-0.001066667,-0.5098986,-0.0638722,-0.0006219217,-0.002792753,0,Horizontal Slash,0.4844137551262975,3.440681620371489,1.4038722440600395,2.0803153390154883
-0.4589511,-0.07354944,-9.781523e-06,-0.001066667,-0.6285889,-0.04284815,1.308166e-05,-0.003403622,0,Horizontal Slash,0.4757250677794218,3.397173383393066,1.4519283771514893,1.9886267494405603
-0.6082915,-0.07355057,-0.0001417172,-0.001066667,-0.6088347,0.009028454,1.876801e-05,-0.001287478,1,Vertical Slash,0.4112422987818718,3.103366179932299,1.6571092456579208,1.5161146901823876
-0.4597051,-0.07355058,0.0001410018,-0.001066667,-0.6087421,-0.06951435,8.862944e-08,-0.003921869,0,Horizontal Slash,0.4746971298009157,3.3993882881784554,1.452154129743576,1.993238616240467
-0.4584869,-0.07354944,4.844903e-06,-0.001066667,-0.6067009,-0.04478105,0.00014729,-0.001574429,0,Horizontal Slash,0.4715258255600929,3.3768267676462798,1.4681787863373756,1.955096596843689
-0.3085113,-0.07354944,9.737137e-06,-0.001066667,-0.2060945,-0.02412719,2.60093e-05,0.003187215,1,Vertical Slash,0.38466378301382065,3.007076657407189,1.6995308995246887,1.3993562782915894
-0.1585114,-0.07354944,9.738724e-06,-0.001066667,0.04395441,-0.03616371,1.623437e-05,0.005206394,1,Vertical Slash,0.3367384225130081,2.856209426895757,1.7815070748329163,1.1937885512277706
-0.008511334,-0.07354944,9.738724e-06,-0.001066667,0.1936637,-0.07275821,9.740828e-06,-0.000453175,1,Vertical Slash,0.3352641761302948,2.8962156018392387,1.764302283525467,1.2776006728304778
-0.1448054,-0.07355116,-0.0001753419,-0.001066665,0.3702736,0.2923326,0.0002123937,-0.004777523,1,Walk Forward,0.06063684821128845,1.833984230610359,2.0,0.0
0.1709439,-0.07360937,-0.001156818,-0.001066667,0.2213741,-0.06606463,-3.401147e-07,-0.007194381,1,Vertical Slash,0.3872325122356415,3.1176663124130735,1.630611777305603,1.6434119288061926
0.01521033,-0.07354944,-1.011097e-05,-0.001066667,0.3740764,-0.06589434,1.298081e-05,0.001801405,1,Vertical Slash,0.24674609303474426,2.6013625202077333,1.9192330539226532,0.8479318957669774
0.1644516,-0.07355057,0.0001416233,-0.001066667,0.6852147,0.1044515,-0.0008627648,-0.004154942,1,Vertical Slash,0.08547118306159973,2.0727671966736336,2.0,0.10592303995977942
0.3151109,-0.07354943,9.781523e-06,-0.001066667,0.6809038,-0.07007891,-2.799834e-07,-0.001880632,1,Vertical Slash,0.20361453294754028,2.5606156405823572,1.9537122249603271,0.8495085235427099
0.4651113,-0.07354944,9.738736e-06,-0.001066667,0.4311107,-0.002298119,-1.622603e-05,-0.0004162302,0,Horizontal Slash,0.3747163414955139,3.13578072765975,1.6142371222376823,1.73054955578669
0.3152086,-0.07354945,-9.732402e-06,-0.001066667,0.3319334,-0.001931755,-6.446736e-06,-0.001627441,1,Vertical Slash,0.37337730824947357,3.086851400139718,1.6458058804273605,1.6203656264809092
0.1652086,-0.07354945,-9.738724e-06,-0.001066667,0.3319016,-0.07391872,-2.092087e-09,-0.004001715,1,Vertical Slash,0.33543969690799713,2.9424607829938005,1.7399144172668457,1.3783124826016024
0.1451469,-0.07354943,-4.866201e-06,-0.001066667,0.398789,-0.03795481,1.298075e-05,-0.005199141,1,Vertical Slash,0.2830527573823929,2.748554081269922,1.8441703617572784,1.0842251391061641
0.2950739,-0.07354944,9.733982e-06,-0.001066667,-0.0009656121,-0.03449507,-2.595729e-05,-0.004600428,0,Horizontal Slash,0.47257811576128006,3.4488922188330142,1.3596643060445786,2.1992425737721786
0.1451712,-0.07354943,-9.732405e-06,-0.001066667,-0.150932,-0.0735494,-9.743985e-06,-0.001066662,0,Horizontal Slash,0.48360117711126804,3.482691759016674,1.33163283765316,2.2315975467209572
-0.004168874,-0.07355057,-0.000141717,-0.001066667,-0.1722763,-0.06734619,-9.816344e-05,-0.001156669,0,Horizontal Slash,0.47079157643020153,3.3981859333641227,1.4241601377725601,2.0543311051249913
-0.1548285,-0.07354944,-9.781551e-06,-0.001066667,-0.3758091,-0.07252218,-6.025989e-05,-0.0001348711,0,Horizontal Slash,0.4857756020501256,3.4548928981339646,1.379770189523697,2.127085930124055
-0.05022153,0.03360128,0.000842075,-0.008065248,-0.5208462,-0.06662899,-0.0009644219,0.0008458149,0,Horizontal Slash,0.5035216715186834,3.5487377821443538,1.2407393753528595,2.319950121314614
-0.1951075,-0.06660023,-0.0001376945,-0.003216311,-0.52538,-0.07232483,-4.554355e-06,-6.608106e-06,0,Horizontal Slash,0.4982342729344964,3.525484453504165,1.3050173968076706,2.2517025820278063
-0.3450844,-0.07355493,-0.0001423213,-0.002133586,-0.7090815,0.04609315,-0.0008463313,-0.007292453,0,Horizontal Slash,0.4976775022223592,3.490599591952514,1.3512768000364304,2.159591408084829
-0.4950843,-0.07354979,-0.0001423431,-0.002133334,-0.6039447,-0.0655946,0.0001200576,0.01044623,0,Horizontal Slash,0.46587439253926277,3.358001141974835,1.4872007742524147,1.9213152670642801
-0.5079008,-0.07354953,7.117163e-05,-0.002133334,-0.6033472,-0.07275003,5.66956e-07,-0.002188443,0,Horizontal Slash,0.46209680661559105,3.3435061751384274,1.4996815649792552,1.897034642238796
-0.5039203,-0.07354943,4.856233e-06,-0.002133334,-0.6996494,-0.06040568,3.528923e-05,-0.0006251717,0,Horizontal Slash,0.48229791037738323,3.4403252769340686,1.4213812276721,2.057725683642812
-0.6531878,-0.07354978,-0.0001416481,-0.002133334,-0.7043973,0.05899008,9.448903e-05,-0.01502518,1,Vertical Slash,0.41341475397348404,3.104392098048764,1.6561656147241592,1.514722670964914
-0.5039445,-0.07354945,9.689596e-06,-0.002133334,-0.6580786,-0.07310929,4.85245e-06,-0.0005347684,0,Horizontal Slash,0.4758957102894783,3.4102708070333327,1.4475007690489292,2.007086762625635
-0.6538476,-0.07354945,-9.732422e-06,-0.002133334,-0.6310229,-0.00173585,8.112183e-06,0.0005668463,1,Vertical Slash,0.40299373865127563,3.075910703958664,1.6773404628038406,1.4718316157174451
0.291,-0.061,0.0,0.0,-0.327,-0.065,0.0,0.0,0,Horizontal Slash,0.49116691015660763,3.5918649348147995,1.1586580276489258,2.481214298912053
0.291,-0.061,0.0,0.0,-0.327,-0.065,0.0,0.0,0,Horizontal Slash,0.49116691015660763,3.5918649348147995,1.1586580276489258,2.481214298912053
0.1417084,-0.07355104,-0.0001416711,-0.001066699,-0.2458057,-0.07395862,7.704977e-05,-0.003645001,0,Horizontal Slash,0.49133400060236454,3.528751301718649,1.2734676003456116,2.3184199792237683
0.1639074,0.06273748,0.0006510254,-0.006378041,-0.331343,-0.07364829,-0.0009416699,-0.002146005,0,Horizontal Slash,0.49851881118956953,3.5361272878609356,1.2344619929790497,2.3330221955104027
0.01785548,-0.06329121,-0.0001385967,-0.01121098,-0.1867374,-0.07354986,0.0001372241,-0.002133336,0,Horizontal Slash,0.4779332224279642,3.430637084399105,1.3913975283503532,2.1142121573997468
-0.06110414,-0.07390535,7.116278e-05,-0.001069143,-0.3831186,-0.07258502,-0.001122554,-0.00109627,0,Horizontal Slash,0.49429547414183617,3.51300211084449,1.3096517324447632,2.2490152600329156
-0.04169556,-0.07323217,0.0006342941,-0.002717453,-0.4746255,-0.07361846,-0.0009473353,-0.002144254,0,Horizontal Slash,0.4992680099676363,3.5622839354245825,1.2415946424007416,2.3523951163903187
-0.1878307,-0.07355055,-0.0001386757,-0.001066667,-0.6333578,-0.07254252,-0.001011129,-0.001094906,0,Horizontal Slash,0.5023680564481765,3.5787644917116173,1.2342070639133453,2.3640532393007896
-0.3378125,-0.07355059,-0.0001423259,-0.001066667,-0.6911562,-0.07354974,7.322299e-05,-0.001066666,0,Horizontal Slash,0.5009087060461752,3.550506063891815,1.2917921990156174,2.2817969837404335
-0.373351,-0.07210791,0.0003850198,0.001019342,-0.6966448,-0.07359149,0.0004708441,-0.002143487,0,Horizontal Slash,0.49908844084711745,3.5356094850809425,1.3138834238052368,2.2471283063708642
-0.2728109,0.00441153,0.001002382,-0.009851537,-0.6951492,-0.07392709,0.0004699053,-0.001235164,0,Horizontal Slash,0.5052233836613595,3.5570581579785476,1.260399952530861,2.3048667571233805
-0.2441985,-0.07354961,4.438518e-05,-0.00106667,-0.542849,-0.07354943,9.888057e-06,-0.001066667,0,Horizontal Slash,0.4963250842411071,3.5132312389257376,1.3256668001413345,2.2208554680016896
-0.2142574,-0.07226753,0.0006833088,-0.01429266,-0.6287203,-0.07360255,-0.0009419873,-0.002143487,0,Horizontal Slash,0.502276049926877,3.5704885885870334,1.2488702833652496,2.34220613773846
-0.1544838,-0.02161347,0.0008091255,-0.01086463,-0.7193286,-0.07379635,-0.0009464824,-0.001235164,0,Horizontal Slash,0.5034180239308625,3.6062574271655903,1.1760655343532562,2.433245566193222
-0.2995286,-0.07390632,-0.0001378501,-0.001075655,-0.5747468,-0.07355051,0.0001372014,-0.001066667,0,Horizontal Slash,0.4947320413775742,3.502382074603067,1.3430808335542679,2.1927388847188527
-0.4495062,-0.07355059,-0.000142322,-0.001066667,-0.7233557,-0.07355057,-0.0001410231,-0.001066667,0,Horizontal Slash,0.4946996010839939,3.5106939538090565,1.3503427356481552,2.1900077922150305
-0.3874555,-0.05716734,0.0007965484,-0.01340356,-0.6532508,-0.07359355,0.0005771038,-0.002143487,0,Horizontal Slash,0.4949036738835275,3.4986391109221775,1.352573350071907,2.1750768991976908
0.291,-0.061,0.0,0.0,-0.327,-0.065,0.0,0.0,0,Horizontal Slash,0.49116691015660763,3.5918649348147995,1.1586580276489258,2.481214298912053
0.291,-0.061,0.0,0.0,-0.327,-0.065,0.0,0.0,0,Horizontal Slash,0.49116691015660763,3.5918649348147995,1.1586580276489258,2.481214298912053
0.1417084,-0.07355104,-0.0001416711,-0.001066699,-0.07818056,-0.02660005,0.0002361185,-0.0184,0,Horizontal Slash,0.4684491343796253,3.398293744574892,1.4152003526687622,2.0779283248439095
-0.008288288,-0.0735506,-0.0001423401,-0.001066667,-0.3650178,-0.01075846,-0.0007796907,-0.00955659,0,Horizontal Slash,0.4937900467775762,3.4963895642366714,1.3205017298460007,2.220970160779104
-0.1589511,-0.07354944,-9.781756e-06,-0.001066667,-0.3688067,-0.07355166,-2.530242e-07,-0.00106699,0,Horizontal Slash,0.48422924242913723,3.446986001465695,1.3878236711025238,2.112656689271113
-0.3082915,-0.07355059,-0.0001417172,-0.001066667,-0.697487,-0.06750408,-0.001514755,0.0008021143,0,Horizontal Slash,0.502298153936863,3.5634044136398546,1.2710684686899185,2.3124795955543727
-0.4587086,-0.07354964,-5.830258e-05,-0.001066667,-0.7003791,-0.03482292,8.877857e-05,-0.01565381,0,Horizontal Slash,0.4869294324889779,3.454663933899542,1.4025265872478485,2.0864032316406522
-0.6076139,-0.07355363,-0.000277239,-0.001066667,-0.7212479,-0.07266513,-0.0001952355,-0.000840868,0,Horizontal Slash,0.463843509554863,3.36382477307816,1.4937248509377241,1.9208587898101703
-0.4743479,-0.07358049,0.0008268534,-0.001067265,-0.6630198,-0.07082202,0.0001447955,0.001483112,0,Horizontal Slash,0.48261623829603195,3.441694146935856,1.418076567351818,2.0634083128499854
-0.4729406,-0.05231483,4.259136e-05,-0.001988898,-0.6534413,-0.07355015,0.0001096006,-0.001066668,0,Horizontal Slash,0.48141574300825596,3.4267348147910552,1.4275420904159546,2.0382121353737728
-0.3960056,0.01871936,0.0001223837,-0.01615076,-0.5729648,-0.07210225,6.160146e-05,-0.008216279,0,Horizontal Slash,0.48190905898809433,3.393484957298172,1.4371452257037163,1.9909845052505535
-0.5445119,-0.06360684,-0.0001763664,-0.002437689,-0.6474224,-0.07348396,0.0006713491,-0.0010121,0,Horizontal Slash,0.4632633738219738,3.348434687630755,1.4976205069106072,1.9017190931821237
-0.5822927,-0.07354945,4.896399e-06,-0.001066667,-0.7208146,-0.03429764,-6.435907e-06,0.000506052,0,Horizontal Slash,0.4648709110915661,3.355029101011685,1.4950452870689332,1.9078862876705287
-0.6400452,-0.07354945,4.866987e-06,-0.001066667,-0.7036861,-0.07307877,2.00942e-05,-0.0005391392,0,Horizontal Slash,0.4491981379687786,3.2992284783603445,1.543146327137947,1.8147688367492187
0.291,-0.061,0.0,0.0,-0.327,-0.065,0.0,0.0,0,Horizontal Slash,0.49116691015660763,3.5918649348147995,1.1586580276489258,2.481214298912053
0.291,-0.061,0.0,0.0,-0.327,-0.065,0.0,0.0,0,Horizontal Slash,0.49116691015660763,3.5918649348147995,1.1586580276489258,2.481214298912053
0.1417084,-0.07355104,-0.0001416711,-0.001066699,-0.1777084,-0.07354025,0.0001416711,-0.002132813,0,Horizontal Slash,0.4861779287457466,3.4957813648227245,1.3162295371294022,2.255047772431271
-0.008288288,-0.0735506,-0.0001423401,-0.001066667,-0.2624826,-0.07390553,-8.079763e-05,-0.00111115,0,Horizontal Slash,0.48564441222697496,3.4690844674640764,1.3558299392461777,2.176938807702225
0.1086184,0.003246821,0.0009796692,-0.009878152,-0.4271273,-0.07301953,-0.001207866,-0.0005327194,0,Horizontal Slash,0.49899005878251046,3.5691996758357867,1.1999957263469696,2.393419833417309
-0.03578101,-0.07023572,-0.0001370447,-0.0005652312,-0.5824298,-0.07301633,-0.0001473751,-0.0005333332,0,Horizontal Slash,0.5000604294873483,3.6002452785868986,1.1803819835186005,2.438334742200687
-0.1857547,-0.07355051,-0.0001423182,-0.001066662,-0.669012,-0.07292902,-8.216259e-05,-0.0006108334,0,Horizontal Slash,0.5026746678631753,3.592662260278034,1.212742269039154,2.395951407301809
-0.3357545,-0.07355058,-0.0001423431,-0.001066667,-0.7073732,-0.07302024,4.092732e-05,-0.0006156772,0,Horizontal Slash,0.5017826998373494,3.559356179917528,1.2802951782941818,2.300407127430475
-0.2429663,-0.07360054,0.0009762668,-0.001069289,-0.6826437,-0.07356305,0.0004976786,-0.001066815,0,Horizontal Slash,0.5029657266568393,3.5814169377394984,1.2376426756381989,2.3615837399562296
-0.3873996,-0.07355051,-0.0001370607,-0.001066667,-0.7021732,-0.07310379,3.955822e-05,8.835197e-05,0,Horizontal Slash,0.4985877916915342,3.5328995990375973,1.3188181668519974,2.2400128132734447
-0.5373733,-0.07355059,-0.0001423183,-0.001066667,-0.6319014,-0.07300843,0.0005332399,-0.0005327052,0,Horizontal Slash,0.461235910654068,3.3422997943735404,1.503111665835604,1.8922748217560246
-0.3767367,-0.05017484,0.0007301875,-0.01302074,-0.61836,-0.07356746,0.0006046582,-0.001066816,0,Horizontal Slash,0.4922221270389855,3.4781728635865408,1.3708764910697937,2.1389133770246924
-0.2816749,-0.06626367,0.0008852385,-0.003153221,-0.6841751,-0.07300976,0.0006047424,-0.0005327187,0,Horizontal Slash,0.5027637865860015,3.567360425006464,1.261075958609581,2.325126323392779
-0.1919959,-0.05429509,0.0009432336,-0.0132272,-0.6956457,-0.073563,0.0004963473,-0.001066816,0,Horizontal Slash,0.5033797603100538,3.5971872414473767,1.2020260095596313,2.406064407840302
-0.3364751,-0.07336611,-0.0001372167,-0.002109163,-0.5438839,-0.07355063,0.000144015,-0.001066667,0,Horizontal Slash,0.4864766374230385,3.454543834176907,1.394029140472412,2.101501201605989
-0.2686713,-0.07296152,0.0006169135,-0.0005231326,-0.7092555,-0.07301095,0.0006041987,-0.0005327187,0,Horizontal Slash,0.5032698109280318,3.5836314446111697,1.2377922236919403,2.362660354035813
-0.1912022,-0.07146668,0.0008918635,0.001064088,-0.6831042,-0.073563,0.0004963487,-0.001066816,0,Horizontal Slash,0.5028109829872847,3.595470220349413,1.2088269591331482,2.4016210692031272
-0.3360556,-0.07355067,-0.0001374594,-0.001066677,-0.6700336,-0.07354972,6.966356e-05,-0.001066667,0,Horizontal Slash,0.49977249652147293,3.540063497168424,1.3043158054351807,2.2608469201376216
-0.2124141,0.07161926,0.00111833,-0.005828767,-0.7013856,-0.07300775,0.0004976108,-0.0005327187,0,Horizontal Slash,0.5074111092835665,3.5611344329146175,1.2357863783836365,2.3211474202840647
-0.3561332,-0.07390501,-0.0001363899,0.003342809,-0.6929327,-0.07295307,3.955837e-05,-0.000610795,0,Horizontal Slash,0.4998760108574061,3.5420714166006135,1.3045721054077148,2.2620994588937453
0.291,-0.061,0.0,0.0,-0.327,-0.065,0.0,0.0,0,Horizontal Slash,0.49116691015660763,3.5918649348147995,1.1586580276489258,2.481214298912053
0.291,-0.061,0.0,0.0,-0.327,-0.065,0.0,0.0,0,Horizontal Slash,0.49116691015660763,3.5918649348147995,1.1586580276489258,2.481214298912053
0.1417084,-0.07355104,-0.0001416711,-0.001066699,0.0711111,0.06939992,0.0003777895,-0.01440001,1,Horizontal Slash,0.41213444620370865,3.152076635524008,1.596230573952198,1.67790328880121
0.2902952,-0.07355057,0.000141002,-0.001066667,0.07297786,-0.0716788,1.784062e-06,0.004799999,0,Horizontal Slash,0.46211327239871025,3.416418901663295,1.3961004987359047,2.1472370297953836
0.1417052,-0.07355057,-0.0001410052,-0.001066667,-0.3836366,-0.0323687,-0.001557647,-0.01188596,0,Horizontal Slash,0.496283994987607,3.566129748098117,1.2146637737751007,2.3906779738364237
-0.008288177,-0.07355059,-0.0001423369,-0.001066667,-0.2420963,-0.07353386,0.0001343153,-0.0004428725,0,Horizontal Slash,0.48288651555776596,3.4550131851101145,1.3705065995454788,2.151838316771741
-0.1582882,-0.0735506,-0.0001423433,-0.001066667,-0.3689624,-0.06928851,-0.0005869615,-0.004801323,0,Horizontal Slash,0.48382185585796833,3.4437788403088456,1.3905631080269814,2.1068362882909066
-0.3082882,-0.07355059,-0.0001423433,-0.001066667,-0.6149069,0.002151181,-0.001281949,-0.009535694,0,Horizontal Slash,0.4938415023498237,3.475747017717466,1.3658196032047272,2.1387338009046264
-0.458288,-0.07355059,-0.0001423433,-0.001066667,-0.6480945,-0.07343065,0.0005858114,-0.00110571,0,Horizontal Slash,0.4831296894699335,3.4434781813851942,1.4150968194007874,2.068272503760204
-0.6089507,-0.07354944,-9.781756e-06,-0.001066667,-0.692354,-0.07218434,3.306774e-05,-0.004436479,0,Horizontal Slash,0.4554477147758007,3.32377183156952,1.522971697151661,1.856317278448587
-0.6293458,-0.07354943,4.869368e-06,-0.001066667,-0.6996739,-0.07099275,-4.130997e-05,-0.00505256,0,Horizontal Slash,0.45067789778113365,3.304074213096075,1.5386351346969604,1.823337229862899
-0.5850542,-0.07354973,7.082403e-05,-0.001066667,-0.6766971,-0.05793041,5.898084e-05,-0.0002737196,0,Horizontal Slash,0.4565087892115116,3.3215796663827555,1.5212517362087965,1.8544821237898865
-0.5601771,-0.07354945,4.856288e-06,-0.001066667,-0.7116148,-0.04048929,5.149902e-05,0.002156336,0,Horizontal Slash,0.46971504390239716,3.377413901039885,1.4765146728605032,1.9463553219230736
-0.521648,-0.07354964,5.194689e-05,-0.001066668,-0.6363226,-0.05821237,8.863341e-05,-0.003863844,0,Horizontal Slash,0.4640762433409691,3.3502447737252496,1.4947980493307114,1.9061817189312558
-0.5437542,-0.07354973,7.071287e-05,-0.001066667,-0.7068566,-0.009275852,-0.0003265884,-0.01057516,0,Horizontal Slash,0.46709348633885384,3.354531474797841,1.4900784250348806,1.9099687105946592
-0.692694,-0.07355057,-0.0001413371,-0.001066667,-0.6063486,-0.04891774,0.0001188303,-0.002312421,1,Vertical Slash,0.3868730068206787,3.025908029420849,1.7124969959259033,1.3947835825861732
0.291,-0.061,0.0,0.0,-0.327,-0.065,0.0,0.0,0,Horizontal Slash,0.49116691015660763,3.5918649348147995,1.1586580276489258,2.481214298912053
0.291,-0.061,0.0,0.0,-0.327,-0.065,0.0,0.0,0,Horizontal Slash,0.49116691015660763,3.5918649348147995,1.1586580276489258,2.481214298912053
0.1417084,-0.07355104,-0.0001416711,-0.001066699,-0.4044821,-0.06952856,-7.361444e-05,-0.00135,0,Horizontal Slash,0.4955698139965534,3.5855964361752415,1.1857808232307434,2.4374437899803794
-0.008288288,-0.0735506,-0.0001423401,-0.001066667,-0.2555569,-0.07355052,0.0001413234,-0.001066664,0,Horizontal Slash,0.48472368996590376,3.464211054318286,1.3609544783830643,2.1681723003705784
0.1123101,-0.07378639,0.001000472,-0.002742386,-0.3090757,-0.06111857,-0.0006346968,-0.0008028986,0,Horizontal Slash,0.49423302011564374,3.541296233865427,1.2570429891347885,2.3362940761630795
0.1560035,-0.07298702,0.0007292641,-0.002704511,-0.2852531,-0.06980886,-0.0004248538,-0.00323587,0,Horizontal Slash,0.49327076599001884,3.548280415436052,1.2437763512134552,2.360445332216978
0.01034089,-0.07355054,-0.0001382272,-0.001066667,-0.3649416,-0.07365952,-7.562076e-05,-0.002145032,0,Horizontal Slash,0.49558168556541204,3.5337946942419056,1.2769852131605148,2.3026751888071924
0.1248888,0.01506811,0.001076446,-0.009154867,-0.3383369,-0.06826682,-0.0004222136,-0.003069749,0,Horizontal Slash,0.4978417786769569,3.537111866838316,1.2445509135723114,2.3286525411310444
-0.0187793,-0.06949694,-0.0001365877,-0.004688716,-0.4179176,-0.07262749,-7.560827e-05,-0.00172936,0,Horizontal Slash,0.4977511914912611,3.5456791364309113,1.2622135877609253,2.321492856204286
-0.1687507,-0.07355056,-0.0001423161,-0.001066665,-0.4958681,-0.07281897,-7.39715e-05,-0.000145585,0,Horizontal Slash,0.4973193018231541,3.523755448181296,1.3059834986925125,2.252338963095632
-0.03684738,-0.03144384,0.001156483,-0.01189007,-0.4692552,-0.06113325,-0.0004222059,-0.000805551,0,Horizontal Slash,0.5006002327427268,3.5475374871186767,1.252619817852974,2.320785740121491
-0.05197436,-0.07293802,0.000455912,-0.002874223,-0.4443752,-0.06979978,-0.0004238504,-0.003235538,0,Horizontal Slash,0.498214123188518,3.5446689037220924,1.267362579703331,2.313293539766988
0.1148479,0.008681586,0.001306476,-0.00952687,-0.4195035,-0.06989151,-0.0004238582,-0.003161787,0,Horizontal Slash,0.4990622784825973,3.565534796870296,1.2038854658603668,2.3861502774911254
-0.02767758,-0.07323287,-0.0001355014,-0.004781717,-0.4990589,-0.07366762,-7.561603e-05,-0.002145611,0,Horizontal Slash,0.49965120168053545,3.575699807072344,1.2195387482643127,2.3841188577429104
-0.1004077,-0.06598504,0.0002135415,-0.001087876,-0.4724541,-0.06826716,-0.0004222136,-0.003069758,0,Horizontal Slash,0.49861737340688705,3.5362933349146046,1.2818250507116318,2.2877760352605003
-0.1846387,-0.06966183,0.0001539629,-0.003167843,-0.4475742,-0.06864486,-0.0004238504,-0.003090303,0,Horizontal Slash,0.4916785452514887,3.482755916751958,1.3526055365800858,2.1722757270661996
-0.3338206,-0.07354945,-9.6856e-06,-0.001066667,-0.5996441,-0.07354958,-9.873113e-06,-0.002133338,0,Horizontal Slash,0.4939273283816874,3.497852271655735,1.351210966706276,2.1798623968185895
-0.4831606,-0.07355058,-0.0001417168,-0.001066667,-0.6852204,-0.06410401,0.0003185943,0.0007804338,0,Horizontal Slash,0.484088234603405,3.448635775145391,1.412336640059948,2.074251602093649
0.291,-0.061,0.0,0.0,-0.327,-0.065,0.0,0.0,0,Horizontal Slash,0.49116691015660763,3.5918649348147995,1.1586580276489258,2.481214298912053
0.291,-0.061,0.0,0.0,-0.327,-0.065,0.0,0.0,0,Horizontal Slash,0.49116691015660763,3.5918649348147995,1.1586580276489258,2.481214298912053
0.1411189,-0.07354947,-2.376847e-05,-0.001066667,-0.4768812,-0.0735486,-2.376847e-05,-0.002133301,0,Horizontal Slash,0.49505528761073947,3.608399513740666,1.1474268436431885,2.489428174310076
-0.005619606,-0.07356875,-0.0006760755,-0.001066667,-0.5425183,-0.07306604,-0.0003024132,-0.0003008374,0,Horizontal Slash,0.499362297647167,3.5955874410492688,1.1851739585399628,2.4328250884272062
-0.1582757,-0.07355063,-0.0001448638,-0.001066667,-0.2952037,-0.04188621,0.0002346903,-0.01870084,0,Horizontal Slash,0.46540727093815804,3.3500229953444327,1.469807967543602,1.9477424257358007
-0.2126524,-0.07354974,7.117757e-05,-0.001066667,-0.6589951,0.153151,-0.001680387,-0.002822798,0,Horizontal Slash,0.499974882850438,3.47463625327824,1.3483874648809433,2.140345070580476
-0.3615898,-0.07355057,-0.0001413349,-0.001066667,-0.6269177,0.1238038,0.0001220269,-0.0212228,0,Horizontal Slash,0.47419443167746067,3.3391603019553653,1.477695107460022,1.8978777511862392
-0.5115847,-0.07355059,-0.0001423385,-0.001066667,-0.377491,-0.02368616,0.0002366947,-0.001788601,1,Vertical Slash,0.3675522655248642,2.9304667272789513,1.749240681529045,1.266602431303858
-0.3623448,-0.07354943,9.689372e-06,-0.001066667,-0.1883326,0.04577687,0.000141121,-0.01811023,1,Vertical Slash,0.3286922425031662,2.7694331523841833,1.8186103701591492,1.0413145919382072
-0.2123452,-0.07354943,9.738707e-06,-0.001066667,0.09631258,0.07761241,0.0001369304,-0.01582056,1,Vertical Slash,0.24651560187339783,2.4939276890014948,1.9452429115772247,0.6529293162582475
-0.06234519,-0.07354945,9.738724e-06,-0.001066667,0.2462886,0.626161,0.0001417155,0.007170886,1,Walk Forward,0.07496151328086853,1.8002346871149764,2.0,0.0
0.2902039,-0.07363535,0.005999932,-0.001066667,-0.1529983,0.1758761,-9.118215e-07,-0.05042912,0,Horizontal Slash,0.4810661990195513,3.422702403990674,1.3726934641599655,2.1263013378997826
0.1703224,-0.07354947,-2.376853e-05,-0.001066667,-0.003151356,0.1124523,2.970967e-05,-0.01478545,0,Horizontal Slash,0.4384663291275501,3.241823643149969,1.5306403245776892,1.8178489463967202
0.02290783,-0.0735631,-0.0005408603,-0.001066667,0.03359877,0.02154819,0.0001348353,0.003411109,1,Vertical Slash,0.4006269946694374,3.101259841223409,1.6337815970182419,1.5837648629636254
-0.1290753,-0.07355063,-0.0001442252,-0.001066667,0.1835614,-0.07376555,0.0001423078,-0.008905555,1,Vertical Slash,0.2843743562698364,2.6933172906530203,1.8703633248806,0.9600411364468476
-0.0648035,0.04671603,-0.00214129,0.001333331,0.1483185,0.004273326,0.003429862,-0.002505558,1,Vertical Slash,0.30942749977111816,2.7173103643008436,1.8284458816051483,1.0029073513453306
0.07439096,-0.07384946,9.040671e-06,-0.002016667,0.3151107,-0.07305998,1.084862e-05,-0.0005368219,1,Vertical Slash,0.30775420367717743,2.82393373240353,1.805582970380783,1.1849840782461305
0.1919865,-0.07354941,-4.869248e-06,-0.002133333,0.4060168,-0.07229415,0.0001429486,0.0001367209,1,Vertical Slash,0.3082881420850754,2.8591921413092134,1.7883095443248749,1.2597312572290205
0.3412541,-0.07354977,0.0001416481,-0.002133333,0.3939402,-0.0306129,0.0001177217,-0.01826328,1,Vertical Slash,0.356681689620018,3.0485075799714134,1.6731750816106796,1.5708223872175606
0.01233779,-0.0730131,-8.469617e-05,-0.0005331657,0.4478884,-0.07364088,4.848679e-06,-0.002235364,1,Vertical Slash,0.2034364640712738,2.461426143364518,1.9884637296199799,0.6453144648519782
0.1618658,-0.07301611,9.708078e-06,-0.0005333333,0.6977541,-0.07239841,1.622751e-05,0.003241159,1,Vertical Slash,0.1254105567932129,2.2606627094930802,2.0,0.38690255554157155
0.3118657,-0.0730161,9.738713e-06,-0.0005333333,0.623065,-0.07301857,-4.851131e-06,-0.0005348393,1,Vertical Slash,0.23684147000312805,2.666089646615214,1.8983145952224731,1.0018845258376854
0.4618656,-0.0730161,9.738724e-06,-0.0005333333,0.6581191,-0.07354985,-8.526954e-05,-0.001066667,1,Vertical Slash,0.27590280771255493,2.843310187693525,1.8047071397304535,1.2971688757189588
0.6112057,-0.07301631,0.0001417171,-0.0005333333,0.5315995,0.03525006,-0.0001886934,-0.01546667,0,Horizontal Slash,0.36177484691143036,3.1267512896959864,1.6189930811524391,1.7483362989616518
0.6787217,-0.07354947,-3.643911e-05,-0.002133334,0.3811635,-0.06434377,-7.299182e-05,-0.005066668,0,Horizontal Slash,0.4360542967915535,3.4160885396509624,1.38557630777359,2.249396508187717
0.5296477,-0.07355036,-0.0002216299,-0.002133333,0.07040091,-0.07257783,-0.001875087,-8.118153e-05,0,Horizontal Slash,0.47353174537420273,3.525924616295855,1.2546245902776718,2.406289205684035
0.3785885,-0.07354943,-9.807487e-06,-0.002133333,-0.08892284,-0.07354944,-1.034406e-05,-0.001066667,0,Horizontal Slash,0.48375534266233444,3.5419628563757874,1.2380717098712921,2.398740080261231
0.2292481,-0.07354977,-0.0001417174,-0.002133333,0.1598451,-0.06074948,0.0002360696,-0.01946667,0,Horizontal Slash,0.42499227076768875,3.2619090870579,1.5285062063485384,1.8791178280915704
0.2752919,-0.0735495,7.117014e-05,-0.002133333,-0.3186212,-0.07361379,-0.001879554,-0.001067471,0,Horizontal Slash,0.4909940427169204,3.59149417285679,1.1641035079956055,2.478760341609167
0.1263544,-0.07354977,-0.000141335,-0.002133333,-0.3983085,-0.0730999,-7.561972e-05,-0.0005429104,0,Horizontal Slash,0.49586621997877955,3.5812388128341666,1.1947523653507233,2.425175220613792
-0.02364058,-0.07354978,-0.0001423385,-0.002133333,-0.3986849,-0.07301618,-3.571042e-07,-0.0005333357,0,Horizontal Slash,0.4966602779459208,3.536512702406427,1.2761994153261185,2.3019476620913557
-0.1736406,-0.07354978,-0.0001423433,-0.002133333,-0.6498695,-0.07353514,0.001086339,-0.00213035,0,Horizontal Slash,0.5024767592549324,3.5891317825223217,1.2165133655071259,2.389807900382943
-0.3236406,-0.07354978,-0.0001423433,-0.002133333,-0.6881191,-0.0735495,6.827047e-05,-0.002133333,0,Horizontal Slash,0.5013952929293737,3.5550297810999374,1.2842637449502945,2.293088932403992
0.291,-0.061,0.0,0.0,-0.327,-0.065,0.0,0.0,0,Horizontal Slash,0.49116691015660763,3.5918649348147995,1.1586580276489258,2.481214298912053
0.291,-0.061,0.0,0.0,-0.327,-0.065,0.0,0.0,0,Horizontal Slash,0.49116691015660763,3.5918649348147995,1.1586580276489258,2.481214298912053
0.1417084,-0.07355104,-0.0001416711,-0.001066699,-0.1777084,-0.07354025,0.0001416711,-0.002132813,0,Horizontal Slash,0.4861779287457466,3.4957813648227245,1.3162295371294022,2.255047772431271
-0.008288288,-0.0735506,-0.0001423401,-0.001066667,-0.326295,-0.07354977,-0.000141002,-0.002133333,0,Horizontal Slash,0.49230769788846374,3.506904691696794,1.312856987118721,2.246742798198616
-0.1153373,-0.01110529,5.554709e-05,-0.01072173,-0.4836231,-0.0736261,-0.001268466,-0.001071316,0,Horizontal Slash,0.5004264237359166,3.524474220795346,1.2882435768842697,2.2617678329201927
-0.2643524,-0.07239649,-0.0001414087,-0.002259784,-0.6392271,-0.07355068,-0.0001476612,-0.001066667,0,Horizontal Slash,0.5014260219177231,3.5551863250377633,1.2764678001403809,2.3017344739655003
-0.2493758,-0.06888045,0.0006177446,0.005089296,-0.6867046,-0.07369621,0.0006342487,-0.002149388,0,Horizontal Slash,0.503080076770857,3.5787261983679746,1.2417608797550201,2.354486691329953
-0.3952204,-0.07390635,-0.0001387538,-0.00107869,-0.6685765,-0.07354963,6.933795e-05,-0.002133337,0,Horizontal Slash,0.49482256872579455,3.5068767207031186,1.3482358902692795,2.1891476900111786
-0.3145985,-0.07338064,0.0008733721,-0.0009915939,-0.6460787,-0.07360727,0.0007402353,-0.001071316,0,Horizontal Slash,0.4994722022674978,3.5369029387299076,1.3055488020181656,2.2574057154947784
-0.2374848,-0.04039327,0.0008855567,-0.01241743,-0.6854881,-0.07369614,0.0006321522,-0.002149387,0,Horizontal Slash,0.5041211382485926,3.576977156919092,1.2362030446529388,2.3531065393039383
-0.2291602,0.1036437,0.0005684001,-0.005100169,-0.6655123,-0.07360281,0.0006324075,-0.001071317,0,Horizontal Slash,0.507451793178916,3.531766270549917,1.2718258947134018,2.2573349804798095
-0.3756233,-0.03907782,-0.0001389869,-0.007049917,-0.5130735,-0.07355064,0.0001446575,-0.001066667,0,Horizontal Slash,0.47410478442907333,3.3782119521104867,1.4571134932339191,1.9677187710650526
-0.5253365,-0.07301284,-0.0001423274,-0.0005337888,-0.6012151,-0.07369949,0.0007752298,-0.002149388,0,Horizontal Slash,0.4564165621995926,3.318642314133101,1.5192371178418398,1.8555521137764073
-0.225529,-0.07348695,8.645626e-05,-0.002157495,-0.6748551,-0.07354945,-4.99357e-06,-0.002133334,0,Horizontal Slash,0.5029136370867491,3.583720249590254,1.2317929863929749,2.369424793607587
-0.3743904,-0.0735499,-0.0001412628,-0.002133339,-0.6729108,-0.07354952,7.084732e-05,-0.002133334,0,Horizontal Slash,0.497258075280115,3.522110449466211,1.329405963420868,2.220679496511771
-0.3838965,-0.07059596,0.0005049414,0.004981404,-0.6704046,-0.07360284,0.0006337328,-0.001071316,0,Horizontal Slash,0.4959158874116838,3.5123201803593482,1.3409094363451004,2.2006489412901735
-0.3493736,-0.07245322,0.0006960342,-0.005066215,-0.6486196,-0.07369865,0.0007409015,-0.002149387,0,Horizontal Slash,0.4973945536185056,3.521161261403004,1.32732754945755,2.2220950862653375
-0.4011589,-0.06244365,0.0002949029,0.001099713,-0.6842197,-0.07360279,0.0006321507,-0.001071317,0,Horizontal Slash,0.4958865880034864,3.509341866403475,1.3443996459245682,2.1930803415018985
0.291,-0.061,0.0,0.0,-0.327,-0.065,0.0,0.0,0,Horizontal Slash,0.49116691015660763,3.5918649348147995,1.1586580276489258,2.481214298912053
0.291,-0.061,0.0,0.0,-0.327,-0.065,0.0,0.0,0,Horizontal Slash,0.49116691015660763,3.5918649348147995,1.1586580276489258,2.481214298912053
0.1417084,-0.07355104,-0.0001416711,-0.001066699,-0.4229135,-0.07190868,-9.128189e-05,0.00159,0,Horizontal Slash,0.4954853360541165,3.5923559135288907,1.1746045649051666,2.4528715133841277
-0.008288288,-0.0735506,-0.0001423401,-0.001066667,-0.02525659,0.1006512,0.0003773584,-0.01281,1,Vertical Slash,0.3946482464671135,3.045950369910493,1.660372257232666,1.4902949468007234
0.1409516,-0.07354944,9.689372e-06,-0.001066667,-0.02337041,-0.07107951,1.224599e-07,-0.0001987494,0,Horizontal Slash,0.46201034262776375,3.3859193067527444,1.4298117384314537,2.06236662155079
-0.008291855,-0.07355057,-0.0001416253,-0.001066667,-0.4199145,-0.07355253,-0.001280851,-0.002132148,0,Horizontal Slash,0.49772746697999537,3.550996246778471,1.254805937409401,2.33443712987667
-0.1582883,-0.0735506,-0.0001423399,-0.001066667,-0.1774691,0.001973215,0.0002300698,-0.004133925,1,Horizontal Slash,0.4238654002547264,3.1659112952674033,1.5971868336200714,1.65628915986884
-0.009704944,-0.07355057,0.0001409989,-0.001066667,-0.2439646,-0.07098975,-6.320347e-05,-0.001468481,0,Horizontal Slash,0.48279848136007786,3.453666574869821,1.371789112687111,2.148959528058636
-0.158295,-0.07355057,-0.0001410052,-0.001066667,-0.6302603,0.298246,-0.001778917,0.007491234,0,Horizontal Slash,0.4942026906646788,3.399099449632885,1.405990295112133,2.008561384049536
-0.3089511,-0.07354944,-9.781322e-06,-0.001066667,-0.6904468,0.02277732,5.156428e-06,0.003454383,0,Horizontal Slash,0.5003671612066682,3.515241241553272,1.3228474259376526,2.210981871081032
-0.4582915,-0.07355057,-0.0001417172,-0.001066667,-0.4416018,0.1440825,0.0002361428,-0.01494562,1,Vertical Slash,0.37300316989421844,2.901414438185926,1.7455633282661438,1.2269276248603473
-0.3097051,-0.07355057,0.0001410018,-0.001066667,-0.4404309,-0.0350241,1.115153e-06,-0.009327192,0,Horizontal Slash,0.4662108086049557,3.3444665515991048,1.4818379003554583,1.9183190938044947
-0.458295,-0.07355057,-0.0001410052,-0.001066667,-0.6897002,0.4442058,0.0005339914,0.01516203,1,Vertical Slash,0.39586687088012695,2.9156951635954607,1.713417187333107,1.2486671960921782
-0.309705,-0.07355057,0.0001410052,-0.001066667,-0.4382234,0.8464943,0.0002386401,-0.00323798,1,Walk Forward,0.22670182585716248,2.2053215250420424,1.9765353500843048,0.24495783794575954
0.0435003,-0.07363536,0.005999933,-0.001066667,-0.5045794,0.1511638,-1.515322e-07,0.004918986,0,Horizontal Slash,0.5017123777652159,3.516724383012067,1.2800002843141556,2.2546212557394245
-0.07593337,-0.07355019,-0.0001133372,-0.001066667,-0.2557608,0.3076195,0.0002361177,-0.01348102,1,Vertical Slash,0.4157893881201744,3.0491379630751143,1.640401229262352,1.4767485594536023
0.07279427,-0.07355057,0.0001411358,-0.001066667,-0.6526968,0.1184749,-0.0003766743,-0.02788102,0,Horizontal Slash,0.501770555623807,3.5868799653879564,1.1775809824466705,2.4096865461911894
-0.07579504,-0.07355057,-0.0001410046,-0.001066667,-0.6333052,-0.04192323,0.0001189486,-0.00805949,0,Horizontal Slash,0.5015324425185099,3.597226002924805,1.1886129081249237,2.4221842202323347
-0.2262669,-0.07354958,-4.664097e-05,-0.001066667,-0.4834532,-0.07232182,4.660683e-05,-0.001599535,0,Horizontal Slash,0.49183563236147165,3.4847324946272176,1.3549499958753586,2.170060330740336
-0.374768,-0.07355576,-0.0003464143,-0.001066667,-0.719904,-0.008312558,0.0002879618,-0.01359954,0,Horizontal Slash,0.4981529606739059,3.5107902957420847,1.3370989263057709,2.1962432406093417
-0.5262067,-0.07354964,-5.869853e-05,-0.001066667,-0.5952279,0.07898216,0.0002915639,-0.01148136,1,Vertical Slash,0.4219735935330391,3.1229127170040263,1.6339551955461502,1.5511860723262272
-0.1608347,0.090717,0.006866907,0.00533333,-0.5938952,-0.05040108,2.504516e-05,0.00734068,0,Horizontal Slash,0.5059459027834237,3.517700512174622,1.2831618934869766,2.2374348941441937
-0.2759539,-0.03541596,-0.000109243,0.002133335,-0.7135285,-0.0735755,7.07764e-05,-0.002117585,0,Horizontal Slash,0.5043629822321236,3.572565323685672,1.2474159598350525,2.3373603444860063
-0.4255672,-0.07343255,-0.000142187,-0.0007666666,-0.5293581,0.0100024,0.0001887276,-0.01651759,0,Horizontal Slash,0.45018986985087395,3.2606890953032037,1.5458917915821075,1.7715097171646788
-0.4308212,-0.07354974,7.117126e-05,-0.001066667,-0.6402717,0.4970625,0.0008314683,0.0176888,1,Vertical Slash,0.3739735037088394,2.8146093734465523,1.7566031515598297,1.1029146314728249
-0.280514,-0.07354944,9.75866e-06,-0.001066667,-0.6361871,0.1257704,2.698271e-07,-0.03991121,0,Horizontal Slash,0.48973617423325777,3.4180648132392615,1.4086027517914772,2.0356552354514847
-0.4297572,-0.07355057,-0.000141625,-0.001066667,-0.6361858,0.06999175,1.274223e-09,-0.0088444,0,Horizontal Slash,0.4684244804084301,3.328794626206221,1.4939492247067392,1.876539768522184
-0.5797535,-0.0735506,-0.0001423399,-0.001066667,-0.6910048,-0.05364066,-5.202086e-05,-0.008357801,0,Horizontal Slash,0.460342213511467,3.338095414627105,1.5086064962670207,1.881379288781914
-0.5641655,-0.07354973,7.117163e-05,-0.001066667,-0.7007213,-0.05312247,5.896821e-05,-0.003421099,0,Horizontal Slash,0.4674972966313362,3.3704293683689213,1.483130419626832,1.9349812860002515
-0.6154617,-0.07354973,7.066748e-05,-0.001066667,-0.6778237,-0.0735492,0.0002496095,-0.001066322,0,Horizontal Slash,0.4498605616390705,3.2988512444527522,1.5411184504628181,1.8162079736321894
-0.5593847,-0.07354973,7.066867e-05,-0.001066667,-0.6902422,-0.060741,5.932429e-05,-0.01946633,0,Horizontal Slash,0.4659079797565937,3.3644694869273652,1.4877703413367271,1.9261349852648892
-0.5725815,-0.07354973,7.066867e-05,-0.001066667,-0.6393082,-0.07214823,-0.0003150879,-0.002530116,0,Horizontal Slash,0.4522510729730129,3.3042309793974494,1.5334531106054783,1.828364612210696
-0.5227225,-0.07354945,4.856315e-06,-0.001066667,-0.6548236,-0.07355009,8.999006e-05,-0.001066678,0,Horizontal Slash,0.4706993829458952,3.3865310171700815,1.4683081693947315,1.9657556988495009
-0.67199,-0.07355057,-0.0001416481,-0.001066667,-0.6334113,0.01079476,0.0001178467,0.0001333397,1,Vertical Slash,0.39204298704862595,3.028022800389549,1.7044437378644943,1.3993593328645388
-0.5227467,-0.07354944,9.689596e-06,-0.001066667,-0.380509,-0.04524843,0.0001069106,0.003691784,1,Vertical Slash,0.3703719973564148,2.9483848053873976,1.7424776703119278,1.2923225207059625
-0.372747,-0.07354943,9.738707e-06,-0.001066667,-0.3862966,-0.0006275484,-3.759846e-07,-0.003860868,1,Vertical Slash,0.42478108406066895,3.154748788521335,1.612414300441742,1.6141212338054614
-0.2227471,-0.07354943,9.738724e-06,-0.001066667,0.01357176,-0.01944804,2.596138e-05,0.001930435,1,Vertical Slash,0.3170427680015564,2.7689111364001224,1.8250394761562347,1.05634295040966
-0.07274707,-0.07354945,9.738724e-06,-0.001066667,0.2636204,-0.02788127,1.623436e-05,0.003434783,1,Vertical Slash,0.25729985535144806,2.5989399746818456,1.9128335416316986,0.8278520928711598
0.2130662,-0.07346934,-0.0004472151,-0.001066667,0.2636901,-0.0730153,1.853638e-10,-0.0005333026,1,Horizontal Slash,0.3848436176776886,3.122753424243129,1.6278351694345474,1.6607986516615596
0.1403191,-0.07354973,-6.977958e-05,-0.001066667,0.1919641,-0.07060778,-6.822281e-05,-0.006237298,1,Horizontal Slash,0.39076466113328934,3.1241388310708844,1.6268462538719177,1.6476391125196475
0.291,-0.061,0.0,0.0,-0.327,-0.065,0.0,0.0,0,Horizontal Slash,0.49116691015660763,3.5918649348147995,1.1586580276489258,2.481214298912053
0.291,-0.061,0.0,0.0,-0.327,-0.065,0.0,0.0,0,Horizontal Slash,0.49116691015660763,3.5918649348147995,1.1586580276489258,2.481214298912053
0.1417084,-0.07355104,-0.0001416711,-0.001066699,-0.4762917,-0.07354024,-0.0001416711,-0.002132813,0,Horizontal Slash,0.49503895454108715,3.6083660889883906,1.147429496049881,2.4894602882877517
-0.008288288,-0.0735506,-0.0001423401,-0.001066667,-0.6262884,-0.07354977,-0.0001423401,-0.002133333,0,Horizontal Slash,0.4984234838047996,3.6204153376765347,1.1436633169651031,2.4909774162593643
-0.1582883,-0.0735506,-0.0001423433,-0.001066667,-0.4777051,-0.07354976,0.0001409989,-0.002133333,0,Horizontal Slash,0.4965159313287586,3.5187551473729823,1.3110769540071487,2.244267025861332
-0.3082883,-0.0735506,-0.0001423433,-0.001066667,-0.6262952,-0.07354976,-0.0001410052,-0.002133333,0,Horizontal Slash,0.49848276760894805,3.528873718703522,1.3143512606620789,2.2423445408449716
-0.2797487,-0.0735689,0.0006802512,-0.001066666,-0.6338791,0.02923035,-0.0005785425,-0.008381718,0,Horizontal Slash,0.4973033741116524,3.490239971578596,1.346537098288536,2.167230227940909
-0.2684611,0.067788,0.0005857895,-0.006080981,-0.6434581,-0.07268845,-0.0005806087,-0.0003535953,0,Horizontal Slash,0.5046722670085728,3.5145697036381653,1.3024415522813797,2.218998474901902
-0.4148376,-0.06938124,-0.0001389048,-0.01135951,-0.4970558,-0.07355054,0.0001389292,-0.001066667,0,Horizontal Slash,0.4614268057048321,3.3326770118317373,1.4996378628129605,1.889317199313464
-0.1813457,0.07339062,0.001107036,-0.005959042,-0.7224888,0.01962181,0.0003953557,-0.008915051,0,Horizontal Slash,0.5087428232654929,3.541790395889259,1.2524295002222061,2.2785482757101327
-0.3251284,-0.07364578,-0.0001364432,-0.01142048,-0.7055616,-0.05676524,1.606311e-05,0.005762632,0,Horizontal Slash,0.5022948782425374,3.5584022637030888,1.278378888964653,2.2993666532791215
-0.2100948,-0.07148422,0.001078652,0.004849731,-0.7123638,-0.03108457,-0.0005778007,-0.01328575,0,Horizontal Slash,0.5038203883450478,3.5837491802581893,1.2263968586921692,2.369392117869369
-0.3540187,-0.07354779,-0.0001365773,-0.001066412,-0.7002794,-0.07097566,1.146751e-05,0.00202601,0,Horizontal Slash,0.5006091690738685,3.547396251155632,1.2974491864442825,2.273159353639898
-0.2438581,-0.07021953,0.001056203,-0.01417076,-0.7071046,-0.006004009,-0.0005778223,-0.01046139,0,Horizontal Slash,0.5040833596140146,3.564237130017263,1.2557501047849655,2.3207075149659566
-0.3878937,-0.07315324,-0.0001366833,-0.000564291,-0.6950204,-0.04219627,1.146741e-05,0.001735801,0,Horizontal Slash,0.49675851687788963,3.510496307724875,1.3411992192268372,2.1954274238615854
-0.5385283,-0.07301612,-9.779918e-06,-0.0005333334,-0.6799372,-0.02601992,9.792698e-07,0.005237207,0,Horizontal Slash,0.4660369046032429,3.3524931968896707,1.4921986982226372,1.9072827461877462
-0.6878687,-0.07301632,-0.0001417172,-0.0005333334,-0.6649727,0.171428,1.420072e-05,-0.01177301,1,Vertical Slash,0.34899474680423737,2.809187705418031,1.8030575811862946,1.0788373873703927
-0.5386258,-0.07301611,9.689573e-06,-0.0005333334,-0.6776019,-0.06092873,4.865477e-06,-0.004143252,0,Horizontal Slash,0.46976827271282673,3.3802774519982766,1.473681004717946,1.9536311976553595
-0.4676942,-0.0729498,0.0004929102,-0.0005215009,-0.6569664,-0.0353555,0.0003951974,-0.01217676,0,Horizontal Slash,0.4778581652790308,3.406737426848151,1.4443365894258022,2.003577257263507
-0.3898413,-0.07357068,0.0006126125,-0.001226768,-0.6910464,0.0482956,0.0003956581,-0.008160006,0,Horizontal Slash,0.48967267852276564,3.4425313339909143,1.401101864874363,2.0691481011923516
-0.3066386,-0.07366173,0.0009183589,-0.001094997,-0.69582,-0.07395654,-0.0005760081,-0.001998952,0,Horizontal Slash,0.5022561450023204,3.5655226253918766,1.2685596346855164,2.3175619836219505
-0.1167958,-0.07281721,0.00140412,-0.0004229723,-0.7055686,0.02940757,-0.0005805966,-0.008373319,0,Horizontal Slash,0.5038776241708547,3.587341732553841,1.2042644321918488,2.3881754242466164
-0.2591,-0.07301559,-0.0001350402,-0.0005333064,-0.5593833,-0.06942012,0.0001389293,-0.003293329,0,Horizontal Slash,0.49642618000507355,3.512187955971672,1.327900305390358,2.2165047262272597
0.291,-0.061,0.0,0.0,-0.327,-0.065,0.0,0.0,0,Horizontal Slash,0.49116691015660763,3.5918649348147995,1.1586580276489258,2.481214298912053
0.291,-0.061,0.0,0.0,-0.327,-0.065,0.0,0.0,0,Horizontal Slash,0.49116691015660763,3.5918649348147995,1.1586580276489258,2.481214298912053
0.1417084,-0.07355104,-0.0001416711,-0.001066699,-0.7225794,0.06939993,0.0001888948,-0.01440001,0,Horizontal Slash,0.4952511009760201,3.6376011375112225,1.0902839601039886,2.543058236148846
-0.008288288,-0.0735506,-0.0001423401,-0.001066667,-0.6565415,-0.05773674,6.28947e-05,-0.009746918,0,Horizontal Slash,0.4984579822048545,3.623880744836081,1.1366967856884003,2.4979658110340575
-0.1582883,-0.0735506,-0.0001423433,-0.001066667,-0.6562347,-0.07336665,2.97012e-07,-0.001061647,0,Horizontal Slash,0.5022932179272175,3.5954992914574846,1.2045736610889435,2.4069290509418724
-0.3082883,-0.0735506,-0.0001423433,-0.001066667,-0.7164198,-0.07390513,3.852419e-05,-0.002511199,0,Horizontal Slash,0.502878088504076,3.573967524812977,1.2572078555822372,2.335533265135103
-0.4582882,-0.0735506,-0.0001423433,-0.001066667,-0.46746,-0.001211057,0.0002363003,0.0007721996,1,Vertical Slash,0.42264533787965775,3.145889223507748,1.622496485710144,1.5924466702643187
-0.3090484,-0.07354944,9.689372e-06,-0.001066667,-0.5451514,-0.07124782,-5.049512e-06,-0.00472695,0,Horizontal Slash,0.4899596394971013,3.472904860473066,1.3739936500787735,2.1374018666585046
-0.4582918,-0.07355059,-0.0001416253,-0.001066667,-0.6880114,-0.05211017,0.0001180712,0.001963476,0,Horizontal Slash,0.4877205425873399,3.4631522527292358,1.3959462568163872,2.1017665866489126
-0.6082882,-0.0735506,-0.0001423399,-0.001066667,-0.6017264,0.03836705,0.0006427509,-0.007909833,1,Vertical Slash,0.4000178501009941,3.0473360751735363,1.6863983273506165,1.4324630389896313
-0.4590483,-0.07354944,9.689372e-06,-0.001066667,-0.660786,-0.06206401,8.008677e-06,-0.01084508,0,Horizontal Slash,0.4833608400076628,3.4420842896325796,1.4156318679451942,2.0654701144808705
-0.2525683,-0.06888659,0.00122028,0.005088489,-0.7046554,0.08499045,0.000364328,-0.005803583,0,Horizontal Slash,0.5026391502469778,3.51382902236296,1.31374853849411,2.2120545528368183
-0.3958847,-0.07337169,-1.824132e-05,-0.001066643,-0.6586477,-0.06620969,9.391925e-06,-0.005050895,0,Horizontal Slash,0.49312531063333154,3.493861712015766,1.361067771911621,2.1646017971762173
-0.4737988,-0.07355843,0.0004224693,-0.001066667,-0.5940678,-0.01902404,-0.0007038199,-0.0106509,0,Horizontal Slash,0.4596293270587921,3.314629822425287,1.5140349017456174,1.8525430200241457
-0.6216387,-0.07354944,-9.598465e-06,-0.001066667,-0.6881309,-0.05089837,5.876765e-05,0.003239237,0,Horizontal Slash,0.4470030553638935,3.2802382100365866,1.552697490900755,1.7859684270394094
-0.5715572,-0.07354974,7.08582e-05,-0.001066667,-0.5420299,0.1612432,0.000188756,-0.01116077,1,Vertical Slash,0.3575586825609207,2.8377355335439467,1.7819418609142303,1.1263340539800613
-0.421913,-0.0735506,0.0001420057,-0.001066667,-0.5410928,-0.02393028,8.913753e-07,-0.006419618,0,Horizontal Slash,0.46146395802497864,3.3212778488279855,1.5057243630290031,1.8682736493937144
-0.2879683,-0.06272559,0.0006154143,0.003193723,-0.6841751,-0.07122151,0.0005927082,-0.0006522111,0,Horizontal Slash,0.5026048228610307,3.5621704597950097,1.2683635503053665,2.3128842035850643
-0.4342269,-0.07232694,-9.53585e-06,3.137253e-06,-0.7109741,-0.07325029,2.871741e-05,2.352018e-05,0,Horizontal Slash,0.49507799930870533,3.511080608909079,1.3479755371809006,2.192439091842705
-0.4050082,-0.07237214,0.0001264765,-0.0006519094,-0.5768787,-0.07363847,6.415463e-05,-0.002141971,0,Horizontal Slash,0.48026438243687153,3.4244043277740595,1.4267169386148453,2.041387861346935
-0.5448835,-0.07301634,7.05369e-05,-0.0005333623,-0.6169625,-0.07387765,-0.0004584816,-0.00222613,0,Horizontal Slash,0.45486706867814064,3.3136310355875205,1.5245266910642385,1.8457851577320559
-0.5030525,-0.07301612,4.856336e-06,-0.0005333334,-0.6801478,-0.02936135,6.453179e-06,-0.001286934,0,Horizontal Slash,0.47487849928438663,3.3933204784926834,1.4579140581190586,1.9774841354545338
-0.3699721,-0.07301204,6.130921e-05,-0.0005331212,-0.6738082,-0.07337166,-4.868829e-06,-0.001066649,0,Horizontal Slash,0.4976647144649178,3.5246491857976268,1.3260450512170792,2.2260911230705958
-0.5189587,-0.07301631,-0.0001413815,-0.0005333333,-0.6987101,-0.07021151,4.687935e-05,0.0001983378,0,Horizontal Slash,0.4801397416740656,3.433025854072379,1.4297989904880524,2.0440154962841914
-0.6379213,-0.0730161,4.890723e-06,-0.0005333333,-0.7213274,-0.07324459,-5.052916e-05,-0.002877103,0,Horizontal Slash,0.4545755572617054,3.3240793603564716,1.5255664438009262,1.854406777657132
-0.6144814,-0.07301611,4.866989e-06,-0.0005333333,-0.6766891,-0.07354955,-4.106879e-05,-0.001066668,0,Horizontal Slash,0.44977138563990593,3.2981532452754276,1.5414579398930073,1.815190274189494
0.291,-0.061,0.0,0.0,-0.327,-0.065,0.0,0.0,0,Horizontal Slash,0.49116691015660763,3.5918649348147995,1.1586580276489258,2.481214298912053
0.291,-0.061,0.0,0.0,-0.327,-0.065,0.0,0.0,0,Horizontal Slash,0.49116691015660763,3.5918649348147995,1.1586580276489258,2.481214298912053
0.1417084,-0.07355104,-0.0001416711,-0.001066699,-0.1777084,-0.07354025,0.0001416711,-0.002132813,0,Horizontal Slash,0.4861779287457466,3.4957813648227245,1.3162295371294022,2.255047772431271
-0.008288288,-0.0735506,-0.0001423401,-0.001066667,-0.326295,-0.07354977,-0.000141002,-0.002133333,0,Horizontal Slash,0.49230769788846374,3.506904691696794,1.312856987118721,2.246742798198616
0.1841579,-0.06442367,0.001435426,0.003092157,-0.5158176,0.1836646,-0.001416798,0.0007026527,0,Horizontal Slash,0.5013080093776807,3.5510844899970126,1.217209666967392,2.3440720253801697
0.04200952,-0.07355209,-0.0001348925,-0.001066804,-0.6009595,-0.02363168,-8.079583e-05,-0.02863735,0,Horizontal Slash,0.49893646279815584,3.6064199164024906,1.1580818891525269,2.4617769160098923
-0.1079534,-0.07355059,-0.000142308,-0.001066667,-0.4520698,-0.05434459,0.0001412896,0.001240664,0,Horizontal Slash,0.49686172790825367,3.5196600967934724,1.303892806172371,2.252546159109035
-0.03806503,-0.0735741,0.0008707588,-0.001066445,-0.6401876,0.2383976,-0.001415464,0.003815654,0,Horizontal Slash,0.5051918388344347,3.5086407892465115,1.2908540815114975,2.220607778415853
-0.1830234,-0.07355052,-0.000137559,-0.001066667,-0.6867353,-0.05744416,7.417768e-05,0.01249217,0,Horizontal Slash,0.5030096527189016,3.5959102192942782,1.2059913873672485,2.4030097412640354
-0.3329996,-0.0735506,-0.0001423207,-0.001066667,-0.5370744,-0.06164163,0.0001420214,-0.003846087,0,Horizontal Slash,0.4846818847581744,3.441710765685236,1.4047185257077217,2.078920721655506
-0.4836623,-0.07354943,-9.781748e-06,-0.001066667,-0.6863159,-0.07354826,-9.689473e-06,-0.002133281,0,Horizontal Slash,0.48489353340119123,3.4557258485782656,1.4067968428134918,2.0869332058990646
-0.6330028,-0.07355058,-0.0001417172,-0.001066667,-0.7192275,0.1345048,-0.0003801818,-0.003037294,1,Vertical Slash,0.41000932455062866,3.0668345612380317,1.669852837920189,1.459924246676301
-0.4844164,-0.07355057,0.0001410018,-0.001066667,-0.5720464,-0.02878122,0.0001398757,-0.003281354,0,Horizontal Slash,0.45281099155545235,3.2865308643794693,1.5353107079863548,1.8073258606622464
-0.3231796,-0.07356899,0.0007550649,-0.001066415,-0.5981922,0.2799146,0.0008144843,0.006076664,0,Horizontal Slash,0.4543702304363251,3.20285076820758,1.5579602532088757,1.6847280708179178
-0.4687139,-0.07355054,-0.0001381053,-0.001066667,-0.4448474,0.002746968,0.0001455174,0.01376167,1,Vertical Slash,0.41089852899312973,3.0959474795079345,1.6526425182819366,1.5159422999159267
-0.3194529,-0.07354943,9.690743e-06,-0.001066667,-0.5940708,-0.073905,-9.688341e-06,0.003440417,0,Horizontal Slash,0.49500966956838965,3.5044452338219303,1.342813640832901,2.193993810957282
-0.3039722,-0.07356503,0.0005853252,-0.001066672,-0.6663398,0.1785349,0.0008143077,0.0003157769,0,Horizontal Slash,0.4881919836625457,3.39563525962118,1.4257925599813461,1.9931984971750611
-0.4503511,-0.07355054,-0.0001389069,-0.001066667,-0.5129958,-0.01911427,0.0001455165,0.004642111,0,Horizontal Slash,0.4451730363070965,3.2476664560351494,1.5585976839065552,1.749471710644677
-0.3941769,-0.07354974,7.116353e-05,-0.001066667,-0.6615633,-0.07075402,-0.0001409839,-0.001239472,0,Horizontal Slash,0.49407633021473885,3.5010502339837024,1.3539220243692398,2.1782662478640074
-0.3466201,-0.07363932,0.0007211216,-0.001094182,-0.6281804,0.1577491,0.0008141526,-0.0008090789,0,Horizontal Slash,0.47493124566972256,3.332976547234303,1.4789644423872232,1.8880710739901996
-0.4923232,-0.07355054,-0.0001382657,-0.001066667,-0.4748372,0.03840997,0.0001455158,-0.004395461,1,Vertical Slash,0.401239275932312,3.0459669652531844,1.6794941276311874,1.438929909320738
-0.3437197,-0.07355057,0.0001410181,-0.001066667,-0.6233875,-0.07120167,-0.0001409839,-0.002298865,0,Horizontal Slash,0.4952767393551767,3.506324767563483,1.3431120365858078,2.194324828356914
-0.3822331,-0.01351862,0.0003661558,-0.01083902,-0.65081,0.1802039,0.0008141526,0.000523344,0,Horizontal Slash,0.46827975288033485,3.2712506265248007,1.5145099936053157,1.7880990443367433
-0.5294362,-0.07320977,-0.000139942,-0.0008903203,-0.4974668,0.03674004,0.0001455158,-0.002661672,1,Vertical Slash,0.3946565166115761,3.020464195257591,1.6959969401359558,1.3980997955083236
-0.3801844,-0.07354944,9.690151e-06,-0.001066667,-0.64653,-0.07312183,-9.688341e-06,-0.0008168228,0,Horizontal Slash,0.49412501230835915,3.50107621540879,1.3525731712579727,2.1800887395038138
-0.5294278,-0.07355057,-0.0001416253,-0.001066667,-0.5724194,0.1567767,0.0007434722,-0.0008619094,1,Vertical Slash,0.39374835044145584,2.982501927531049,1.7061116695404053,1.3414908930631713
-0.1776357,-0.07363535,0.005999929,-0.001066667,-0.4187087,-0.07207522,3.510287e-07,-0.001253869,0,Horizontal Slash,0.488764732144773,3.4699662910755693,1.3664850145578384,2.15056297990027
-0.04369204,0.1936214,0.001039087,0.001320765,-0.6778226,0.1731648,-0.001628639,0.0001251701,0,Horizontal Slash,0.5118254693225026,3.4772113167914,1.2946240156888962,2.1552293842861716
-0.1878128,-0.02671736,-0.0001367641,0.006539618,-0.5366358,-0.01414196,0.00013398,0.004737414,0,Horizontal Slash,0.4985102537320927,3.4914386983560926,1.3323620408773422,2.1832145624154564
0.291,-0.061,0.0,0.0,-0.327,-0.065,0.0,0.0,0,Horizontal Slash,0.49116691015660763,3.5918649348147995,1.1586580276489258,2.481214298912053
0.291,-0.061,0.0,0.0,-0.327,-0.065,0.0,0.0,0,Horizontal Slash,0.49116691015660763,3.5918649348147995,1.1586580276489258,2.481214298912053
0.1417084,-0.07355104,-0.0001416711,-0.001066699,-0.07818056,-0.02660005,0.0002361185,-0.0184,0,Horizontal Slash,0.4684491343796253,3.398293744574892,1.4152003526687622,2.0779283248439095
-0.008923571,-0.07354946,-1.528365e-05,-0.001066667,-0.5695005,-0.03930745,-0.0001811533,-0.02235973,0,Horizontal Slash,0.5003085651842412,3.5903310476536707,1.191675990819931,2.4171873602073433
-0.1537197,-0.07358373,-0.001056069,-0.001066667,-0.5703744,-0.05790585,-6.373766e-06,-0.01042014,0,Horizontal Slash,0.5012062937021255,3.5570801602664597,1.2599884867668152,2.321346470769602
-0.2921936,-0.07354976,7.332909e-05,-0.001066667,-0.3577952,-0.07122585,-0.0001180441,-5.035102e-06,0,Horizontal Slash,0.455182034522295,3.3069190152963626,1.5118855880573392,1.8621063378718632
-0.2409827,-0.07354973,7.06624e-05,-0.001066667,-0.4047746,-0.01042367,-4.458126e-05,-0.01746658,0,Horizontal Slash,0.4695080742239952,3.354007281991678,1.4685193486511707,1.940956920143685
-0.2171175,-0.07354973,7.066869e-05,-0.001066667,-0.00688534,-0.07125027,0.0003775789,-0.008066712,1,Vertical Slash,0.3419926166534424,2.876920742268033,1.7744297087192535,1.2184561120335484
-0.06681297,-0.07354944,9.758494e-06,-0.001066667,0.1892114,-0.07355135,0.0001844915,-0.001066667,1,Vertical Slash,0.3120242953300476,2.802514809407985,1.8148236572742462,1.1296725500703952
0.08252724,-0.07355057,0.0001417171,-0.001066667,0.3811547,-0.07356792,0.0008809913,-0.00214046,1,Vertical Slash,0.2748524695634842,2.716197469852894,1.863485425710678,1.0280432800033668
0.233187,-0.07354944,9.781551e-06,-0.001066667,0.6353983,-0.07154976,1.651184e-05,0.003264885,1,Vertical Slash,0.1961982548236847,2.5089774880003173,1.9760293066501617,0.7570984461777766
0.1077239,-0.07390539,-7.583534e-05,-0.001067401,0.4855293,-0.07354992,-9.730205e-06,-0.002133352,1,Vertical Slash,0.2268151044845581,2.566622826942924,1.9412387311458588,0.8148694790417542
0.2572962,-0.07354943,9.710952e-06,-0.001066667,0.4854807,-0.07354943,-3.157634e-09,-0.002133334,1,Vertical Slash,0.29150764644145966,2.8246518496302806,1.8095867931842804,1.2223383455155845
0.2782617,-0.07354944,-4.869357e-06,-0.001066667,0.499292,-0.03114938,1.298075e-05,-0.001333331,1,Vertical Slash,0.282570481300354,2.7865421080580037,1.8270798921585083,1.1663898276981024
0.4281887,-0.07354945,9.733982e-06,-0.001066667,0.7040077,-0.07286887,-0.0001006897,-0.0005121768,1,Vertical Slash,0.237544447183609,2.710015763217143,1.8793524503707886,1.093082651645686
0.5781889,-0.07354943,9.738724e-06,-0.001066667,0.6667207,-0.07372004,-7.007083e-05,-0.002194602,1,Vertical Slash,0.3109224885702133,2.9940344501469065,1.7152043581008911,1.5525120173857325
0.584989,-0.07354944,-4.869362e-06,-0.001066667,0.6898114,-0.0008189917,-1.858757e-05,-0.02146516,1,Vertical Slash,0.28273989260196686,2.881995312501395,1.7789970636367798,1.3756307431021024
0.5677633,-0.07354944,-4.866991e-06,-0.001066667,0.6300828,-0.07352422,-7.936035e-05,0.001389972,1,Vertical Slash,0.3265145868062973,3.0392815817744134,1.685616374015808,1.6186408197329278
0.5111291,-0.07354943,-4.866991e-06,-0.001066667,0.6488084,-0.07293165,-6.955743e-05,-0.000607674,1,Vertical Slash,0.2983371466398239,2.931366222940842,1.7531900703907013,1.4406157058952176
0.5672801,-0.07354945,-4.866991e-06,-0.001066667,0.6694634,0.05536104,2.004981e-05,-0.01466132,1,Vertical Slash,0.2766728848218918,2.836776350824422,1.80030357837677,1.2972333611478928
0.7012259,-0.07354974,-7.082403e-05,-0.001066667,0.4207436,-0.03220241,-0.0002360238,-0.0002693417,0,Horizontal Slash,0.42702221125364304,3.383203194530054,1.4164831265807152,2.1947720365620738
0.5515818,-0.07355059,-0.0001420055,-0.001066667,0.02145805,0.09573331,-0.0003789041,-0.01466935,0,Horizontal Slash,0.4765131250023842,3.4923884247731527,1.2886416167020798,2.3213790528810634
0.4015835,-0.0735506,-0.0001423417,-0.001066667,-0.1297192,-0.04989451,-0.0001434604,-0.01186533,0,Horizontal Slash,0.4852105975151062,3.553781315107746,1.2160771489143372,2.4243842617700384
0.2509207,-0.07354944,-9.781756e-06,-0.001066667,0.01932483,-0.07354945,9.689007e-06,-0.001066666,0,Horizontal Slash,0.46765556558966637,3.4308579733257294,1.3831253126263618,2.162936551674915
0.291,-0.061,0.0,0.0,-0.327,-0.065,0.0,0.0,0,Horizontal Slash,0.49116691015660763,3.5918649348147995,1.1586580276489258,2.481214298912053
0.291,-0.061,0.0,0.0,-0.327,-0.065,0.0,0.0,0,Horizontal Slash,0.49116691015660763,3.5918649348147995,1.1586580276489258,2.481214298912053
0.1417084,-0.07355104,-0.0001416711,-0.001066699,-0.4034933,-0.07320006,-7.26329e-05,-0.0006450001,0,Horizontal Slash,0.49546535732224584,3.58646688413575,1.1846145689487457,2.4398007499629375
-0.008288288,-0.0735506,-0.0001423401,-0.001066667,-0.2545632,-0.07301702,0.0001413281,-0.0005333606,0,Horizontal Slash,0.484587830491364,3.4633621405119044,1.3618048876523972,2.1666085462739435
0.06110975,-0.07391156,0.0007688524,-0.0003402318,-0.4862033,0.08044599,-0.001448376,-0.005307976,0,Horizontal Slash,0.5008379382197745,3.54183482178549,1.2496861815452576,2.3137194478849135
-0.08435579,-0.07355054,-0.0001380403,-0.001066667,-0.3441193,-0.05378564,0.0001348313,-0.009346014,0,Horizontal Slash,0.48758332151919603,3.46448538071651,1.3639362305402756,2.1537215253635096
0.1483812,-0.06983425,0.001548591,-0.004849204,-0.5643831,0.06948626,-0.001448361,-0.005511145,0,Horizontal Slash,0.49861843744292855,3.5942572388981526,1.1603140532970428,2.44347101246696
0.006795951,-0.07301383,-0.0001343581,-0.0005332151,-0.7208824,-0.07232317,-0.0001485107,0.003422215,0,Horizontal Slash,0.4954705978743732,3.6505541184720145,1.0903331935405731,2.5667596624483866
-0.1431643,-0.07301632,-0.0001423055,-0.0005333333,-0.5723299,-0.07357235,0.0001409697,-0.002134809,0,Horizontal Slash,0.5013499120250344,3.5685051525518188,1.243698626756668,2.348615170140385
-0.2931642,-0.07301632,-0.0001423431,-0.0005333333,-0.72092,-0.07354979,-0.0001410053,-0.002133334,0,Horizontal Slash,0.5032378684263676,3.5806806569218756,1.2455777823925018,2.3524802699258767
-0.4431642,-0.07301631,-0.0001423433,-0.0005333333,-0.6861001,-0.07321335,3.664939e-05,-0.0005695834,0,Horizontal Slash,0.4911466110497713,3.4872121758816093,1.3731120973825455,2.147300227856408
-0.3510139,-0.07353406,0.0008831575,-0.001060434,-0.6237628,0.08037914,0.0007240647,-0.00531024,0,Horizontal Slash,0.48234681971371174,3.3913799703255867,1.4392220862209797,1.9852853041073784
-0.4959106,-0.07355052,-0.0001375005,-0.001066667,-0.470868,-0.001622921,0.0001450904,-0.00113622,1,Vertical Slash,0.4085310623049736,3.088129194713562,1.659140557050705,1.5021437054919398
-0.3466465,-0.07354943,9.690942e-06,-0.001066667,-0.206025,-0.04304343,0.0001181214,-0.00195185,1,Vertical Slash,0.3717340677976608,2.960716619628388,1.7283721417188644,1.3268430571391527
-0.6248776,-0.0715101,-0.001441763,0.001061799,0.003394799,0.04449143,0.0009451496,-0.007262605,1,Walk Forward,0.07579252123832703,1.8642803511711004,2.0,0.0
-0.2795859,-0.07363535,0.005999915,-0.001066667,-0.1416803,-0.073905,-3.31748e-07,-0.001066678,1,Vertical Slash,0.37945760041475296,3.0077287794735477,1.703554704785347,1.4055239526171244
-0.09964471,-0.07354945,1.168265e-05,-0.001066667,0.1222342,-0.07390596,0.0001180743,-0.001072248,1,Vertical Slash,0.33212174475193024,2.8651281245210263,1.7809631824493408,1.2172379811106488
0.04970509,-0.07355058,0.0001417262,-0.001066667,0.4619392,0.07140939,0.001016822,-0.005841331,1,Vertical Slash,0.17306748032569885,2.3222899007872493,2.0,0.4413749773137284
0.2003648,-0.07354944,9.781558e-06,-0.001066667,0.6169699,-0.069943,1.006554e-05,-0.002869834,1,Vertical Slash,0.19063803553581238,2.4791512801333258,1.98895463347435,0.7069020520279051
0.350365,-0.07354943,9.738736e-06,-0.001066667,0.5405134,-0.07232832,-4.98803e-06,-0.001607773,1,Vertical Slash,0.29782117903232574,2.8750084625681933,1.783037543296814,1.3174902122413357
0.04263123,-0.07355018,-0.0001125389,-0.001066667,0.5148047,-0.0723886,4.868591e-06,-0.001600002,1,Vertical Slash,0.17828407883644104,2.389250961618494,2.0,0.5468443956354887
-0.05122722,-0.07266425,-6.574822e-05,-0.0001198097,0.3652277,-0.07239338,-9.733982e-06,-0.0016,1,Vertical Slash,0.22044432163238525,2.4982649953362848,1.9678764343261719,0.6877737310508429
-0.1512177,-0.0735497,-6.765706e-05,-0.001066667,0.2155779,-0.07239338,-9.738724e-06,-0.0016,1,Vertical Slash,0.25680315494537354,2.5944386342686636,1.918689101934433,0.8124637863321396
-0.001604543,-0.07354944,9.713607e-06,-0.001066667,0.2528175,-0.07260819,0.0001033444,-0.0001255553,1,Vertical Slash,0.3075127601623535,2.8026616395697648,1.8156013190746307,1.1402997019453558
0.1483953,-0.07354945,9.738716e-06,-0.001066667,0.4032854,-0.07354944,9.7691e-06,-0.001066667,1,Vertical Slash,0.29156164824962616,2.7911243888026753,1.8252499401569366,1.1505609136402961
0.2983953,-0.07354944,9.738724e-06,-0.001066667,0.5532857,-0.07354943,9.738733e-06,-0.001066667,1,Vertical Slash,0.270977184176445,2.7715284723941007,1.8405446708202362,1.1530798010992123
0.0994703,-0.07354918,-9.162494e-05,-0.002133318,0.4719608,-0.07354945,4.866201e-06,-0.001066667,1,Vertical Slash,0.2313869297504425,2.578852073071541,1.9346892833709717,0.8310689209906773
0.2489637,-0.07354943,9.705831e-06,-0.002133333,0.6219364,-0.07354943,9.737143e-06,-0.001066667,1,Vertical Slash,0.21099278330802917,2.562221105399268,1.9499849081039429,0.8374982235855084
0.1170566,-0.07354979,-7.764254e-05,-0.001066667,0.4720336,-0.07354945,-9.732405e-06,-0.001066667,1,Vertical Slash,0.23914363980293274,2.609486513918966,1.919898360967636,0.8788687510397486
0.291,-0.061,0.0,0.0,-0.327,-0.065,0.0,0.0,0,Horizontal Slash,0.49116691015660763,3.5918649348147995,1.1586580276489258,2.481214298912053
0.291,-0.061,0.0,0.0,-0.327,-0.065,0.0,0.0,0,Horizontal Slash,0.49116691015660763,3.5918649348147995,1.1586580276489258,2.481214298912053
0.1417084,-0.07355104,-0.0001416711,-0.001066699,-0.327,-0.07354006,0.0,-0.002132813,0,Horizontal Slash,0.49455501371994615,3.5608573445270597,1.2261541187763214,2.3841449796081338
-0.008288288,-0.0735506,-0.0001423401,-0.001066667,-0.5758194,-0.06769372,-0.0002361185,0.007866408,0,Horizontal Slash,0.4993187246727757,3.604645829796091,1.1699542999267578,2.453043973870656
-0.1582883,-0.0735506,-0.0001423433,-0.001066667,-0.6530171,-0.05884753,-7.325718e-05,0.006056797,0,Horizontal Slash,0.5026187654584646,3.5903188761752514,1.2115513980388641,2.3940387062815622
-0.3082883,-0.0735506,-0.0001423433,-0.001066667,-0.6533777,-0.07282509,-3.459474e-07,-0.0004892749,0,Horizontal Slash,0.5002785172837321,3.543669812597366,1.2965755015611649,2.2718029359968015
-0.4582882,-0.0735506,-0.0001423433,-0.001066667,-0.7138311,-0.07345062,4.220644e-05,-0.003542319,0,Horizontal Slash,0.4924734509550035,3.4972492685268057,1.3649845272302628,2.164039287619722
-0.6082881,-0.0735506,-0.0001423433,-0.001066667,-0.6037838,-0.001391671,0.0001179596,-0.0006855804,1,Vertical Slash,0.41199082881212234,3.109530767500687,1.654388502240181,1.5254146330366223
-0.4590482,-0.07354944,9.689372e-06,-0.001066667,-0.6031955,-0.07366928,3.828009e-08,-0.002145536,0,Horizontal Slash,0.474348621442914,3.3987021913026236,1.4529523737728596,1.992297292824854
-0.6082916,-0.07355059,-0.0001416253,-0.001066667,-0.6590027,-0.06747641,0.0001180591,0.00787277,0,Horizontal Slash,0.4465912729501724,3.2809683817083104,1.552233163267374,1.7884017396423606
-0.53421,-0.07354973,7.116993e-05,-0.001066667,-0.6671807,0.2559972,9.458675e-05,-0.006527235,1,Vertical Slash,0.40150076895952225,2.9892194600975297,1.694907546043396,1.3514983762464434
-0.383903,-0.07354945,9.75866e-06,-0.001066667,-0.7056782,0.004274135,2.969312e-06,-0.004446384,0,Horizontal Slash,0.4955996791832149,3.490060208205016,1.3586491644382477,2.155986356617108
-0.5331461,-0.07355059,-0.000141625,-0.001066667,-0.5878379,-0.07247217,0.0007414059,-0.001669108,0,Horizontal Slash,0.45008838549256325,3.290268292378347,1.53983448818326,1.8098480016509708
-0.4650356,-0.07354973,7.116993e-05,-0.001066667,-0.6685321,-0.07390501,0.0001163086,-0.02006911,0,Horizontal Slash,0.4841213319450617,3.450138110089386,1.4099914729595184,2.079366244579038
-0.6139733,-0.07355059,-0.000141335,-0.001066667,-0.6679543,-0.07220633,5.492521e-07,-0.003491361,0,Horizontal Slash,0.4469183385372162,3.2847813313901124,1.5505312196910381,1.7941931397345636
-0.4647283,-0.07354943,9.689696e-06,-0.001066667,-0.6760455,-0.07354944,4.867693e-06,-0.001066667,0,Horizontal Slash,0.4865518882870674,3.462946344083743,1.3983400464057922,2.101578069173546
-0.6035926,-0.07354975,7.081266e-05,-0.001066667,-0.6700167,-0.07355313,-0.0002563312,-0.001066672,0,Horizontal Slash,0.45149898529052734,3.304922202338231,1.5358424820005894,1.8267968087568178
-0.5536091,-0.07354973,7.066833e-05,-0.001066667,-0.6654207,-0.07273286,0.0003873071,-0.000424134,0,Horizontal Slash,0.46511252596974373,3.3625823928251783,1.4894688948988914,1.9236035050071467
-0.5379717,-0.07354973,7.066867e-05,-0.001066667,-0.7135118,-0.0445121,5.948685e-05,-0.01882414,0,Horizontal Slash,0.4743125196546316,3.3992497205779872,1.4576809667050838,1.9848211494591885
-0.5578868,-0.07354945,4.856315e-06,-0.001066667,-0.6164311,-0.07354991,0.0001021956,-0.001066657,0,Horizontal Slash,0.4507707245647907,3.296133493761813,1.537920281291008,1.8168756026301884
-0.3386326,-0.07332177,5.357303e-05,-0.001016316,-0.6754993,-0.07354945,-4.884365e-06,-0.001066667,0,Horizontal Slash,0.4999648643024557,3.54175420914765,1.3025678545236588,2.2639089832276973
-0.4882461,-0.07354946,-2.372602e-05,-0.001066667,-0.686417,-0.0653949,9.110171e-05,0.008345788,0,Horizontal Slash,0.48399301059544086,3.448879438780674,1.412723146378994,2.0741092426095196
-0.638316,-0.07354945,-9.743263e-06,-0.001066667,-0.67746,0.001987377,2.05257e-05,0.0003594328,1,Vertical Slash,0.4256540611386299,3.1715890778269795,1.619674377143383,1.6168507405060857
-0.4885967,-0.07354957,4.64077e-05,-0.001066667,-0.7056506,-0.06076325,1.260796e-05,-0.008089717,0,Horizontal Slash,0.48553846031427383,3.456673351359845,1.4055661261081696,2.0877096525954717
-0.6116285,-0.07354974,7.072595e-05,-0.001066667,-0.7223553,-0.07289311,0.0002067484,-0.0005192767,0,Horizontal Slash,0.4630252905189991,3.360490490191894,1.496615445241332,1.9151064086689777
-0.6077119,-0.07354948,2.315666e-05,-0.001066667,-0.665081,-0.07212707,8.756569e-05,0.001155697,0,Horizontal Slash,0.44869230315089226,3.2919915513590006,1.5450267978012562,1.8059741711703823
-0.5440274,-0.07354973,7.078086e-05,-0.001066667,-0.6560289,0.07521912,0.0003792409,-0.005589353,1,Horizontal Slash,0.4375545047223568,3.193832709186367,1.5926572009921074,1.6570947478933862
-0.3950602,-0.07355363,0.0002773541,-0.001066667,-0.6541508,-0.05395824,3.497881e-06,-0.006805324,0,Horizontal Slash,0.4918120848014951,3.4825543149372904,1.3713771402835846,2.14353961553181
-0.5429716,-0.07355056,-0.0001403613,-0.001066667,-0.5591137,0.01205677,0.0001888865,-0.001397336,1,Vertical Slash,0.4192272499203682,3.131229720080588,1.6356630772352219,1.5629440532933299
-0.3943785,-0.07355057,0.0001410082,-0.001066667,-0.5581739,-0.06918988,8.919916e-07,-0.0003493337,0,Horizontal Slash,0.4784716069698334,3.4140277913210944,1.4345124140381813,2.024780721684337
0.291,-0.061,0.0,0.0,-0.327,-0.065,0.0,0.0,0,Horizontal Slash,0.49116691015660763,3.5918649348147995,1.1586580276489258,2.481214298912053
0.291,-0.061,0.0,0.0,-0.327,-0.065,0.0,0.0,0,Horizontal Slash,0.49116691015660763,3.5918649348147995,1.1586580276489258,2.481214298912053
0.1417084,-0.07355104,-0.0001416711,-0.001066699,-0.2522822,-0.07065918,7.09038e-05,-0.006079234,0,Horizontal Slash,0.4916501147672534,3.529913022520412,1.2715933918952942,2.3203036091359435
0.1503156,-0.07392059,0.0005888244,-0.002759185,-0.5157865,-0.03816604,-0.001761515,-0.01229152,0,Horizontal Slash,0.49541350128129125,3.6111001307350605,1.1396491527557373,2.4934819320110697
0.003954189,-0.07355055,-0.0001388904,-0.001066667,-0.4498346,-0.07309883,6.258528e-05,-0.0003083159,0,Horizontal Slash,0.4985662060789764,3.5663635341105286,1.2307016253471375,2.3692513032267306
0.03455243,-0.06837737,0.0006896731,0.002874281,-0.7133803,-0.02696357,-0.001761554,-0.01163084,0,Horizontal Slash,0.4966732419561595,3.6386475101482714,1.1040858924388885,2.537777499796409
-0.1113072,-0.07355412,-0.0001384142,-0.002133739,-0.5730631,-0.07336479,0.0001333524,-0.0006865364,0,Horizontal Slash,0.5013163011753932,3.578835928927264,1.2244872450828552,2.376639297000612
-0.09787972,-0.06684089,0.0006105527,-0.002986605,-0.6668735,-0.03632919,0.00088061,-0.01217675,0,Horizontal Slash,0.502208118326962,3.5990632407788503,1.1865772604942322,2.4225572292325137
-0.244133,-0.0735506,-0.0001387878,-0.00106667,-0.5134779,-0.07336918,0.0001458296,-0.001061891,0,Horizontal Slash,0.49351994320750237,3.4947539984173615,1.345981702208519,2.1860542619574836
-0.3941154,-0.07355058,-0.0001423264,-0.001066667,-0.6620439,-0.07355057,-0.0001409824,-0.001066667,0,Horizontal Slash,0.4943024259991944,3.5032440493420607,1.351846531033516,2.1824771580767486
-0.5384384,-0.07355056,7.117158e-05,-0.001066667,-0.5913111,-0.07086547,-3.511902e-05,-0.00202705,0,Horizontal Slash,0.44906240701675415,3.2857848931924893,1.543279629200697,1.802275844045927
-0.340061,-0.07356808,0.0006607199,-0.001066666,-0.5556737,-0.03901676,0.0009871369,-0.01233826,0,Horizontal Slash,0.48398868180811405,3.432006001214271,1.412319004535675,2.06026947581911
-0.4306404,-0.07354973,6.927545e-05,-0.001066667,-0.6236746,0.05142534,0.0009706519,-0.007021674,0,Horizontal Slash,0.46814972907304764,3.3323235240104077,1.4927039253525436,1.8826153726354824
-0.5795873,-0.07355057,-0.0001413439,-0.001066667,-0.4695526,-0.05706611,0.0001462548,0.001844582,1,Vertical Slash,0.38540273904800415,3.0133690425731454,1.7117158323526382,1.3843048876378967
-0.4309991,-0.07355058,0.0001410036,-0.001066667,-0.3944068,-0.002810721,7.159448e-05,-0.0005875953,1,Vertical Slash,0.4058621898293495,3.0770998749552665,1.662117451429367,1.4913272988309008
0.06699739,-0.06739577,0.001668329,0.001857788,-0.2454356,-0.07121418,0.0002773616,-0.001346899,0,Horizontal Slash,0.4888782324269414,3.494367249690582,1.3213510364294052,2.2368668606090316
0.05131727,-0.07194329,0.0001143626,-0.001273122,-0.3487707,-0.07296987,-0.0008963992,-0.0005266254,0,Horizontal Slash,0.49549681693315506,3.541086556742962,1.2630687206983566,2.3250693515111
0.1086559,-0.07154848,0.0008092503,-0.001206901,-0.6170887,-0.02728435,-0.001766083,-0.01164448,0,Horizontal Slash,0.4956884286366403,3.627696831014245,1.1147156953811646,2.523693226729903
-0.03660866,-0.07355051,-0.0001378495,-0.001066666,-0.4767942,-0.07334496,0.000133331,-0.00068611,0,Horizontal Slash,0.4993242079508491,3.564513001256979,1.2377383410930634,2.357989970512736
0.008995406,-0.0729216,0.0007587912,-0.0005197009,-0.7150341,-0.03632905,0.0008806101,-0.01217675,0,Horizontal Slash,0.4971997363027185,3.637601324764737,1.109900563955307,2.5322619475372328
-0.1365202,-0.0730162,-0.0001380878,-0.0005333301,-0.5616386,-0.07336918,0.0001458296,-0.001061891,0,Horizontal Slash,0.5011472866171971,3.566416714108546,1.245931088924408,2.3451498566075952
-0.09245297,-0.002195723,0.0007517146,-0.01017141,-0.6726168,-0.03636461,0.0008805807,-0.01217822,0,Horizontal Slash,0.5041629266925156,3.5879143538001,1.1910521686077118,2.3970390693387267
-0.2380038,-0.07259779,-0.0001381212,-0.006142852,-0.5192219,-0.07336918,0.0001458295,-0.001061893,0,Horizontal Slash,0.49489491432905197,3.5030136807062826,1.33610999584198,2.202465394004149
0.291,-0.061,0.0,0.0,-0.327,-0.065,0.0,0.0,0,Horizontal Slash,0.49116691015660763,3.5918649348147995,1.1586580276489258,2.481214298912053
0.291,-0.061,0.0,0.0,-0.327,-0.065,0.0,0.0,0,Horizontal Slash,0.49116691015660763,3.5918649348147995,1.1586580276489258,2.481214298912053
0.1417084,-0.07355104,-0.0001416711,-0.001066699,0.0711111,0.06939992,0.0003777895,-0.01440001,1,Horizontal Slash,0.41213444620370865,3.152076635524008,1.596230573952198,1.67790328880121
0.5335392,-0.07354985,8.488323e-05,-0.001066667,0.222858,-0.0733479,9.858165e-06,-3.72529e-10,0,Horizontal Slash,0.456121489405632,3.451338311488306,1.3514683991670609,2.2705646285077528
0.38467,-0.07355057,-0.0001412702,-0.001066667,-0.1151524,-0.07292338,-0.001286958,-0.0009749528,0,Horizontal Slash,0.4847230240702629,3.552825573171544,1.2206192314624786,2.42204649527268
0.2346753,-0.0735506,-0.0001423382,-0.001066667,0.0277349,-0.07355048,0.0001355936,-0.001066666,0,Horizontal Slash,0.4642760641872883,3.41379089221901,1.4006970897316933,2.1299720217242117
0.08467525,-0.0735506,-0.0001423433,-0.001066667,-0.2204097,-0.06075053,-0.0002354781,-0.01946667,0,Horizontal Slash,0.4864356415346265,3.4827155636196596,1.334159404039383,2.21765535225831
-0.06532475,-0.07355059,-0.0001423433,-0.001066667,-0.3221502,-0.07355109,-9.681079e-05,-0.001066745,0,Horizontal Slash,0.48800383135676384,3.4747451177900266,1.3534341603517532,2.177095913400594
-0.04452678,-0.07355107,0.0001634265,-0.001066674,-0.3844614,-0.07347273,-7.653394e-05,-0.003181428,0,Horizontal Slash,0.49510011449456215,3.520844896590854,1.2985201925039291,2.2671492648498615
-0.1884607,-0.07358351,-0.001049781,-0.001066667,-0.6503144,-0.04348708,-0.01071071,-0.003284802,0,Horizontal Slash,0.5028675552457571,3.575029860812107,1.2380993962287903,2.353964066771971
-0.3429765,-0.07355066,-0.0001466285,-0.001066667,-0.649899,-0.07140232,3.970312e-07,-0.003104627,0,Horizontal Slash,0.4977221677545458,3.5234248755087605,1.3242860436439514,2.2270631092491504
-0.4933451,-0.07354975,-7.289012e-05,-0.001066667,-0.6425892,0.3962335,0.0004123578,0.006688547,1,Vertical Slash,0.3730480968952179,2.8361593036819315,1.7578416168689728,1.1302809835512349
-0.3437854,-0.07354945,1.517486e-05,-0.001066667,-0.4906044,0.002120501,1.542091e-05,0.01185573,0,Horizontal Slash,0.46691732481122017,3.336748780980123,1.4870282160118222,1.9000534731737933
-0.4930016,-0.07355059,-0.0001415994,-0.001066667,-0.2417083,0.3250579,0.0002361913,-0.006544279,1,Walk Forward,0.19983282685279846,2.220916465833923,2.0,0.24153877603096413
-0.1412092,-0.07363537,0.005999929,-0.001066667,-0.293482,0.007392654,-1.182343e-07,-0.01628751,0,Horizontal Slash,0.4622254855930805,3.323215829072642,1.486347571015358,1.903763971776668
-0.2606428,-0.07355018,-0.0001133372,-0.001066667,-0.04466317,-0.0703056,0.0002361178,-0.009056246,1,Vertical Slash,0.3401792496442795,2.8632658415094636,1.78203085064888,1.19288809589162
-0.111258,-0.07354943,9.698781e-06,-0.001066667,0.3562193,-0.0739051,2.603813e-05,-0.001216992,1,Vertical Slash,0.19622066617012024,2.4037839877316514,2.0,0.5422130544701108
0.03874179,-0.07354943,9.738713e-06,-0.001066667,0.3563233,-0.073905,8.449861e-09,-0.001066667,1,Vertical Slash,0.269260510802269,2.6854151455426725,1.878314733505249,0.975160546939554
0.1887418,-0.07354943,9.738724e-06,-0.001066667,0.4665138,-0.07356866,0.0001610482,-0.002134809,1,Vertical Slash,0.27363747358322144,2.744469613992608,1.8517506122589111,1.0900317769530807
0.3387417,-0.07354944,9.738724e-06,-0.001066667,0.7010009,-0.07150052,-8.139103e-06,0.003266298,1,Vertical Slash,0.2032553255558014,2.568741038694946,1.9508981704711914,0.8669313395129286
0.4887419,-0.07354944,9.738724e-06,-0.001066667,0.6781276,-0.06577788,-6.697117e-05,-0.0004247138,1,Vertical Slash,0.2732861787080765,2.8420109057789325,1.8056565821170807,1.3009742182267485
0.5977501,-0.07354973,-7.085853e-05,-0.001066667,0.6733519,-0.07118704,0.000271024,0.00495685,1,Vertical Slash,0.314410075545311,3.010923605305153,1.704432412981987,1.583204822812848
0.5612042,-0.07354943,-4.856284e-06,-0.001066667,0.5971994,0.03479607,-8.156943e-06,-0.0004784236,1,Vertical Slash,0.31906403601169586,2.9759480428325875,1.7177097350358963,1.506206047596223
0.703947,-0.07354945,-4.866994e-06,-0.001066667,0.5609902,-0.05004383,-1.297943e-05,0.01223921,0,Horizontal Slash,0.3875788524746895,3.2649656027626195,1.5213374588638544,2.005804731441033
0.7025041,-0.07354952,-3.542351e-05,-0.001066667,0.5199786,0.2820973,-0.0001180286,-0.006160789,1,Vertical Slash,0.34774476289749146,3.0324592691634233,1.6661686599254608,1.5954644201028554
0.6333576,-0.07354945,-4.862033e-06,-0.001066667,0.5193888,-0.004092337,-3.830247e-08,-0.01131961,0,Horizontal Slash,0.3793518766760826,3.202434638234096,1.5672906711697578,1.8781704189367479
0.4833819,-0.07354945,-9.73714e-06,-0.001066667,0.278008,-0.07341754,-0.0001476741,-0.0007014718,0,Horizontal Slash,0.4399757795035839,3.380788630685206,1.425379827618599,2.1362055039566243
0.3340419,-0.07355057,-0.000141717,-0.001066667,-0.1103285,-0.07053099,-0.001517852,-0.005799531,0,Horizontal Slash,0.48502009082585573,3.5352134438985234,1.2510024309158325,2.3738579269282414
0.184045,-0.07355059,-0.0001423403,-0.001066667,0.2802292,-0.07319765,0.0003706217,0.007699768,1,Vertical Slash,0.36914680898189545,3.0618126911655574,1.6673173755407333,1.5619019933387785
0.291,-0.061,0.0,0.0,-0.327,-0.065,0.0,0.0,0,Horizontal Slash,0.49116691015660763,3.5918649348147995,1.1586580276489258,2.481214298912053
0.291,-0.061,0.0,0.0,-0.327,-0.065,0.0,0.0,0,Horizontal Slash,0.49116691015660763,3.5918649348147995,1.1586580276489258,2.481214298912053
0.1417084,-0.07355104,-0.0001416711,-0.001066699,-0.4205996,-0.07390501,-8.882808e-05,0.001515,0,Horizontal Slash,0.49543165788054466,3.5922250233225026,1.174980491399765,2.4527986717671246
-0.008288288,-0.0735506,-0.0001423401,-0.001066667,-0.2717499,-0.07355057,0.0001412516,-0.001066667,0,Horizontal Slash,0.48678386863321066,3.4749225639013694,1.349498599767685,2.1874335713426842
0.07189006,-0.07302569,0.0008947984,-0.0005334051,-0.4826612,0.118034,-0.001403394,-0.0030978,0,Horizontal Slash,0.5010793287074193,3.5298824533842277,1.2625200897455215,2.2879366051488805
-0.07294873,-0.07301632,-0.0001374455,-0.0005333334,-0.3405644,-0.01984997,0.0001350437,-0.0032511,0,Horizontal Slash,0.4866017624735832,3.450020561695881,1.3751985803246498,2.127096556760983
-0.07724059,-0.07278855,0.0004922381,-0.0004507753,-0.5451519,0.06751049,-0.001403379,-0.006043909,0,Horizontal Slash,0.5014630357036367,3.521842583314225,1.2892261892557144,2.2523712643268223
-0.2240827,-0.07301576,-0.0001393465,-0.0005333132,-0.7014274,-0.06968755,-0.0001482983,-0.01137805,0,Horizontal Slash,0.5031693689525127,3.5911327267611095,1.220141351222992,2.3862913730140347
-0.1641394,-0.07348761,0.0008248844,0.0001690598,-0.6640161,0.1539559,0.0005956268,-0.0008756453,0,Horizontal Slash,0.5033095546532422,3.5029897590698504,1.3135773986577988,2.1986002005919
-0.3093262,-0.07355053,-0.0001377756,-0.001066667,-0.7076822,-0.04801961,4.300766e-05,-0.02841565,0,Horizontal Slash,0.5020222160965204,3.5537991041915897,1.2822622805833817,2.2913944285411043
-0.1182626,-0.01894991,0.001428972,-0.01115459,-0.5584536,-0.06760036,0.0001418742,-0.004703912,0,Horizontal Slash,0.5028447445947677,3.555489207596895,1.2480040490627289,2.3242716983542153
-0.1438221,-0.07390504,2.719106e-05,-0.001066834,-0.407793,-0.07354945,9.781606e-06,-0.001066667,0,Horizontal Slash,0.4910478824749589,3.484905025333814,1.348279520869255,2.182782194051293
-0.08016309,-0.07359201,0.0008116103,-0.001069156,-0.6166753,0.118034,-0.001403083,-0.0030978,0,Horizontal Slash,0.5039562322199345,3.532432424926492,1.2725308984518051,2.2696318251270333
-0.2254159,-0.07355053,-0.0001378383,-0.001066667,-0.4745768,-0.01984995,0.0001350452,-0.0032511,0,Horizontal Slash,0.48738508205860853,3.4445765870924867,1.3906798288226128,2.095188370696957
-0.1066221,-0.06919478,0.0009852108,-0.01413942,-0.6920546,0.06751049,-0.001403379,-0.006043909,0,Horizontal Slash,0.5046895705163479,3.573634213557797,1.2200258672237396,2.3567001683072966
-0.251011,-0.07316713,-0.0001370185,-0.0005645358,-0.5497466,-0.06968727,0.0001350438,-0.01137805,0,Horizontal Slash,0.49592234659940004,3.5090992794758984,1.330645814538002,2.2117981091491954
-0.2668018,-0.06080631,0.0004759079,0.00119598,-0.6889351,0.1539563,-0.001189916,-0.0008756453,0,Horizontal Slash,0.4979396043345332,3.454925573872183,1.370309740304947,2.0989975284950972
-0.4143744,-0.0730174,-9.581122e-06,-0.0005333861,-0.6625801,-0.06322048,5.060857e-06,-0.0002189102,0,Horizontal Slash,0.49130813870579004,3.483040940007178,1.3734384328126907,2.1425440822238517
-0.3690756,-0.07294861,0.0006452667,-0.0005218216,-0.6447403,0.1193052,0.000701536,-0.002885861,0,Horizontal Slash,0.4782408308237791,3.360552073191359,1.4622307159006596,1.9316009621561951
-0.5157792,-0.07299555,-9.526163e-06,-0.0005333334,-0.491299,-0.002150393,9.963223e-06,-0.001859817,1,Vertical Slash,0.40801242738962173,3.0866128333110234,1.6612163335084915,1.498249850588682
-0.3658754,-0.07301611,9.732472e-06,-0.0005333334,-0.5852541,-0.07241473,-6.100988e-06,-0.006149954,0,Horizontal Slash,0.48782780673354864,3.462659752580342,1.3889535963535309,2.1121874319646627
-0.5151187,-0.07301632,-0.0001416251,-0.0005333334,-0.5731416,0.1160205,0.0007369622,-0.003215506,1,Vertical Slash,0.4104344770312309,3.062318404390543,1.6649523824453354,1.4609646154975526
-0.3665318,-0.07301632,0.0001410023,-0.0005333334,-0.7187657,-0.04148201,-0.0001381908,-0.005592248,0,Horizontal Slash,0.5000953838825808,3.5346163860686683,1.3119528740644455,2.244689469789246
0.291,-0.061,0.0,0.0,-0.327,-0.065,0.0,0.0,0,Horizontal Slash,0.49116691015660763,3.5918649348147995,1.1586580276489258,2.481214298912053
0.291,-0.061,0.0,0.0,-0.327,-0.065,0.0,0.0,0,Horizontal Slash,0.49116691015660763,3.5918649348147995,1.1586580276489258,2.481214298912053
0.1417084,-0.07355104,-0.0001416711,-0.001066699,-0.327,-0.07354006,0.0,-0.002132813,0,Horizontal Slash,0.49455501371994615,3.5608573445270597,1.2261541187763214,2.3841449796081338
-0.008288288,-0.0735506,-0.0001423401,-0.001066667,-0.7225815,0.009672368,0.0001888948,-0.01653282,0,Horizontal Slash,0.49954711241298355,3.62299054162983,1.1339991092681885,2.490413221421242
-0.1589511,-0.07354944,-9.781756e-06,-0.001066667,-0.6493463,-0.07349666,4.837131e-06,-0.0009958374,0,Horizontal Slash,0.5022947296965867,3.592987098311699,1.2086501717567444,2.401004630634558
-0.3082915,-0.07355059,-0.0001417172,-0.001066667,-0.5612858,0.03700317,0.0001888833,-0.01539584,0,Horizontal Slash,0.4828766081482172,3.4045909866288717,1.4281374514102936,2.0137560774122227
-0.4582884,-0.07355059,-0.0001423403,-0.001066667,-0.6806442,-0.05030704,0.0001176132,-0.004702079,0,Horizontal Slash,0.4860277622938156,3.4533048713005585,1.4047541990876198,2.0845008763770627
-0.405744,-0.07078519,0.0001139235,-0.002023371,-0.699872,-0.05386228,6.867002e-05,0.003960315,0,Horizontal Slash,0.49622250348329544,3.51012828434951,1.3439536690711975,2.1931700359351747
-0.5549484,-0.07354945,-9.698593e-06,-0.001066667,-0.6108426,-0.0733178,-2.533644e-05,-0.001012685,0,Horizontal Slash,0.4500499777495861,3.292498657281998,1.5401827059686184,1.8113988352551298
-0.4889699,-0.07354974,7.085844e-05,-0.001066667,-0.7170179,-0.05922228,-0.0001179994,-0.01941269,0,Horizontal Slash,0.48639172315597534,3.4614654496671178,1.4012415781617165,2.0961733241813656
-0.6379089,-0.07355057,-0.0001413364,-0.001066667,-0.7169148,-0.07280731,-0.0003281026,-0.0001264316,0,Horizontal Slash,0.4536808766424656,3.3198631017152325,1.5285716205835342,1.8476268896704406
-0.6062703,-0.07354973,7.116926e-05,-0.001066667,-0.7058429,-0.06775849,-0.0003390579,0.005169658,0,Horizontal Slash,0.46012289077043533,3.3442513504979723,1.5076711080037057,1.889102653599631
-0.6133074,-0.07354945,4.856235e-06,-0.001066667,-0.6472301,0.007651305,6.462868e-06,0.01181517,1,Vertical Slash,0.4253619909286499,3.1654054913414966,1.620865173637867,1.6090582235507618
-0.4639916,-0.07355058,0.000141694,-0.001066667,-0.647198,-0.05006521,3.052005e-08,0.003692414,0,Horizontal Slash,0.4797303285449743,3.4198679241403536,1.434232123196125,2.0263712530334947
-0.612578,-0.07355057,-0.0001410019,-0.001066667,-0.7004655,-0.06989389,-5.054843e-05,-0.007336208,0,Horizontal Slash,0.4558277986943722,3.3255401484270153,1.521895183250308,1.8588351360131754
-0.5909026,-0.07354944,4.890661e-06,-0.001066667,-0.5999936,-0.003449676,0.0001323927,-0.0003868382,1,Vertical Slash,0.418412022292614,3.1360767209719165,1.6375887542963028,1.5666812241843553
-0.4409269,-0.07354944,9.737149e-06,-0.001066667,-0.1994616,-0.03736948,2.600447e-05,0.009793421,1,Vertical Slash,0.32356758415699005,2.771218497608121,1.829037755727768,1.038018134261799
-0.2909269,-0.07354945,9.738724e-06,-0.001066667,-0.004689916,-0.05517712,0.0001847211,0.007085811,1,Vertical Slash,0.3039209693670273,2.7239511229265245,1.8519745171070099,0.983724211902002
-0.1409269,-0.07354945,9.738724e-06,-0.001066667,0.08430044,-0.04299183,0.0001368996,0.001989667,1,Vertical Slash,0.32546281814575195,2.8221389308771276,1.8003638684749603,1.1461632180471941
0.008413285,-0.07355059,0.0001417171,-0.001066667,-0.1638377,0.04316013,-0.0002354719,-0.01641034,0,Horizontal Slash,0.4574727565050125,3.3094541821076646,1.48872609436512,1.90190826604479
-0.1408297,-0.07354944,-9.689573e-06,-0.001066667,-0.5937356,0.1811329,-0.0002743519,-0.01113669,0,Horizontal Slash,0.4983621696010232,3.4571756589115425,1.3585768342018127,2.1160879694777064
-0.2901696,-0.07355058,-0.0001417168,-0.001066667,-0.1969899,0.04825225,0.0003764938,-0.0255367,1,Vertical Slash,0.3653498589992523,2.9115612847971017,1.744087740778923,1.2575524689651723
-0.1409266,-0.07354944,9.689573e-06,-0.001066667,-0.3450594,-0.06967469,-9.613383e-06,0.003792087,0,Horizontal Slash,0.482860304415226,3.4402434939617654,1.392810881137848,2.1033850187716783
-0.29017,-0.07355057,-0.0001416253,-0.001066667,-0.7134575,0.1557353,0.0001889174,-0.01060792,0,Horizontal Slash,0.49755441560409963,3.4581653171404945,1.3709366470575333,2.102423237909645
-0.4401664,-0.0735506,-0.0001423399,-0.001066667,-0.6840035,-0.01559014,4.200492e-05,0.002513959,0,Horizontal Slash,0.48686107713729143,3.4469886464215826,1.4061674550175667,2.0739972181946813
-0.5908171,-0.07354946,-1.22272e-05,-0.001066667,-0.6684061,-0.07354759,6.076207e-06,-0.001066448,0,Horizontal Slash,0.4551093280315399,3.3200206170306634,1.5240461081266403,1.8518543718191838
-0.5570444,-0.07354944,4.869764e-06,-0.001066667,-0.6222886,-0.0616701,3.625224e-05,-0.02357167,0,Horizontal Slash,0.4479495994746685,3.2803246041266756,1.5478502623736858,1.7921612752592524
-0.1277941,-0.07274988,9.639498e-05,-0.0004427246,-0.4723336,-0.07282791,9.747326e-06,-0.0005045768,0,Horizontal Slash,0.49760709679685533,3.5292857700614007,1.2951202541589737,2.2696895928361474
-0.2772637,-0.07301609,-9.704283e-06,-0.000533333,-0.526961,-0.07356881,-3.571684e-06,-0.002134699,0,Horizontal Slash,0.49164028465747833,3.482898018762506,1.3612727224826813,2.1597356401041
-0.319003,-0.07301615,7.085844e-05,-0.0005333333,-0.4601219,-0.06765668,-0.0001180508,0.007867351,0,Horizontal Slash,0.47423186153173447,3.3909462677801345,1.4479074478149414,1.9948619169546002
0.291,-0.061,0.0,0.0,-0.327,-0.065,0.0,0.0,0,Horizontal Slash,0.49116691015660763,3.5918649348147995,1.1586580276489258,2.481214298912053
0.291,-0.061,0.0,0.0,-0.327,-0.065,0.0,0.0,0,Horizontal Slash,0.49116691015660763,3.5918649348147995,1.1586580276489258,2.481214298912053
0.1417084,-0.07355104,-0.0001416711,-0.001066699,-0.1777084,-0.07354025,0.0001416711,-0.002132813,0,Horizontal Slash,0.4861779287457466,3.4957813648227245,1.3162295371294022,2.255047772431271
0.2996372,-0.05356789,0.00127638,-0.01319087,-0.2941755,-0.0735846,-0.001085351,-0.001066655,0,Horizontal Slash,0.490777381695807,3.5862896486846108,1.1663211584091187,2.472304870335734
0.1566973,-0.07337911,-0.0001356435,-0.002109446,-0.1502849,-0.0735505,0.0001365457,-0.001066667,0,Horizontal Slash,0.4842389430850744,3.48811134384985,1.3245321065187454,2.2440217237578004
0.09250788,-0.07273681,0.0002534818,-0.0004204717,-0.2667775,-0.07358698,-0.001085376,-0.001066846,0,Horizontal Slash,0.49165353178977966,3.5198615347613154,1.2889717370271683,2.290899423876459
0.1736856,-0.07360109,0.0009155671,-0.001069453,-0.3893509,-0.07358717,-0.001091146,-0.001066846,0,Horizontal Slash,0.49444557121023536,3.5896872700720364,1.1762813925743103,2.453472784418051
0.02895012,-0.07355053,-0.0001373474,-0.001066667,-0.2454893,-0.0735505,0.0001365182,-0.001066667,0,Horizontal Slash,0.4865957098081708,3.4790501931136943,1.3426212221384048,2.2018027974443424
-0.0007138425,-0.07355619,0.0003710333,-0.00106664,-0.4157211,-0.07359388,-0.001298849,-0.001066846,0,Horizontal Slash,0.49763170373626053,3.5519373361271915,1.2527456134557724,2.3378068973038664
-0.03657804,-0.07355675,0.0003741739,-0.001066669,-0.5393568,-0.07358721,-0.001092154,-0.001066846,0,Horizontal Slash,0.5000442067794211,3.5870805139016073,1.2028214931488037,2.407969993227011
-0.1840077,-0.07355057,-0.0001399041,-0.001066667,-0.3955001,-0.07355049,0.0001365135,-0.001066667,0,Horizontal Slash,0.48506332468241453,3.449706303485765,1.3868993297219276,2.113645621892698
-0.08425883,-0.07357328,0.0007924187,-0.001066646,-0.6258143,-0.07359388,-0.001298849,-0.001066846,0,Horizontal Slash,0.5008541808347218,3.603760869688236,1.181507796049118,2.438489881737157
-0.2296071,-0.07355051,-0.000137929,-0.001066667,-0.4829862,-0.07355048,0.0001355374,-0.001066667,0,Horizontal Slash,0.4915347062051296,3.4831958688834446,1.3569171279668808,2.166857265754108
-0.2289428,-0.07366585,0.0004334795,-0.001096537,-0.6655697,-0.07359385,-0.001298847,-0.001066846,0,Horizontal Slash,0.5027417212259024,3.5792440479613457,1.2390410602092743,2.358852460198893
-0.3760774,-0.07355056,-0.000139624,-0.001066667,-0.674334,-0.07354976,7.390235e-05,-0.001066667,0,Horizontal Slash,0.4972277479246259,3.522034096845818,1.329726293683052,2.220287528093284
-0.5260638,-0.0735506,-0.0001423304,-0.001066667,-0.5847877,-0.07352962,0.0006421355,-0.001061174,0,Horizontal Slash,0.4517188258469105,3.297357909380781,1.5344177521765232,1.8217022258041315
-0.4639998,-0.07354973,7.117158e-05,-0.001066667,-0.5863227,-0.07357126,0.000683165,-0.001066846,0,Horizontal Slash,0.4695298448204994,3.3754451878122196,1.4718220103532076,1.953314434929492
0.291,-0.061,0.0,0.0,-0.327,-0.065,0.0,0.0,0,Horizontal Slash,0.49116691015660763,3.5918649348147995,1.1586580276489258,2.481214298912053
0.291,-0.061,0.0,0.0,-0.327,-0.065,0.0,0.0,0,Horizontal Slash,0.49116691015660763,3.5918649348147995,1.1586580276489258,2.481214298912053
0.1417084,-0.07355104,-0.0001416711,-0.001066699,0.0711111,0.06939992,0.0003777895,-0.01440001,1,Horizontal Slash,0.41213444620370865,3.152076635524008,1.596230573952198,1.67790328880121
0.2909517,-0.07354944,9.689587e-06,-0.001066667,0.07298501,-0.07334845,1.225998e-07,-3.72529e-10,0,Horizontal Slash,0.46200182661414146,3.4165075193888645,1.3961150869727135,2.147662235712631
0.1417083,-0.07355058,-0.0001416253,-0.001066667,-0.3206766,-0.07359074,-0.001267571,-0.001066667,0,Horizontal Slash,0.4943917393684387,3.558878402576184,1.2293343544006348,2.379993943706541
-0.008288187,-0.07355058,-0.0001423399,-0.001066667,-0.4762763,-0.07355069,-0.000147657,-0.001066667,0,Horizontal Slash,0.4991106648813002,3.5725965950225342,1.2224524021148682,2.380637065900876
-0.1582882,-0.0735506,-0.0001423433,-0.001066667,-0.6263029,-0.07355059,-0.0001423683,-0.001066667,0,Horizontal Slash,0.5021756223868579,3.584970728557722,1.2210416495800018,2.3827526561037
-0.3082882,-0.0735506,-0.0001423433,-0.001066667,-0.6470965,-0.06075064,0.0001183954,-0.01946667,0,Horizontal Slash,0.49911335995420814,3.5303646545898433,1.3116917610168457,2.244708007887146
-0.4212228,-0.07321714,3.293294e-05,-0.0009114794,-0.7171786,-0.07304902,-7.32935e-05,-0.000538053,0,Horizontal Slash,0.4969622539356351,3.523315144949471,1.3335178196430206,2.2172677374840273
-0.5703506,-0.07355059,-0.0001415155,-0.001066667,-0.6296034,0.02144008,0.0004454058,-0.008812866,1,Horizontal Slash,0.43022172152996063,3.1786242274634864,1.6082314178347588,1.6325830171214117
-0.4217631,-0.07355057,0.0001410027,-0.001066667,-0.2292758,-0.05566879,0.0003798929,-0.02321287,1,Vertical Slash,0.3468272536993027,2.864907352627848,1.783003717660904,1.1782087311571572
-0.3412649,-0.07354945,-4.890661e-06,-0.001066667,-0.1981979,-0.07390527,5.782747e-05,-0.001110337,1,Vertical Slash,0.37857183814048767,2.997666419307286,1.710787519812584,1.3833423577618067
-0.3585167,-0.07354943,-4.866989e-06,-0.001066667,-0.092871,-0.03231872,1.297137e-05,0.0005551707,1,Vertical Slash,0.30807311832904816,2.7213505929354405,1.8511273562908173,0.97239144197236
-0.2085897,-0.07354944,9.733982e-06,-0.001066667,0.06621575,-0.06082129,0.0001509088,-0.003857426,1,Vertical Slash,0.30652086436748505,2.7489390979016957,1.8399969637393951,1.0303678451279776
-0.3647043,-0.0731975,-8.330885e-05,-0.0005648404,-0.02737492,-0.07354884,4.843295e-06,-0.002133311,1,Vertical Slash,0.2813767343759537,2.6396802068074696,1.8954508602619171,0.8533181494746357
-0.2158272,-0.07301654,0.0001412777,-0.0005333411,0.2312816,-0.07358852,0.001191633,-0.001066678,1,Vertical Slash,0.21482452750205994,2.4392260221146445,1.9903682470321655,0.5788433060271185
-0.06516974,-0.07301611,9.781409e-06,-0.0005333334,0.1284405,-0.04853833,0.0001180788,0.006696869,1,Vertical Slash,0.3390704393386841,2.8875954565355864,1.7660184800624847,1.2542370518704569
0.08483048,-0.07301611,9.738736e-06,-0.0005333334,0.2877427,-0.07355143,0.0001506948,-0.001066716,1,Vertical Slash,0.32615286111831665,2.8886685596117796,1.7696398198604584,1.2827632522154884
0.1690666,-0.07301611,-4.869362e-06,-0.0005333334,0.4817834,0.1980117,0.0002231287,-0.008804404,1,Vertical Slash,0.18327081203460693,2.3479624512034496,2.0,0.4896890055126451
0.291,-0.061,0.0,0.0,-0.327,-0.065,0.0,0.0,0,Horizontal Slash,0.49116691015660763,3.5918649348147995,1.1586580276489258,2.481214298912053
0.291,-0.061,0.0,0.0,-0.327,-0.065,0.0,0.0,0,Horizontal Slash,0.49116691015660763,3.5918649348147995,1.1586580276489258,2.481214298912053
0.1417084,-0.07355104,-0.0001416711,-0.001066699,-0.3881142,-0.07381286,-5.84008e-05,-0.00315375,0,Horizontal Slash,0.49539851676672697,3.581485753405947,1.1929621398448944,2.4287879026622146
-0.008288288,-0.0735506,-0.0001423401,-0.001066667,-0.5376965,-0.0735506,-0.0001419469,-0.001066667,0,Horizontal Slash,0.49943406210513785,3.5934350555309154,1.189081996679306,2.427447635634713
-0.1582883,-0.0735506,-0.0001423433,-0.001066667,-0.5998386,-0.07368311,-5.907112e-05,-0.002147448,0,Horizontal Slash,0.5018375735962763,3.574912593298873,1.2362256348133087,2.360248996907395
-0.08344784,-0.03257122,0.0008935754,-0.01195724,-0.7049522,-0.07355209,-0.001029387,-0.001055798,0,Horizontal Slash,0.5009750649333,3.620075566175116,1.1456159055233002,2.4776286749964243
-0.2282552,-0.07390527,-0.0001374513,-0.0004473274,-0.5607831,-0.07355051,0.0001368099,-0.001066667,0,Horizontal Slash,0.4986383691430092,3.5311749707656217,1.3030604124069214,2.2580610559809116
-0.2432626,0.02113697,0.000479526,-0.008823257,-0.6649219,-0.0729524,-0.001028462,-0.0005217234,0,Horizontal Slash,0.5053283958695829,3.549458567733681,1.2639480829238892,2.2928395575365275
-0.2436937,0.05906988,0.0005348453,-0.006577491,-0.6977239,-0.073402,0.0005169823,-0.002113413,0,Horizontal Slash,0.5069867554120719,3.5527148595313047,1.2532852441072464,2.2991566484630064
-0.3903238,-0.06692495,-0.0001391453,0.001955628,-0.5458595,-0.07354964,0.0001441124,-0.002133328,0,Horizontal Slash,0.4769206866621971,3.40466654342183,1.4413764216005802,2.009677040486819
-0.2768787,-0.07356735,0.000633881,-0.001066693,-0.6862624,-0.07356711,0.0006209773,-0.00122322,0,Horizontal Slash,0.502671554684639,3.571794915915096,1.2559184581041336,2.3353067820097433
-0.2752837,-0.05417836,0.0005419764,-0.01322954,-0.6910025,-0.07294415,0.0005130876,-0.0005217043,0,Horizontal Slash,0.5035476752091199,3.570832994612927,1.252577617764473,2.3339517219546244
-0.4217626,-0.07336611,-0.0001391117,-0.002109144,-0.7101659,-0.073348,2.79889e-05,-0.001042897,0,Horizontal Slash,0.49632781464606524,3.5188731873069625,1.3383676260709763,2.2087242490877284
-0.5677239,-0.07354887,7.1164e-05,-0.002133328,-0.6240626,-0.07354857,-0.0002854111,-0.001066169,0,Horizontal Slash,0.44997483491897583,3.293519750694637,1.5405473187565804,1.8118991064248606
-0.5022844,-0.07354943,4.856235e-06,-0.002133333,-0.6635698,-0.07349674,7.586471e-05,-0.003551453,0,Horizontal Slash,0.47716771624982357,3.4167364368099085,1.4420613497495651,2.0181856061027297
-0.3142535,-0.07357914,0.0009875515,-0.001066463,-0.6353934,-0.07354376,0.0006208967,-0.001064009,0,Horizontal Slash,0.49875764828175306,3.5311625418136203,1.312343180179596,2.2460671875195763
-0.3215017,-0.07356124,0.0004947938,-0.001066666,-0.7164368,-0.0729421,0.0005130879,-0.0005217238,0,Horizontal Slash,0.5025878641754389,3.5690598910874765,1.2656192183494568,2.3229916801448907
0.291,-0.061,0.0,0.0,-0.327,-0.065,0.0,0.0,0,Horizontal Slash,0.49116691015660763,3.5918649348147995,1.1586580276489258,2.481214298912053
0.291,-0.061,0.0,0.0,-0.327,-0.065,0.0,0.0,0,Horizontal Slash,0.49116691015660763,3.5918649348147995,1.1586580276489258,2.481214298912053
0.1417084,-0.07355104,-0.0001416711,-0.001066699,-0.327,-0.07354006,0.0,-0.002132813,0,Horizontal Slash,0.49455501371994615,3.5608573445270597,1.2261541187763214,2.3841449796081338
-0.008288288,-0.0735506,-0.0001423401,-0.001066667,-0.5758194,-0.06769372,-0.0002361185,0.007866408,0,Horizontal Slash,0.4993187246727757,3.604645829796091,1.1699542999267578,2.453043973870656
-0.1582883,-0.0735506,-0.0001423433,-0.001066667,-0.6519829,-0.0574075,-7.227566e-05,0.006116798,0,Horizontal Slash,0.5026463542599231,3.5894627062951963,1.2127717435359955,2.3919818200554235
-0.3082883,-0.0735506,-0.0001423433,-0.001066667,-0.6841811,-0.07285827,7.100619e-05,-0.0004911499,0,Horizontal Slash,0.5018024360761046,3.559116776299692,1.2770280092954636,2.3036714243158283
-0.4582882,-0.0735506,-0.0001423433,-0.001066667,-0.6768675,-0.07233265,0.0003066799,-0.001595753,0,Horizontal Slash,0.48757919669151306,3.467733784459851,1.3931748196482658,2.1106821009644414
-0.608951,-0.07354945,-9.781756e-06,-0.001066667,-0.6980856,-0.07354973,4.563522e-05,-0.001066677,0,Horizontal Slash,0.45760297402739525,3.3342475304615706,1.5155787244439125,1.873034078450407
-0.5924343,-0.07354945,4.869368e-06,-0.001066667,-0.6440848,-0.07390518,-4.592102e-05,-0.00111002,0,Horizontal Slash,0.44763948395848274,3.285801886448898,1.5480462722480297,1.7976018558927023
-0.5197966,-0.07354944,4.866991e-06,-0.001066667,-0.6921162,-0.07354958,-4.542065e-05,-0.001066667,0,Horizontal Slash,0.47906760685145855,3.4286144655660546,1.4339176267385483,2.036544174696515
-0.6152619,-0.07354943,4.866991e-06,-0.001066667,-0.6655068,-0.07388832,-3.634806e-05,-0.002197235,0,Horizontal Slash,0.4462129883468151,3.282177477649152,1.5525510758161545,1.7900103877690121
-0.5406367,-0.07354949,2.900952e-05,-0.001066667,-0.623075,-0.06530836,-0.0001867126,-0.003488426,0,Horizontal Slash,0.4563204236328602,3.3177002182967423,1.520672231912613,1.8524370111284496
-0.6506867,-0.07354973,7.076705e-05,-0.001066667,-0.7142966,-0.06538102,-8.337475e-05,-0.002868874,0,Horizontal Slash,0.4469575732946396,3.2884685871505437,1.5509625934064388,1.7968999829083039
-0.5961665,-0.07354944,7.587966e-06,-0.001066667,-0.7142133,-0.07349885,2.011476e-05,-0.002129351,0,Horizontal Slash,0.465298306196928,3.369468196080809,1.4884206922724843,1.9310849148778975
-0.6234058,-0.07354973,7.081762e-05,-0.001066667,-0.7077064,0.05088729,0.0002163086,-0.007028269,1,Vertical Slash,0.4297107979655266,3.174595207707213,1.612811654806137,1.622334977540857
-0.4731006,-0.07354945,9.758544e-06,-0.001066667,-0.7066253,-0.07315536,7.01962e-08,-0.004521467,0,Horizontal Slash,0.4894420877099037,3.480418267288046,1.382944904267788,2.131820916109513
0.291,-0.061,0.0,0.0,-0.327,-0.065,0.0,0.0,0,Horizontal Slash,0.49116691015660763,3.5918649348147995,1.1586580276489258,2.481214298912053
0.291,-0.061,0.0,0.0,-0.327,-0.065,0.0,0.0,0,Horizontal Slash,0.49116691015660763,3.5918649348147995,1.1586580276489258,2.481214298912053
0.1417084,-0.07355104,-0.0001416711,-0.001066699,-0.1777084,-0.07354025,0.0001416711,-0.002132813,0,Horizontal Slash,0.4861779287457466,3.4957813648227245,1.3162295371294022,2.255047772431271
0.1038514,-0.07304984,0.0003743264,0.004858226,-0.3842037,-0.06210565,-0.001500143,0.00110266,0,Horizontal Slash,0.4963964798953384,3.5664655872757383,1.2200399339199066,2.387136167243105
-0.04357752,-0.07354766,-0.0001399034,-0.001066413,-0.5409606,-0.07306201,-0.0001487553,-0.0005394427,0,Horizontal Slash,0.5002094032242894,3.5856283160860247,1.205832988023758,2.4033940791018207
-0.1935654,-0.07355058,-0.0001423317,-0.001066667,-0.5535733,0.02234777,-1.207553e-05,-0.01602566,0,Horizontal Slash,0.4970523305237293,3.4913272825151753,1.3381415903568268,2.180645818708399
-0.1605193,-0.07354699,0.0007015698,-0.00100761,-0.7048116,-0.07236601,0.0007504345,-4.020175e-05,0,Horizontal Slash,0.502070345217362,3.6107596570329643,1.1800708174705505,2.442692131474869
-0.3063197,-0.07355054,-0.000138358,-0.001066667,-0.5517856,-0.07355064,0.0001452149,-0.001066667,0,Horizontal Slash,0.4914650795981288,3.4821633530064426,1.3646807819604874,2.154571281810705
-0.2815793,-0.07350852,0.0005649891,-0.002129444,-0.6638954,-0.06450363,0.0008568306,0.0009693187,0,Horizontal Slash,0.5018374513601884,3.5565553822930647,1.2762598991394043,2.3016552657290164
-0.4280594,-0.07354973,-0.000139003,-0.002133333,-0.6715617,0.06720766,-7.326785e-06,-0.0145169,0,Horizontal Slash,0.47672014124691486,3.370720336923215,1.4625059999525547,1.9445018164199865
-0.3268298,-0.07291131,0.0009232137,-0.0005173536,-0.6027666,0.0996461,0.0008566507,-0.00401352,0,Horizontal Slash,0.48097521997988224,3.3779266011616174,1.4469068683683872,1.9647768311043017
-0.4715272,-0.07301618,-0.0001373113,-0.0005333295,-0.7111929,-0.05011845,6.881283e-05,-0.007593242,0,Horizontal Slash,0.4882534593343735,3.4671570436362806,1.3934621885418892,2.1075109627023756
-0.4175638,-0.07357025,0.0006721118,-0.002141989,-0.580321,-0.0644538,0.0008567404,0.002985141,0,Horizontal Slash,0.47793575190007687,3.4110553290375374,1.4385185055434704,2.016989383840985
-0.2458063,-0.06742647,6.189245e-05,-0.008039326,-0.5630794,-0.07354672,-5.006796e-06,-0.002133216,0,Horizontal Slash,0.49818148650228977,3.523568920274517,1.3124904036521912,2.240769972857895
-0.1644381,-0.07390527,6.20373e-05,-0.001067401,-0.6346476,-0.07355139,-0.0002004544,-0.001066646,0,Horizontal Slash,0.5022728524636477,3.5863879099661586,1.2197502553462982,2.3849895865836905
-0.3134211,-0.07355057,-0.0001413781,-0.001066667,-0.6927623,-0.07354973,7.130885e-05,-0.001066667,0,Horizontal Slash,0.5019729065243155,3.561392936390896,1.27477365732193,2.3077891290919035
-0.4634162,-0.07355059,-0.0001423387,-0.001066667,-0.7043923,0.009181008,-1.103631e-05,-0.01655289,0,Horizontal Slash,0.48229468800127506,3.418295650008825,1.4313796386122704,2.021997759957096
-0.3288153,-0.07353584,0.001084411,-0.001059489,-0.5845581,-0.07328936,0.0008566462,-0.005494905,0,Horizontal Slash,0.49257414415478706,3.4892816314998853,1.3595494031906128,2.1647204222774286
-0.4727105,-0.07355051,-0.0001365501,-0.001066667,-0.5921465,-0.0649299,-7.327655e-06,0.005690562,0,Horizontal Slash,0.4681435786187649,3.367008480732363,1.4784598220139742,1.9382169330979409
-0.1674931,-0.07187951,0.000862561,0.001032587,-0.4430684,-0.07276282,0.0001416365,-0.00174434,0,Horizontal Slash,0.4926842129789293,3.4920396651030554,1.342101514339447,2.1921519853921403
0.291,-0.061,0.0,0.0,-0.327,-0.065,0.0,0.0,0,Horizontal Slash,0.49116691015660763,3.5918649348147995,1.1586580276489258,2.481214298912053
0.291,-0.061,0.0,0.0,-0.327,-0.065,0.0,0.0,0,Horizontal Slash,0.49116691015660763,3.5918649348147995,1.1586580276489258,2.481214298912053
0.1417084,-0.07355104,-0.0001416711,-0.001066699,-0.327,-0.07354006,0.0,-0.002132813,0,Horizontal Slash,0.49455501371994615,3.5608573445270597,1.2261541187763214,2.3841449796081338
-0.008288288,-0.0735506,-0.0001423401,-0.001066667,-0.327,-0.07354943,0.0,-0.002133333,0,Horizontal Slash,0.49236745201051235,3.5072651547115257,1.3124104738235474,2.2474280992470126
-0.1582883,-0.0735506,-0.0001423433,-0.001066667,-0.4931818,-0.01805408,-0.0007656574,-0.01116694,0,Horizontal Slash,0.49587645567953587,3.4972188866441356,1.33171446621418,2.1992506256732867
-0.3089511,-0.07354943,-9.781756e-06,-0.001066667,-0.6002919,-0.07390501,-6.959741e-06,-0.001069733,0,Horizontal Slash,0.496358998818323,3.513392932335203,1.3320151567459106,2.212323261629618
-0.4589515,-0.07354944,-9.738736e-06,-0.001066667,-0.7098579,-0.07354945,4.868911e-06,-0.001066667,0,Horizontal Slash,0.49203419778496027,3.494558224868322,1.3677298575639725,2.159000576434319
-0.6089517,-0.07354944,-9.738724e-06,-0.001066667,-0.7097062,-0.06825759,-9.115382e-05,0.005513656,0,Horizontal Slash,0.4604520797729492,3.346303368132743,1.5064567886292934,1.8921837463280817
-0.61007,-0.07354944,4.869362e-06,-0.001066667,-0.6695379,-0.0736735,-4.082983e-05,-0.002196851,0,Horizontal Slash,0.4491247721016407,3.294815088582088,1.543427463620901,1.8103107518978048
-0.5098801,0.04671721,0.002147275,0.001333331,-0.7233806,0.0380599,-0.001013684,0.0005720619,0,Horizontal Slash,0.4713598098605871,3.3107123969859362,1.4980836616596207,1.8434509958648448
-0.5607597,-0.06154951,6.576541e-05,-0.007866667,-0.7020895,0.09018932,-0.0001156657,-0.01782794,1,Horizontal Slash,0.4422099143266678,3.2075804350229014,1.5822491347789764,1.6773469352039923
-0.4111407,-0.07353268,0.0001419816,-0.002131511,-0.6873981,-0.06849701,4.419639e-05,-0.01085603,0,Horizontal Slash,0.49450101889669895,3.5046191455231934,1.3518978357315063,2.1829462281296848
-0.4763424,-0.07354945,7.050027e-05,-0.002133333,-0.6048023,-0.07301864,-0.0001181636,-0.0006285021,0,Horizontal Slash,0.47083826176822186,3.3826075176948653,1.4672064557671547,1.963834665047875
-0.5198441,-0.07354952,7.066906e-05,-0.002133333,-0.6589921,0.1309499,0.0005685247,-0.002375542,1,Vertical Slash,0.43591419607400894,3.169145381431502,1.6018092706799507,1.6208070532338197
-0.3697235,-0.07301615,4.653214e-05,-0.0005333334,-0.506386,-0.03548722,4.730254e-05,-0.009212231,0,Horizontal Slash,0.46767714992165565,3.351475871954004,1.4803225714713335,1.922791761023323
-0.425374,-0.07301643,0.0001726701,-0.0005333334,-0.6694199,-0.07209893,-0.001899033,0.000304354,0,Horizontal Slash,0.4913554321974516,3.4869152854349306,1.3715445846319199,2.148719656307015
-0.5738064,-0.07301633,-0.0001408557,-0.0005333334,-0.7054086,-0.06697623,-3.415165e-05,0.007926326,0,Horizontal Slash,0.46909282356500626,3.382786742714593,1.4755187779664993,1.954544994804393
-0.6211887,-0.07301616,7.116811e-05,-0.0005333334,-0.7111534,-0.06417125,0.0002138248,-0.001469034,0,Horizontal Slash,0.45558467879891396,3.3237833827706744,1.523469453677535,1.8551160471553392
-0.6000192,-0.07301612,4.856235e-06,-0.0005333334,-0.6916666,-0.03072918,3.236514e-06,0.0007345189,0,Horizontal Slash,0.4510415829718113,3.290405490687493,1.5422608517110348,1.8033822314342598
-0.5873722,-0.07301612,4.866994e-06,-0.0005333334,-0.6633191,-0.070893,7.224861e-05,4.828982e-05,0,Horizontal Slash,0.4543365426361561,3.315023546345469,1.5270030871033669,1.8441281045719975
-0.5515088,-0.07301615,7.082403e-05,-0.0005333334,-0.6926568,-0.03133409,5.91149e-05,-0.01835172,0,Horizontal Slash,0.46412545815110207,3.346787278026676,1.4980160391423851,1.897440514230708
-0.5381936,-0.07301612,4.856288e-06,-0.0005333334,-0.6478686,-0.07192729,7.184762e-05,0.007980762,0,Horizontal Slash,0.46561792120337486,3.3626933639389995,1.4878599448129535,1.9250508342313613
-0.3677995,-0.07301734,0.0001381224,-0.0005333755,-0.6708213,-0.0643309,7.360723e-05,0.005782048,0,Horizontal Slash,0.4974812522996217,3.5204194566067137,1.3297972679138184,2.217723512537459
-0.5164039,-0.07301632,-0.0001410188,-0.0005333334,-0.2723439,0.2088381,0.0003781372,-0.008617958,1,Walk Forward,0.2403753697872162,2.391980883787853,1.9733278453350067,0.48233705804023713
-0.3209186,-0.07355994,-0.0004285717,-0.002133333,-0.2704533,-0.07280897,4.317566e-09,-0.0004346556,1,Vertical Slash,0.4171348139643669,3.14894330711116,1.6201027855277061,1.6134580754851127
0.291,-0.061,0.0,0.0,-0.327,-0.065,0.0,0.0,0,Horizontal Slash,0.49116691015660763,3.5918649348147995,1.1586580276489258,2.481214298912053
0.291,-0.061,0.0,0.0,-0.327,-0.065,0.0,0.0,0,Horizontal Slash,0.49116691015660763,3.5918649348147995,1.1586580276489258,2.481214298912053
0.1417084,-0.07355104,-0.0001416711,-0.001066699,-0.1777084,-0.07354025,0.0001416711,-0.002132813,0,Horizontal Slash,0.4861779287457466,3.4957813648227245,1.3162295371294022,2.255047772431271
0.2885255,0.1765401,0.001225185,0.0003162328,-0.2411859,-0.01978399,-0.00084121,-0.01126495,0,Horizontal Slash,0.49794955644756556,3.4910204442255575,1.2662121653556824,2.258713259970683
0.1453308,-0.01812237,-0.0001358853,0.004641883,-0.3946141,-0.0735788,-0.0001456436,-0.001074493,0,Horizontal Slash,0.49723584088496864,3.5708476940137874,1.198410540819168,2.404464326561923
-0.004236796,-0.07282837,-0.0002223637,0.001960471,-0.4597583,-0.07356115,-9.692676e-05,-0.00106865,0,Horizontal Slash,0.49880739499349147,3.5671125481671133,1.2304090559482574,2.369314126780727
-0.1546351,-0.07300992,-0.0001427212,-0.0005329886,-0.5248271,-0.07355339,-6.180308e-05,-0.001067157,0,Horizontal Slash,0.4995538167131599,3.5441479176323596,1.2787525802850723,2.295400951543155
-0.1104858,-0.06949315,0.0007524429,0.002812316,-0.5893172,-0.02940693,-0.0008421711,-0.01179831,0,Horizontal Slash,0.5021875463426113,3.5660201579789628,1.2395474016666412,2.345283649243453
-0.01530381,-0.06192497,0.0009710056,-0.0008840451,-0.6576908,0.04214922,-0.000845856,-0.008832493,0,Horizontal Slash,0.502482856856659,3.5902880261587957,1.1843785643577576,2.409463152748813
-0.1597634,-0.07355057,-0.0001370856,-0.00106667,-0.5126085,-0.06668458,0.0001376766,0.002591878,0,Horizontal Slash,0.49874738312792033,3.5339681612160727,1.2919371128082275,2.2735114370598715
-0.3097373,-0.07355059,-0.0001423184,-0.001066667,-0.5765685,-0.07034856,-6.06952e-05,0.0001229692,0,Horizontal Slash,0.49383035907521844,3.4957032567006365,1.3508521765470505,2.178776092369649
-0.4597371,-0.0735506,-0.0001423431,-0.001066667,-0.6575089,-0.04903529,0.0005225911,-0.01430868,0,Horizontal Slash,0.48106312565505505,3.4264554325479493,1.4282143488526344,2.038162232312253
-0.6097371,-0.0735506,-0.0001423433,-0.001066667,-0.6690558,-0.05847364,-0.0002606069,-0.01372731,0,Horizontal Slash,0.4448021240532398,3.271017203316073,1.5584307424724102,1.7729210703074878
-0.2652069,-0.07194032,0.001376703,-0.00497304,-0.6145926,-0.02336246,0.0005268852,-0.01266799,0,Horizontal Slash,0.4988218549406156,3.515421145366988,1.321073591709137,2.2193920817886372
-0.4076476,-0.07355047,-0.0001351697,-0.001066666,-0.6762835,-0.07335685,-5.88572e-05,-0.001051437,0,Horizontal Slash,0.49434021720662713,3.5044156243600058,1.3520862013101578,2.18305450747424
-0.1432809,-0.07368408,0.001723463,-0.0003421134,-0.6834015,-0.02939231,0.0005271232,-0.01179843,0,Horizontal Slash,0.5030118934810162,3.592377588123153,1.2042455673217773,2.3993466880203074
-0.283996,-0.07355046,-0.0001335322,-0.001066667,-0.5314866,-0.07321616,0.0001441603,-0.0004374019,0,Horizontal Slash,0.4915288249030709,3.4822861210916547,1.3625237792730331,2.157703330901693
-0.1695152,0.08939409,0.0009713245,-0.004810666,-0.6758246,-0.04777776,-0.001054726,-0.01287697,0,Horizontal Slash,0.5077618043869734,3.548487377382562,1.243844598531723,2.2982547419121215
-0.3139732,-0.03546991,-0.0001370841,-0.007194668,-0.5317818,-0.073299,0.0001366902,-0.002076203,0,Horizontal Slash,0.4884937470778823,3.448703397070687,1.3911733254790306,2.0940798298932113
-0.1252645,-0.07165892,0.001245352,-0.001058238,-0.7021261,-0.01966313,-0.001054708,-0.01126141,0,Horizontal Slash,0.5028300166595727,3.5997701227947525,1.189010500907898,2.418828637258835
-0.2683588,-0.07301908,-0.00013579,-0.0005334616,-0.5581237,-0.07292394,0.0001366904,0.0001961621,0,Horizontal Slash,0.4958434416912496,3.509098015514678,1.3325194716453552,2.2095442322261745
-0.418989,-0.07301611,-9.779631e-06,-0.0005333334,-0.7073919,-0.07354943,-9.691204e-06,-0.001066667,0,Horizontal Slash,0.49627182888798416,3.518260142708337,1.3387334197759628,2.207856329049661
0.291,-0.061,0.0,0.0,-0.327,-0.065,0.0,0.0,0,Horizontal Slash,0.49116691015660763,3.5918649348147995,1.1586580276489258,2.481214298912053
0.291,-0.061,0.0,0.0,-0.327,-0.065,0.0,0.0,0,Horizontal Slash,0.49116691015660763,3.5918649348147995,1.1586580276489258,2.481214298912053
0.1417084,-0.07355104,-0.0001416711,-0.001066699,-0.5758194,-0.02660005,-0.0002361185,-0.0184,0,Horizontal Slash,0.4952041506767273,3.6222347396333574,1.120736837387085,2.516404102811491
-0.008288288,-0.0735506,-0.0001423401,-0.001066667,-0.3282697,-0.07390665,0.0002350034,-0.0008000002,0,Horizontal Slash,0.49252041010186076,3.5083433370392902,1.3111103177070618,2.2495258535526137
-0.1589045,-0.07354947,-1.910499e-05,-0.001066667,-0.4770004,-0.07354947,-1.886583e-05,-0.001066667,0,Horizontal Slash,0.49645507405512035,3.5183034684901724,1.3116847276687622,2.243300423221309
-0.1938718,-0.07354949,2.903271e-05,-0.001066667,-0.3842336,-0.0363697,-7.735306e-05,-0.02186667,0,Horizontal Slash,0.4770358055830002,3.3988316771076557,1.4309485405683517,2.0226814225372443
-0.330236,-0.07354972,7.076697e-05,-0.001066667,-0.3846176,-0.06945454,-3.652897e-07,-0.006666668,0,Horizontal Slash,0.45120789110660553,3.2881706434028475,1.527391068637371,1.8277125720677498
-0.2621887,-0.07354973,7.066842e-05,-0.001066667,-0.5644332,-0.06573019,-0.0001888939,0.005733336,0,Horizontal Slash,0.4968074185308069,3.513906779384709,1.3260631710290909,2.2191266031189563
-0.4111288,-0.07355057,-0.0001413373,-0.001066667,-0.5795577,-0.07347909,0.001026746,-0.001043548,0,Horizontal Slash,0.4796974118798971,3.422089827525834,1.429326243698597,2.036744395516516
-0.5611237,-0.07355059,-0.0001423385,-0.001066667,-0.6733821,-0.0601243,0.0001156349,-0.01944355,0,Horizontal Slash,0.4611293748021126,3.3414729296684493,1.5049300072714686,1.8887545025034547
-0.5790491,-0.07354973,7.117163e-05,-0.001066667,-0.6708154,-0.03565698,0.000358095,-0.01134046,0,Horizontal Slash,0.4515163339674473,3.2916500828726107,1.5399703197181225,1.8073442583200114
-0.5665425,-0.07354973,7.066748e-05,-0.001066667,-0.5834896,0.05813842,0.0007685461,-0.006243802,1,Vertical Slash,0.40651363879442215,3.065670926939421,1.6714284420013428,1.4626080459644566
-0.4162381,-0.07354945,9.758494e-06,-0.001066667,-0.429846,-0.003201819,9.984973e-06,-0.002144055,1,Vertical Slash,0.42509084194898605,3.156350923736697,1.613879680633545,1.61231433687238
-0.2668979,-0.07355059,0.0001417171,-0.001066667,-0.4297964,-0.07315142,4.715271e-08,-0.0001340035,0,Horizontal Slash,0.478177348151803,3.4122753793089573,1.4267591759562492,2.037644523159017
-0.4159583,-0.07354956,-4.620348e-05,-0.001066667,-0.6124058,-0.07321811,0.0002949973,0.001106388,0,Horizontal Slash,0.48470903653651476,3.448600688518178,1.406561054289341,2.0817260133643085
-0.5644573,-0.07355576,-0.0003464093,-0.001066667,-0.5870143,0.03153443,0.002237893,-0.003052089,1,Vertical Slash,0.41579619795084,3.11222861372824,1.6466830968856812,1.532548839782112
-0.416476,-0.07354964,5.735841e-05,-0.001066667,-0.7223982,-0.07254586,2.684988e-05,-0.004763022,0,Horizontal Slash,0.4976613321341574,3.528156467524274,1.3276579529047012,2.2272207767080614
-0.5648083,-0.07355361,-0.0002761722,-0.001066667,-0.5257128,-0.002895815,0.0003688112,0.004781513,1,Vertical Slash,0.40173282474279404,3.0631695008706994,1.6779703497886658,1.4591803001679429
-0.4162373,-0.07354945,9.645938e-06,-0.001066667,-0.6231474,0.02523847,1.292091e-05,-0.02881849,0,Horizontal Slash,0.473358778283,3.364427729393711,1.469417430460453,1.9368760809032077
-0.5661404,-0.07354943,-9.732431e-06,-0.001066667,-0.6315118,-0.05409464,0.0001187256,-0.001396627,0,Horizontal Slash,0.4488586336374283,3.2828140693771815,1.5462979041039944,1.7947594177680308
-0.5140474,-0.07354944,4.869362e-06,-0.001066667,-0.6507508,-0.07353542,7.298266e-05,-0.002128982,0,Horizontal Slash,0.4718120377510786,3.3911117764799505,1.4639070108532906,1.974177425648226
-0.5019969,-0.07354973,7.082403e-05,-0.001066667,-0.7025139,0.009768927,9.453352e-05,-0.01652899,0,Horizontal Slash,0.47343446128070354,3.3762521802381222,1.468527179211378,1.9485644920695917
-0.5768356,0.01899954,-0.00140654,-0.001186431,-0.6902714,-0.0559536,0.0008172168,0.001944493,0,Horizontal Slash,0.4608062542974949,3.3014651162567192,1.5203226786106825,1.8251236752012323
-0.6017039,-0.06619711,7.415663e-05,-0.0002966074,-0.72079,0.02911418,2.903241e-05,-0.01645551,0,Horizontal Slash,0.44515545666217804,3.244899633220159,1.5673114359378815,1.732018875595472
-0.4520431,-0.07355066,0.0001420213,-0.001066671,-0.6500465,-0.0592818,7.076697e-05,0.001886123,0,Horizontal Slash,0.48338249884545803,3.4405460020138685,1.4160805344581604,2.063289734562152
-0.600628,-0.07355058,-0.0001410004,-0.001066667,-0.7045371,0.2636959,0.0002563857,0.005280635,1,Vertical Slash,0.3851674124598503,2.924763266118329,1.7322461605072021,1.2530681452150885
-0.4513813,-0.07354943,9.689806e-06,-0.001066667,-0.7032558,0.007843165,8.320195e-08,-0.002640318,0,Horizontal Slash,0.4854312790557742,3.434184391564401,1.4168425276875496,2.0500467447213264
-0.5872205,-0.07354973,7.081266e-05,-0.001066667,-0.6614776,0.02866948,-0.000306862,-0.007492115,1,Horizontal Slash,0.433104433119297,3.19132768433917,1.6012108698487282,1.6505474872879875
-0.7165896,-0.07354943,4.856292e-06,-0.001066667,-0.5131789,-0.07390501,9.635982e-06,-0.001069407,1,Vertical Slash,0.34068919718265533,2.8474719672654922,1.8096492886543274,1.1302533168445197
-0.5672737,-0.07355059,0.000141694,-0.001066667,-0.4631079,0.03482914,0.000188872,-0.01546941,1,Vertical Slash,0.3602212965488434,2.8842718002862484,1.770435869693756,1.1944061133174246
-0.634189,0.1024494,-0.001409868,-0.001066671,-0.3174744,-0.03626326,0.001062177,-0.004265295,1,Walk Forward,0.2658182233572006,2.4874391206694364,1.9343354403972626,0.6214847698952475
-0.2585204,0.277916,0.003456431,0.0005333248,-0.389892,-0.06278961,-0.0006662962,0.001452647,0,Horizontal Slash,0.4642382301390171,3.2157429561446698,1.5241449903696775,1.7259224629354142
-0.3911952,-0.007415316,-8.613886e-06,-0.007466664,-0.2432711,-0.07354945,9.519338e-06,-0.001066667,1,Vertical Slash,0.3754376694560051,2.953841829220058,1.7252277731895447,1.3154306108392417
-0.5359589,0.05306227,-5.39687e-05,-0.01987291,-0.2340788,-0.07354943,4.866236e-06,-0.001066667,1,Vertical Slash,0.297786608338356,2.633352395617306,1.878632813692093,0.8358563847734746
-0.2248641,-0.0733692,0.0002745427,-0.0009830608,-0.1741513,-0.07301626,1.377003e-07,-0.0005333388,1,Vertical Slash,0.4151071235537529,3.1491375606883154,1.6165743842720985,1.6257330495070512
-0.2992739,-0.07354974,-7.148379e-05,-0.001066667,0.0746688,-0.04741646,0.0002361191,-0.01893334,1,Vertical Slash,0.24884626269340515,2.5279351273992354,1.944501668214798,0.6967237000129746
0.02397585,-0.07362328,0.001392034,-0.001066667,0.07584666,-0.073905,2.696007e-09,-0.001066667,1,Horizontal Slash,0.40207499265670776,3.1399163592168327,1.6176634803414345,1.6502543185049026
-0.05182245,-0.07354943,-5.093652e-06,-0.001066667,0.2535602,-0.03310492,1.298075e-05,0.0005333353,1,Vertical Slash,0.27381646633148193,2.6614024102758638,1.8830882608890533,0.9224312681305841
0.0981034,-0.07354944,9.733909e-06,-0.001066667,0.5035439,-0.02710501,1.623015e-05,-0.0006666662,1,Vertical Slash,0.19984081387519836,2.4590757372549548,1.9877960681915283,0.6537633434102547
0.4506525,-0.07363537,0.005999932,-0.001066667,0.6076997,-0.06947167,-4.568124e-07,0.005833333,1,Vertical Slash,0.2988070249557495,2.9113651367410336,1.7637705504894257,1.395432181945797
0.291,-0.061,0.0,0.0,-0.327,-0.065,0.0,0.0,0,Horizontal Slash,0.49116691015660763,3.5918649348147995,1.1586580276489258,2.481214298912053
0.291,-0.061,0.0,0.0,-0.327,-0.065,0.0,0.0,0,Horizontal Slash,0.49116691015660763,3.5918649348147995,1.1586580276489258,2.481214298912053
0.1417084,-0.07355104,-0.0001416711,-0.001066699,-0.1777084,-0.07354025,0.0001416711,-0.002132813,0,Horizontal Slash,0.4861779287457466,3.4957813648227245,1.3162295371294022,2.255047772431271
0.1508022,-0.07358716,0.0005906453,-0.00106941,-0.3535981,-0.06452557,-0.001359132,-0.002851162,0,Horizontal Slash,0.4950439725071192,3.5696797938460576,1.210761934518814,2.403853224718507
0.004449826,-0.07355054,-0.0001388818,-0.001066667,-0.414343,-0.07336608,-5.794844e-05,-0.001060695,0,Horizontal Slash,0.49763167346827686,3.5528450475370152,1.2508085519075394,2.3406068054741374
-0.145533,-0.0735506,-0.0001423269,-0.001066667,-0.5639229,-0.0735506,-0.0001419447,-0.001066667,0,Horizontal Slash,0.5011294549331069,3.5647546519169846,1.249495953321457,2.3401341776044324
-0.06208747,-0.06188688,0.0009332215,0.001124213,-0.7144559,-0.06692415,0.0006802359,-0.002984504,0,Horizontal Slash,0.4993038927204907,3.630071673707404,1.131448745727539,2.504946996548456
-0.206735,-0.07306136,-0.000137264,-0.0005393585,-0.5617793,-0.07355069,0.0001448834,-0.00106667,0,Horizontal Slash,0.499684757553041,3.5408830121730848,1.2885274291038513,2.2807118496259564
-0.1604509,-0.07284931,0.000761914,-0.002687544,-0.7162414,-0.06692418,0.0006795587,-0.002984504,0,Horizontal Slash,0.5021179402247071,3.612394614278353,1.1767494082450867,2.4463827109851763
-0.3059509,-0.07355285,-0.000138073,-0.002133469,-0.5635681,-0.07355069,0.0001448802,-0.00106667,0,Horizontal Slash,0.492958155926317,3.491079124795553,1.3554985970258713,2.170942856552507
-0.2757712,-0.07245018,4.029161e-05,-0.0001055645,-0.6849339,-0.07354928,-0.0001963766,-0.002133298,0,Horizontal Slash,0.5026644307654351,3.5710955708531387,1.2565954476594925,2.3339238679943954
-0.2851576,-0.07303032,0.0005021877,-0.000534104,-0.6537449,-0.06451789,0.0006803643,-0.00285117,0,Horizontal Slash,0.5011567123001441,3.5490855119201234,1.286322370171547,2.2856261776645876
-0.1981511,-0.06269997,0.0009378943,0.003209489,-0.6715202,-0.07385945,0.000678294,-0.005096036,0,Horizontal Slash,0.5030981805175543,3.5864523719884036,1.2220397889614105,2.3798065965656376
-0.1370223,-0.06891964,0.0008107348,0.005090298,-0.6626291,-0.06491081,0.0006782991,-0.001036339,0,Horizontal Slash,0.5022738538682461,3.5982217234862777,1.19600111246109,2.4160217070817835
-0.2819081,-0.07390633,-0.0001378425,-0.001078692,-0.509962,-0.07355046,0.0001448742,-0.001066655,0,Horizontal Slash,0.4889909652993083,3.4680226230054214,1.3766645714640617,2.132311567129954
-0.4318858,-0.07355058,-0.000142322,-0.001066667,-0.6402846,-0.0653692,0.0007761593,0.0029905,0,Horizontal Slash,0.48593053687363863,3.4541599878795965,1.4024416282773018,2.089301541532607
-0.5818856,-0.0735506,-0.0001423431,-0.001066667,-0.6486259,-0.07271017,-0.0003581175,-0.001254176,0,Horizontal Slash,0.45220403000712395,3.305212105888163,1.533620461821556,1.8290940582750526
0.291,-0.061,0.0,0.0,-0.327,-0.065,0.0,0.0,0,Horizontal Slash,0.49116691015660763,3.5918649348147995,1.1586580276489258,2.481214298912053
0.291,-0.061,0.0,0.0,-0.327,-0.065,0.0,0.0,0,Horizontal Slash,0.49116691015660763,3.5918649348147995,1.1586580276489258,2.481214298912053
0.1417084,-0.07355104,-0.0001416711,-0.001066699,-0.327,-0.07354006,0.0,-0.002132813,0,Horizontal Slash,0.49455501371994615,3.5608573445270597,1.2261541187763214,2.3841449796081338
-0.008288288,-0.0735506,-0.0001423401,-0.001066667,0.0711111,0.009672368,0.0003777895,-0.01653282,1,Vertical Slash,0.37220750749111176,2.9959003026785824,1.698684737086296,1.4207768514587276
0.1409516,-0.07354944,9.689372e-06,-0.001066667,-0.0769519,-0.07105409,-9.612962e-06,-0.002233301,0,Horizontal Slash,0.4725096207112074,3.429453852849904,1.38872878998518,2.136045729895679
-0.008291855,-0.07355057,-0.0001416253,-0.001066667,-0.2700368,-0.07354225,-0.0006113133,-0.001062464,0,Horizontal Slash,0.48657351452857256,3.473922723762586,1.3506308943033218,2.18562924329375
-0.08407868,-0.07354973,7.116993e-05,-0.001066667,-0.2089061,-0.06064144,-0.0001166158,-0.01946247,0,Horizontal Slash,0.4622405245900154,3.349541613372941,1.4683842323720455,1.9597607073740426
-0.2336469,-0.07354945,-1.517573e-05,-0.001066667,-0.4955171,-0.05840387,-8.124647e-05,0.004582539,0,Horizontal Slash,0.49202709551900625,3.481564773741785,1.3577966839075089,2.162303822050615
-0.1744761,-0.07370045,0.0007969152,-0.001097501,-0.6238211,-0.07363563,-0.001017096,-0.00107597,0,Horizontal Slash,0.5021939363796264,3.5795273157148704,1.2315131723880768,2.367951482958285
-0.3163816,-0.07357479,-0.0008219942,-0.001066667,-0.6287636,-0.0735495,-2.862871e-05,-0.001066667,0,Horizontal Slash,0.4981662261998281,3.5264575866104937,1.318014308810234,2.2365092063970122
-0.4697637,-0.07355066,-0.0001455528,-0.001066667,-0.6551434,0.0538749,0.0005318455,-0.006870013,0,Horizontal Slash,0.465067844837904,3.319888252202851,1.5045658070594072,1.859219427037582
-0.6204425,-0.07354944,-9.782798e-06,-0.001066667,-0.5026488,-0.07213782,9.908158e-06,0.0004706243,1,Vertical Slash,0.38413556665182114,3.015122531292989,1.71494460105896,1.3839049726484034
-0.5938263,-0.07354943,-4.866194e-06,-0.001066667,-0.411694,-0.0732,8.627377e-05,-0.0005678294,1,Vertical Slash,0.3567133992910385,2.9043948353371447,1.7723836600780487,1.2221258829970965
-0.4445589,-0.07355058,0.0001416481,-0.001066667,-0.06051396,0.06145912,0.001070271,-0.006456303,1,Walk Forward,0.21415254473686218,2.35151474399356,2.0,0.427180318300633
-0.06147397,0.1019161,0.003524668,0.0005333293,-0.05539797,-0.04759293,4.707101e-05,0.002428151,1,Vertical Slash,0.4167846292257309,3.0987518203199853,1.6147936880588531,1.5732371646484475
-0.2836306,0.2437826,-0.002044007,-0.001866674,0.3272349,0.1768011,0.003520509,0.004028148,1,Walk Forward,0.027391761541366577,1.632654869805793,2.0,0.0
-0.01634631,-0.06682899,0.005999145,0.004733332,0.4393955,0.01830494,2.385647e-06,-0.001074074,1,Vertical Slash,0.16689088940620422,2.2992927349544123,2.0,0.40125535014736335
0.1630024,-0.07393102,1.16824e-05,-0.003206511,0.4382238,-0.0675943,-7.874299e-08,-0.01128189,1,Vertical Slash,0.2755841463804245,2.740571510775248,1.852382332086563,1.0785753260773452
0.3123389,-0.07399996,9.739355e-06,-0.003200002,0.4028465,-0.07379243,4.127957e-05,-0.002197389,1,Vertical Slash,0.3545016497373581,3.0488543910346295,1.6765180677175522,1.5700643793692055
0.163317,-0.07399996,-0.0001416251,-0.003200001,0.5523437,-0.07355022,0.000141866,-0.002133349,1,Vertical Slash,0.21372440457344055,2.542297331494113,1.956016629934311,0.7907047875482158
0.3121249,-0.07399996,9.689603e-06,-0.003200001,0.5530528,-0.07354943,4.603819e-08,-0.002133334,1,Vertical Slash,0.27688588201999664,2.795486646668225,1.827698141336441,1.1914512996775761
0.4612434,-0.07399996,0.0001417168,-0.003200001,0.5947458,-0.07356507,-0.0005941316,-0.00106665,1,Vertical Slash,0.30994729697704315,2.951762858782595,1.7397106885910034,1.4588947385588698
0.4355629,-0.07399996,-4.890775e-06,-0.003200001,0.6801592,-0.04563801,-6.554474e-05,0.00681821,1,Vertical Slash,0.2496505081653595,2.7415073102121936,1.85952028632164,1.1379136708547264
0.2011649,0.08466395,-0.001529356,-0.005160948,0.6143602,-0.07163335,7.099029e-05,-0.003095448,1,Vertical Slash,0.1907617151737213,2.4190729094680385,1.9903188645839691,0.619205613747817
0.3434719,-0.07290207,9.239257e-06,-0.003554882,0.5522307,-0.03367041,-1.299227e-05,-0.003252275,1,Vertical Slash,0.2802713066339493,2.801623037953553,1.8209868371486664,1.203205904961211
0.291,-0.061,0.0,0.0,-0.327,-0.065,0.0,0.0,0,Horizontal Slash,0.49116691015660763,3.5918649348147995,1.1586580276489258,2.481214298912053
0.291,-0.061,0.0,0.0,-0.327,-0.065,0.0,0.0,0,Horizontal Slash,0.49116691015660763,3.5918649348147995,1.1586580276489258,2.481214298912053
0.1410487,-0.07354944,-9.735565e-06,-0.001066667,-0.1770487,-0.0735492,9.735565e-06,-0.002133325,0,Horizontal Slash,0.48607872426509857,3.4951372127340616,1.3170663714408875,2.253713450702844
-0.008291407,-0.07355058,-0.000141717,-0.001066667,-0.195781,-0.05972233,-1.777615e-05,-0.004101643,0,Horizontal Slash,0.47393265552818775,3.409052629297055,1.413915567100048,2.0711460025615342
-0.1582883,-0.07355059,-0.0001423403,-0.001066667,-0.575294,-0.07294095,-0.001202057,-0.00052053,0,Horizontal Slash,0.5013173144543543,3.5651939486611712,1.2503782957792282,2.3390012470304695
-0.3082883,-0.07355058,-0.0001423433,-0.001066667,-0.7197354,-0.07301567,7.36738e-05,-0.0005333303,0,Horizontal Slash,0.5029924467671663,3.5753434636349235,1.2552210241556168,2.338491777031856
-0.4582883,-0.0735506,-0.0001423433,-0.001066667,-0.7160531,-0.05273122,8.737106e-06,-0.0001016395,0,Horizontal Slash,0.49150694627314806,3.4857250318789497,1.3747868686914444,2.142173882026385
-0.6082883,-0.0735506,-0.0001423433,-0.001066667,-0.7177215,-0.05131153,8.890434e-06,0.004482515,0,Horizontal Slash,0.4597826823592186,3.3385044465220686,1.5108193578198552,1.8793688648339726
-0.3944172,-0.07355021,6.20374e-05,-0.001066707,-0.7105374,-0.07353779,2.434612e-06,-0.002132657,0,Horizontal Slash,0.4986271971138194,3.533953391595144,1.31852026283741,2.2412605770649576
-0.5434,-0.07355057,-0.0001413781,-0.001066667,-0.7204576,-0.05973604,8.905316e-06,-0.004101977,0,Horizontal Slash,0.47761131823062897,3.4204909633952965,1.4420649372041225,2.0201372090405396
-0.2437097,0.05709033,0.001611898,-0.006710937,-0.6128846,-0.07293194,0.0005655795,-0.0005205313,0,Horizontal Slash,0.5039101517759264,3.512925570970583,1.3034205585718155,2.2192736439409395
-0.3849799,-0.06822062,-0.0001340591,0.001922266,-0.4607783,-0.07301623,0.0001443419,-0.0005333303,0,Horizontal Slash,0.45809144154191017,3.3169632352784415,1.5093916552141309,1.8671896388003222
-0.2028042,-0.06610974,0.0007426464,0.0008812036,-0.7037017,-0.07356524,0.0005657392,-0.001066749,0,Horizontal Slash,0.5031345821917057,3.598319329380526,1.2048488855361938,2.406516344196694
-0.3484001,-0.07354732,-0.000138164,-0.001066352,-0.5515946,-0.07355063,0.0001443427,-0.001066667,0,Horizontal Slash,0.48578308522701263,3.451262403595009,1.3981586620211601,2.0942720924388607
-0.2107193,-0.0711742,0.0009097216,-0.004928079,-0.715449,-0.07356628,0.0005657392,-0.001066827,0,Horizontal Slash,0.5030409526079893,3.6023342787907136,1.2003953158855438,2.414873843040067
-0.3554838,-0.07301462,-0.000137375,-0.0005332344,-0.563342,-0.07355063,0.0001443427,-0.001066667,0,Horizontal Slash,0.4864846868440509,3.4550744170092402,1.3951770663261414,2.1000794324864556
-0.5054591,-0.07301631,-0.0001423198,-0.0005333333,-0.5814046,-0.05812151,-1.714049e-05,-0.002234972,0,Horizontal Slash,0.45422448590397835,3.302619826755046,1.5278656240552664,1.831532871449982
-0.2257918,-0.07354994,8.024459e-05,-0.001066674,-0.6531141,-0.0730155,-4.865e-06,-0.0005333105,0,Horizontal Slash,0.502561318455264,3.5749190067317325,1.2447259724140167,2.3497007723886476
-0.1875726,-0.07194347,0.0007207956,0.0004034732,-0.7180086,-0.07356022,0.0004593271,-0.001066749,0,Horizontal Slash,0.5025844902265817,3.608423622630612,1.1876482665538788,2.4328382897999536
-0.3332774,-0.07355054,-0.0001382672,-0.001066667,-0.5664312,-0.07355063,0.0001438402,-0.001066667,0,Horizontal Slash,0.49005712009966373,3.4745083123146996,1.3747432678937912,2.137310908264008
-0.4832572,-0.07355059,-0.000142324,-0.001066667,-0.6124266,-0.07356749,0.0006006471,-0.001066827,0,Horizontal Slash,0.47080646455287933,3.3831258588287114,1.4674312435090542,1.9639926133870573
-0.5384758,-0.07354973,7.117158e-05,-0.001066667,-0.6282185,-0.05811115,-1.498565e-05,-0.002234892,0,Horizontal Slash,0.4572765417397022,3.319880200301743,1.5183816868811846,1.8558990945381202
-0.232542,-0.05663845,0.001413991,-0.01337073,-0.6258022,-0.07358315,0.0005655512,-0.001069187,0,Horizontal Slash,0.5023648422211409,3.5583781548131426,1.2648136466741562,2.3134999399529557
-0.3747971,-0.07337476,-0.0001349937,-0.002935671,-0.6417686,-0.05807499,-1.515139e-05,-0.002233712,0,Horizontal Slash,0.4933935641311109,3.491789143307817,1.360303819179535,2.1629166091756584
-0.4013184,-0.07190777,0.0003888661,-0.004971331,-0.691013,-0.07358305,0.000565551,-0.001069186,0,Horizontal Slash,0.4966561794281006,3.518655528503457,1.3358489722013474,2.210836936861083
-0.2442533,-0.06338737,0.001262742,0.003156774,-0.700477,-0.0735617,0.0004579803,-0.001066827,0,Horizontal Slash,0.5034836295526475,3.5846575470553126,1.231187254190445,2.3686744687764034
0.291,-0.061,0.0,0.0,-0.327,-0.065,0.0,0.0,0,Horizontal Slash,0.49116691015660763,3.5918649348147995,1.1586580276489258,2.481214298912053
0.291,-0.061,0.0,0.0,-0.327,-0.065,0.0,0.0,0,Horizontal Slash,0.49116691015660763,3.5918649348147995,1.1586580276489258,2.481214298912053
0.1417084,-0.07355104,-0.0001416711,-0.001066699,-0.5758194,-0.02660005,-0.0002361185,-0.0184,0,Horizontal Slash,0.4952041506767273,3.6222347396333574,1.120736837387085,2.516404102811491
-0.008288288,-0.0735506,-0.0001423401,-0.001066667,-0.5769945,-0.07287878,-1.115039e-06,-0.007000001,0,Horizontal Slash,0.4992087053251453,3.604902694804121,1.1699489951133728,2.453997843271717
-0.1582883,-0.0735506,-0.0001423433,-0.001066667,-0.7219082,-0.073571,7.083816e-05,-0.002134961,0,Horizontal Slash,0.501753244898282,3.616901010536417,1.169671505689621,2.4579996381225353
-0.3082883,-0.0735506,-0.0001423433,-0.001066667,-0.5251685,0.009589863,0.0001887275,-0.01653497,0,Horizontal Slash,0.47897712141275406,3.3923491477014287,1.4403186924755573,1.9946704034230074
-0.4589511,-0.07354945,-9.781756e-06,-0.001066667,-0.6151468,-0.07048904,4.599002e-05,-0.00771484,0,Horizontal Slash,0.47600673884153366,3.4061749641050345,1.4466250985860825,2.0047383226779703
-0.3229366,0.01072616,0.0007337338,-0.009438338,-0.6566474,-0.07355961,0.0005996634,-0.002133794,0,Horizontal Slash,0.5015889495844021,3.5137051775700416,1.3182930797338486,2.211131580265592
-0.4683069,-0.07221243,-0.0001382061,-0.004759585,-0.4048438,-0.06767216,0.0002389502,0.007866899,1,Vertical Slash,0.41191568225622177,3.121270762621464,1.643505334854126,1.5557366253035956
-0.5228919,-0.07301605,-4.845357e-06,-0.0005333312,-0.21789,0.07153606,1.294198e-05,-0.02573311,1,Vertical Slash,0.2484206259250641,2.459541249491122,1.9613376557826996,0.5781782751716283
-0.3729649,-0.0730161,9.733993e-06,-0.0005333333,-0.1569225,-0.05832223,0.0001399962,0.006908377,1,Vertical Slash,0.3415931165218353,2.850483003772963,1.7894180119037628,1.1613173172533962
-0.2236248,-0.07301632,0.000141717,-0.0005333333,0.260777,-0.02165824,0.001921938,-0.01028788,1,Vertical Slash,0.1762588918209076,2.2913174205334115,2.0,0.36304421079717636
0.1295841,-0.07362209,0.005999933,-0.002133334,0.3578647,-0.07337167,2.224788e-07,-0.001066667,1,Vertical Slash,0.3076690584421158,2.839492416233734,1.798241376876831,1.2184316754499525
0.01020767,-0.07355131,-0.0001831797,-0.001066666,0.5765512,-0.07354276,0.0002463566,-0.001065417,1,Vertical Slash,0.12495538592338562,2.2095292987584214,2.0,0.2846317081216995
0.1592434,-0.07354945,9.676117e-06,-0.001066667,0.5777825,-0.07354943,7.994734e-08,-0.001066667,1,Vertical Slash,0.19646403193473816,2.4853494182649434,1.984153836965561,0.7076615522812821
0.3092431,-0.07354945,9.738704e-06,-0.001066667,0.5777828,-0.07354943,2.594442e-11,-0.001066667,1,Vertical Slash,0.2616732120513916,2.7452184407956786,1.8554531037807465,1.1168967577473643
0.4585833,-0.07355059,0.0001417171,-0.001066667,0.6959602,-0.07354973,-7.083554e-05,-0.001066667,1,Vertical Slash,0.2538381367921829,2.7726986664173787,1.8454383611679077,1.192291225315279
0.6085803,-0.07355059,0.0001423403,-0.001066667,0.5872928,0.01079439,-0.000117892,0.0001333345,1,Horizontal Slash,0.34283770620822906,3.0752086554240963,1.6560715287923813,1.6723391208484235
0.679875,-0.07354943,-4.890878e-06,-0.001066667,0.1868334,-0.04905462,-2.599976e-05,0.01193334,0,Horizontal Slash,0.4642958529293537,3.5188362047379185,1.257229670882225,2.4312545932040623
0.5305591,-0.07355057,-0.0001416942,-0.001066667,0.3359956,-0.05913035,0.0001415483,-0.003566667,0,Horizontal Slash,0.42978810518980026,3.353714347275486,1.448454886674881,2.101715232372658
0.3798996,-0.07354944,-9.781547e-06,-0.001066667,0.1867519,-0.07354945,-9.689628e-06,-0.001066667,0,Horizontal Slash,0.44836776331067085,3.3852298627203474,1.4236451163887978,2.116650010900416
0.3424993,-0.07354944,1.486013e-05,-0.001066667,0.008518902,-0.07358007,-0.0002122969,-0.001072294,0,Horizontal Slash,0.47571736574172974,3.485925767646114,1.31773042678833,2.28256322512032
0.1927592,-0.07354953,-3.711983e-05,-0.001066667,-0.2422318,-0.04598303,-6.215985e-05,0.0001361478,0,Horizontal Slash,0.49167749658226967,3.5347562644437356,1.2589704245328903,2.3378624179708107
0.04328286,-0.07355059,-0.0001418463,-0.001066667,-0.2424706,-0.07298405,-2.935417e-07,-0.0005260637,0,Horizontal Slash,0.48727013170719147,3.4846783549549403,1.3353492468595505,2.2147591021550106
-0.1067147,-0.0735506,-0.000142341,-0.001066667,-0.5646699,0.03180027,-0.001484479,-0.008202351,0,Horizontal Slash,0.5017872611060739,3.5348609391581434,1.278076246380806,2.276478656245032
-0.257062,-0.07354975,-7.287976e-05,-0.001066667,-0.6807083,0.1099548,-0.0005335329,-0.008341452,0,Horizontal Slash,0.49991731283807894,3.4862096205668704,1.343109741806984,2.1585124065229397
-0.4063171,-0.07355218,-0.0002218988,-0.001066667,-0.5447968,0.08484285,0.0002971164,-0.01954146,0,Horizontal Slash,0.4466709494590759,3.2231210722956796,1.5638482347130775,1.7132157905657923
-0.2581297,-0.07355057,0.0001406232,-0.001066667,-0.5433288,-0.06535221,1.403093e-06,-0.01422928,0,Horizontal Slash,0.4944385723210871,3.4981854190640904,1.3430167138576508,2.1900527330584256
-0.4067217,-0.07355057,-0.000141007,-0.001066667,-0.6840462,-0.07283322,0.0005961485,-0.0005026882,0,Horizontal Slash,0.4952426105737686,3.510047461051467,1.3460322469472885,2.1936947202818122
0.291,-0.061,0.0,0.0,-0.327,-0.065,0.0,0.0,0,Horizontal Slash,0.49116691015660763,3.5918649348147995,1.1586580276489258,2.481214298912053
0.291,-0.061,0.0,0.0,-0.327,-0.065,0.0,0.0,0,Horizontal Slash,0.49116691015660763,3.5918649348147995,1.1586580276489258,2.481214298912053
0.1417084,-0.07355104,-0.0001416711,-0.001066699,-0.4762917,-0.07354024,-0.0001416711,-0.002132813,0,Horizontal Slash,0.49503895454108715,3.6083660889883906,1.147429496049881,2.4894602882877517
-0.008288288,-0.0735506,-0.0001423401,-0.001066667,-0.327705,-0.07354976,0.000141002,-0.002133333,0,Horizontal Slash,0.49242694256827235,3.5076254070660533,1.3119640797376633,2.248113119415138
0.157583,0.07961026,0.001312986,-0.005385523,-0.1909543,-0.07212661,8.132365e-05,-0.001248687,0,Horizontal Slash,0.4914615545421839,3.4655071763298277,1.3234656006097794,2.197810833403017
0.01482525,-0.05243721,-0.0001354706,-0.00930724,-0.04125791,-0.07355058,0.0001420551,-0.001066666,0,Horizontal Slash,0.44276656210422516,3.2805688997425686,1.5161249283701181,1.8673842654215878
0.08044734,-0.07390534,7.115541e-05,-0.001068893,-0.2030852,-0.07213175,-0.0002020135,0.00101798,0,Horizontal Slash,0.48539036978036165,3.4804483682904452,1.3379045277833939,2.2141753861380384
0.165948,-0.02744145,0.0009388036,-0.01168286,-0.1174554,-0.07114189,-0.0001313718,-0.00489654,0,Horizontal Slash,0.4821596313267946,3.4595583662522955,1.3478186577558517,2.19297473051992
0.1674053,-0.05438816,0.0005357906,-0.01266115,0.01768546,-0.0732985,8.003743e-05,-0.000992208,0,Horizontal Slash,0.4581865034997463,3.368803305665454,1.4409452974796295,2.0398060840995638
0.3796281,-0.07350917,0.001102259,-0.005356325,-0.0005257293,-0.07213255,-0.0001320377,0.001017834,0,Horizontal Slash,0.47795966267585754,3.506041804096919,1.289818599820137,2.3292571827282225
0.2358218,-0.07355021,-0.0001364658,-0.001066646,-0.1504745,-0.07355075,-0.0001422946,-0.001066677,0,Horizontal Slash,0.4868775485083461,3.5208365404027853,1.2779367715120316,2.323263338180538
0.08585102,-0.0735506,-0.0001423155,-0.001066667,-0.3004743,-0.0735506,-0.000142343,-0.001066667,0,Horizontal Slash,0.49355021119117737,3.5329313619149345,1.2719268202781677,2.3153966307977423
0.05718813,-0.02959353,0.0004166988,-0.01180928,-0.1651335,-0.07213199,7.998561e-05,0.00101798,0,Horizontal Slash,0.4794983211904764,3.4294851710001453,1.38475551456213,2.118769533427037
0.3201824,0.11079,0.001559525,-0.004802504,-0.1256243,-0.07116029,-0.0001320376,-0.00489654,0,Horizontal Slash,0.49101108964532614,3.4902720153362043,1.2785119265317917,2.276528044359388
0.1786515,-0.04622296,-0.0001343064,-0.00719875,0.02301025,-0.07301445,0.0001410475,-0.0005332267,0,Horizontal Slash,0.45832139626145363,3.367953666251705,1.4400415681302547,2.0403491192905876
0.338542,-0.07277379,0.000847522,-0.001730964,0.0118386,-0.07330228,-0.0001321818,-0.0009939137,0,Horizontal Slash,0.4751764964312315,3.4821219699798163,1.3223999291658401,2.274618760715775
0.3975825,-0.06754896,0.0008027583,-0.003005254,0.1472299,-0.07213591,8.003361e-05,0.001017837,0,Horizontal Slash,0.45900901034474373,3.4262680854070457,1.381628893315792,2.1904316405443005
0.291,-0.061,0.0,0.0,-0.327,-0.065,0.0,0.0,0,Horizontal Slash,0.49116691015660763,3.5918649348147995,1.1586580276489258,2.481214298912053
0.291,-0.061,0.0,0.0,-0.327,-0.065,0.0,0.0,0,Horizontal Slash,0.49116691015660763,3.5918649348147995,1.1586580276489258,2.481214298912053
0.1417084,-0.07355104,-0.0001416711,-0.001066699,0.0711111,0.06939992,0.0003777895,-0.01440001,1,Horizontal Slash,0.41213444620370865,3.152076635524008,1.596230573952198,1.67790328880121
-0.008288288,-0.0735506,-0.0001423401,-0.001066667,-0.2766813,-0.06681375,-0.001063111,-0.003104387,0,Horizontal Slash,0.4869889207184315,3.4741098836499753,1.3499342054128647,2.185302298658051
-0.07809801,-0.07354973,7.117163e-05,-0.001066667,-0.2044616,-0.06179796,-0.000115549,0.005952195,0,Horizontal Slash,0.46475984528660774,3.3614541435890692,1.4585202410817146,1.9803216815811482
-0.07367045,-0.07354973,7.066748e-05,-0.001066667,-0.3337179,0.2154547,-0.0001886219,-0.00844781,0,Horizontal Slash,0.4598592147231102,3.2569325206325046,1.516629757359624,1.7958762445397773
-0.2226104,-0.07355059,-0.0001413373,-0.001066667,-0.4839481,-0.004411256,-0.0001425618,-0.0005760962,0,Horizontal Slash,0.48813399765640497,3.4443124660107833,1.3896021842956543,2.0941230386416003
-0.3726055,-0.0735506,-0.0001423385,-0.001066667,-0.722098,-0.07309332,0.000555891,-0.00388148,0,Horizontal Slash,0.5007417701999657,3.550409066571487,1.2962977439165115,2.2770173846052306
-0.5183007,-0.07354826,7.117163e-05,-0.001066667,-0.5798436,-0.06392808,-0.0004079146,0.001007305,0,Horizontal Slash,0.45124170556664467,3.29195975337163,1.5368789471685886,1.813617438297423
-0.4609964,-0.07354973,7.066748e-05,-0.001066667,-0.6718822,-0.06599655,0.0005639133,-0.01389818,0,Horizontal Slash,0.48502787947654724,3.452370031537873,1.4069918617606163,2.0832950105593397
-0.5929155,-0.07354973,7.066867e-05,-0.001066667,-0.6804852,-0.07236184,-0.0003870854,4.869141e-06,0,Horizontal Slash,0.4576666094362736,3.3320474655171775,1.5155807184055448,1.8708362137348051
-0.5752309,-0.07354974,7.066867e-05,-0.001066667,-0.6408429,-0.07359307,-0.0003295544,-0.0027574,0,Horizontal Slash,0.4520808905363083,3.304159471961735,1.533845279365778,1.828056088639451
-0.4255876,-0.07355059,0.0001420048,-0.001066667,-0.6424153,-0.07355284,-1.556278e-06,-0.002133486,0,Horizontal Slash,0.48764229100197554,3.4656547789123535,1.3919393196702003,2.1106366451738823
-0.4816464,-0.07354973,7.050023e-05,-0.001066667,-0.6259962,-0.06767923,-0.0001180555,0.007866745,0,Horizontal Slash,0.4741376042366028,3.397736618556929,1.455268457531929,1.9880343729485588
-0.5145887,-0.07354944,4.856342e-06,-0.001066667,-0.7181976,-0.05329728,-9.280722e-05,0.005670045,0,Horizontal Slash,0.48306374438107014,3.4438874941604287,1.4189273938536644,2.062485902039301
-0.6638561,-0.07355059,-0.0001416481,-0.001066667,-0.7201819,-0.07390575,-0.0001639353,-0.003253302,0,Horizontal Slash,0.445808794349432,3.2875416588488307,1.5535034872591496,1.7945322792553715
-0.4352996,0.2477278,0.0008216939,0.004502946,-0.6036575,-0.07352339,0.0005949902,-0.001060578,0,Horizontal Slash,0.4744300153106451,3.2767445158930593,1.497482442529872,1.8017720852794952
-0.5811255,0.000877057,-9.468906e-06,-0.004651474,-0.7096796,-0.07354945,4.771239e-06,-0.001066667,0,Horizontal Slash,0.46780917048454285,3.3481320391385165,1.4913094658404589,1.8991144904271071
-0.6504046,-0.07357888,0.0004285714,-0.001066667,-0.7008513,-0.07337167,-3.70674e-08,-0.001066667,0,Horizontal Slash,0.44477712735533714,3.28049846901456,1.5569349378347397,1.784506281380888
0.291,-0.061,0.0,0.0,-0.327,-0.065,0.0,0.0,0,Horizontal Slash,0.49116691015660763,3.5918649348147995,1.1586580276489258,2.481214298912053
0.291,-0.061,0.0,0.0,-0.327,-0.065,0.0,0.0,0,Horizontal Slash,0.49116691015660763,3.5918649348147995,1.1586580276489258,2.481214298912053
0.1417084,-0.07355104,-0.0001416711,-0.001066699,-0.2597702,-0.0729336,6.391653e-05,0.0001428112,0,Horizontal Slash,0.4921483285725117,3.5349326104406824,1.2647128850221634,2.3306787645942415
0.136922,0.1267536,0.0005266942,-0.002612387,-0.3076599,-0.0677904,-0.000767976,-0.01405478,0,Horizontal Slash,0.49929518811404705,3.4969225579579994,1.2791574001312256,2.2478107986165488
-0.009748632,-0.03008584,-0.0001391838,-0.003493808,-0.244127,-0.07304123,6.028985e-05,-0.0005351536,0,Horizontal Slash,0.4837678652256727,3.4409598088734423,1.3771701455116272,2.1260721395984676
0.09132184,-0.07354086,0.0008527585,-0.001061157,-0.3790331,-0.06797738,-0.0009809269,0.005157557,0,Horizontal Slash,0.4964031025301665,3.5645342077174558,1.2246071100234985,2.381418287561894
0.1110746,0.02601478,0.0006216504,-0.008538203,-0.4321225,-0.06281574,-0.0007729103,-0.002487774,0,Horizontal Slash,0.4999317706897273,3.5625210920002486,1.2052496373653412,2.3774709834836925
-0.03512353,-0.06175094,-0.0001387354,-0.0009345504,-0.2866772,-0.07355049,0.0001380211,-0.001066665,0,Horizontal Slash,0.4864940345287323,3.465031177896868,1.3596356362104416,2.1646296043230677
0.1807476,0.0260053,0.001424485,-0.008532798,-0.4089569,-0.0676521,-0.0009811104,-0.01404868,0,Horizontal Slash,0.497781946323812,3.572436025134154,1.1834783256053925,2.412602457913474
0.0385447,-0.06172103,-0.0001349441,-0.0009331988,-0.5631309,-0.07319632,-0.0001463042,-0.0005652448,0,Horizontal Slash,0.498184758820571,3.6091446891002104,1.1548501551151276,2.4720312929515664
-0.1114185,-0.07355066,-0.0001423083,-0.00106667,-0.496828,-0.07319976,6.322563e-05,-0.002046633,0,Horizontal Slash,0.4993287011166103,3.5476364974142816,1.2696356028318405,2.30955563193098
-0.05169963,-0.0560197,0.0008239041,-0.01333652,-0.5447212,-0.05788913,-0.0007679794,-0.01350992,0,Horizontal Slash,0.5012381933629513,3.5753979075941613,1.2176392674446106,2.3780295607163904
-0.1968912,-0.07328464,-0.0001377803,-0.002933532,-0.4814477,-0.07354958,6.028984e-05,-0.001066661,0,Horizontal Slash,0.4944032817147672,3.5018304959704603,1.3339697420597076,2.206139822898861
-0.1798677,-0.06754419,0.0006271094,0.005167407,-0.5806887,-0.0676633,-0.0009809269,-0.01404868,0,Horizontal Slash,0.5010686271125451,3.5529588040468587,1.2685634344816208,2.3091420357316097
-0.1331055,-0.06871396,0.0007502007,0.002713405,-0.633778,-0.06384832,-0.0007729103,0.001378836,0,Horizontal Slash,0.502264152513817,3.5897280445247417,1.208842396736145,2.3969617336373843
-0.2786639,-0.07355078,-0.0001381283,-0.001066683,-0.4884874,-0.07319656,0.0001380211,-0.0005732722,0,Horizontal Slash,0.4863401176407933,3.4533501866509817,1.390431948006153,2.1067481386991225
-0.2003891,-0.01307939,0.0006819367,-0.01081134,-0.6485839,-0.06803956,-0.0009811104,0.005155175,0,Horizontal Slash,0.5045615304261446,3.5655673321683787,1.2423087060451508,2.3331722323886126
-0.1270505,-0.07238172,0.0008716491,-6.140284e-05,-0.7016742,-0.06275607,-0.000772911,-0.002486583,0,Horizontal Slash,0.5015405317535624,3.613861230614525,1.1694267690181732,2.454899656195845
-0.2720045,-0.07355052,-0.0001375548,-0.001066667,-0.6384873,-0.07335089,6.026655e-05,-0.001045426,0,Horizontal Slash,0.5010751535883173,3.551777608879625,1.2820730358362198,2.293495974730367
0.291,-0.061,0.0,0.0,-0.327,-0.065,0.0,0.0,0,Horizontal Slash,0.49116691015660763,3.5918649348147995,1.1586580276489258,2.481214298912053
0.291,-0.061,0.0,0.0,-0.327,-0.065,0.0,0.0,0,Horizontal Slash,0.49116691015660763,3.5918649348147995,1.1586580276489258,2.481214298912053
0.1417084,-0.07355104,-0.0001416711,-0.001066699,-0.327,-0.07354006,0.0,-0.002132813,0,Horizontal Slash,0.49455501371994615,3.5608573445270597,1.2261541187763214,2.3841449796081338
-0.008288288,-0.0735506,-0.0001423401,-0.001066667,-0.4762917,-0.07354976,-0.0001416711,-0.002133333,0,Horizontal Slash,0.4991063463385217,3.572463223707084,1.2226626873016357,2.3803368048909426
-0.1588508,-0.07354949,-2.985155e-05,-0.001066667,-0.5310134,-0.07355093,-0.0001638888,-0.001066666,0,Horizontal Slash,0.49971939498209395,3.545660270639361,1.277296543121338,2.297857202701589
-0.1880281,-0.07355004,0.0001050054,-0.001066665,-0.4455113,-0.07124625,-1.004073e-05,0.0002962563,0,Horizontal Slash,0.49121906887739897,3.4823559198390526,1.354220911860466,2.1712044965251476
-0.3348104,-0.07356299,-0.0005385405,-0.001066667,-0.6852561,-0.01905978,0.002804999,-0.007144304,0,Horizontal Slash,0.4992138438974507,3.5188426415774674,1.3244919180870056,2.216741555109276
-0.4873141,-0.07354952,-3.78049e-05,-0.001066667,-0.571928,-0.0735519,0.0002004005,-0.00106668,0,Horizontal Slash,0.4597867466509342,3.331331068682088,1.5070569873787463,1.8794531289153384
-0.4926373,-0.07355205,0.0002164452,-0.001066667,-0.6888967,0.01258114,-0.0003617322,-0.01146668,0,Horizontal Slash,0.4727790355682373,3.3711328096015007,1.4714509025216103,1.9408767756396303
-0.6415068,-0.07354943,-9.665323e-06,-0.001066667,-0.4407926,-0.07317166,1.610854e-05,-0.002866665,1,Vertical Slash,0.3455221503973007,2.8619428486186425,1.797037124633789,1.1563405869811756
-0.4922631,-0.07355057,0.0001416254,-0.001066667,-0.4150125,-0.06159653,0.0001185726,-0.01370863,1,Vertical Slash,0.40045809745788574,3.0736960976085634,1.6727092862129211,1.4819719611206765
-0.5265355,-0.07354973,-7.116993e-05,-0.001066667,-0.165603,-0.07285951,0.0002366784,-0.0004966052,1,Vertical Slash,0.268573597073555,2.5767829217402256,1.927454560995102,0.7477404518083204
-0.3769398,-0.07354944,9.712467e-06,-0.001066667,0.08549888,-0.05348881,1.630275e-05,-0.007351697,1,Vertical Slash,0.20469927787780762,2.3669229462184584,2.0,0.45619562482461445
-0.2269399,-0.07354945,9.738716e-06,-0.001066667,0.02771046,-0.07390501,-3.771907e-06,-0.001066677,1,Vertical Slash,0.3218938708305359,2.804595944964206,1.8130119442939758,1.1104812650992013
-0.1781281,-0.07354944,-4.869362e-06,-0.001066667,0.0709326,-0.04640023,0.0001085332,-0.004320634,1,Vertical Slash,0.3146853446960449,2.7781274266727483,1.8234970271587372,1.0765410975264178
-0.02820107,-0.07354945,9.733982e-06,-0.001066667,0.1774379,0.2744924,0.0001005892,-0.005529871,1,Vertical Slash,0.239597886800766,2.447924369167142,1.9471971988677979,0.6009801355892106
0.1217989,-0.07354945,9.738724e-06,-0.001066667,-0.2219296,-0.068583,-2.592886e-05,-0.03912988,0,Horizontal Slash,0.488125023432076,3.5010413160350913,1.3107838481664658,2.259716985619885
-0.02744428,-0.07355058,-0.0001416251,-0.001066667,-0.4708779,-0.07292976,-0.0002362408,-0.0006021915,0,Horizontal Slash,0.49916826031403616,3.5649217756783598,1.2361537516117096,2.36046284042055
-0.177788,-0.07354975,-7.287801e-05,-0.001066667,-0.6216937,-0.07354935,-7.310678e-05,-0.002133325,0,Horizontal Slash,0.5021847386378795,3.577413083100024,1.2349526286125183,2.3626832925912957
-0.3270429,-0.07355218,-0.0002218988,-0.001066667,-0.6499041,-0.05008253,0.0001847372,-0.01733333,0,Horizontal Slash,0.4977279568556696,3.516979515925091,1.3281982094049454,2.215705294161991
-0.4094458,-0.07354934,5.545027e-05,-0.001066647,-0.6049055,-0.0739051,-2.307562e-05,-0.002234213,0,Horizontal Slash,0.4844254208728671,3.446966831387184,1.4075072333216667,2.079685792700929
-0.4180402,-0.07354972,7.070461e-05,-0.001066667,-0.5810595,-0.06629437,-0.0001180047,0.007917108,0,Horizontal Slash,0.4784947410225868,3.4144676264191345,1.4358956143260002,2.0226805330830517
-0.5135447,-0.07354973,7.066857e-05,-0.001066667,-0.6940263,0.04258592,0.0004619142,-0.00928367,0,Horizontal Slash,0.46418900415301323,3.3230644463097994,1.5066701746545732,1.8608534012020217
-0.2908764,-0.06795377,0.0003807839,0.002899969,-0.5421447,-0.07332541,4.713756e-05,-0.001020057,0,Horizontal Slash,0.4918537614867091,3.4820665195329394,1.362571194767952,2.156305623858727
-0.336263,-0.0735678,0.0001707432,-0.002135156,-0.4763433,0.002273399,-0.0002885022,-0.01302006,0,Horizontal Slash,0.46297812834382057,3.3187855045547,1.4998957503921702,1.8723958014407502
-0.1997274,-0.06867398,5.300467e-05,-0.002557928,-0.4959301,-0.07304501,-4.82097e-06,-0.0005370703,0,Horizontal Slash,0.4955920111387968,3.50731683668143,1.3272061794996262,2.216005508358546
-0.2729898,-0.07354978,7.071038e-05,-0.00106667,-0.3973123,-0.04753476,-0.0001180478,-0.01893708,0,Horizontal Slash,0.4651815705001354,3.344356727413058,1.4807172045111656,1.9233744705526568
0.291,-0.061,0.0,0.0,-0.327,-0.065,0.0,0.0,0,Horizontal Slash,0.49116691015660763,3.5918649348147995,1.1586580276489258,2.481214298912053
0.291,-0.061,0.0,0.0,-0.327,-0.065,0.0,0.0,0,Horizontal Slash,0.49116691015660763,3.5918649348147995,1.1586580276489258,2.481214298912053
0.1417084,-0.07355104,-0.0001416711,-0.001066699,-0.1777084,-0.07354025,0.0001416711,-0.002132813,0,Horizontal Slash,0.4861779287457466,3.4957813648227245,1.3162295371294022,2.255047772431271
0.2360823,-0.07358108,0.0009835601,-0.001066667,-0.2651426,-0.07358065,-0.0009515866,-0.00106672,0,Horizontal Slash,0.4916414590552449,3.5650265440195246,1.2116927802562714,2.413031268460869
0.09168519,-0.07355051,-0.0001370263,-0.001066667,-0.3381433,-0.07320501,-6.927445e-05,-0.0005679175,0,Horizontal Slash,0.4952277787961066,3.5503649683689056,1.2464579045772552,2.3520501954172612
-0.05895104,-0.07354945,-9.780033e-06,-0.001066667,-0.4884411,-0.07301611,-9.758046e-06,-0.0005333335,0,Horizontal Slash,0.4996129778737668,3.5620646615595173,1.2437205910682678,2.3487975550631632
-0.02131788,-0.06596561,0.000719735,0.003002456,-0.5766287,-0.07357949,-0.0009523017,-0.00106664,0,Horizontal Slash,0.49983292414981406,3.600528874034073,1.177536427974701,2.4414232080362575
-0.1670279,-0.07346793,-0.0001382722,-0.002125772,-0.4320759,-0.07355051,0.0001371739,-0.001066667,0,Horizontal Slash,0.4917637435719371,3.4872917352184323,1.347413346171379,2.183594827489309
-0.3170075,-0.07354972,-0.000142324,-0.002133332,-0.5806849,-0.07355057,-0.0001410233,-0.001066667,0,Horizontal Slash,0.49370803497731686,3.4959639135923277,1.3514901548624039,2.178528121903541
-0.257396,-0.07339196,0.0007957002,-0.0009914493,-0.7155763,-0.07356504,0.0005822146,-0.001066664,0,Horizontal Slash,0.5033521361183375,3.589789604117517,1.2271995842456818,2.3783549136972195
-0.4027279,-0.07355051,-0.0001379134,-0.001066667,-0.6540112,-0.07354973,6.946081e-05,-0.001066667,0,Horizontal Slash,0.49240068113431334,3.4918079388792993,1.3643941581249237,2.1603168281986314
-0.2126,-0.07145639,0.001305997,-0.004944596,-0.67677,-0.07356478,0.0005824631,-0.001066664,0,Horizontal Slash,0.5029827796388417,3.588126465218249,1.2228534519672394,2.381543653789615
-0.2685947,-0.02854335,0.0002644044,-0.01172126,-0.7039924,-0.07356039,0.0004747525,-0.001066664,0,Horizontal Slash,0.5046033430844545,3.571447139325948,1.2460065484046936,2.3363928523917914
-0.4165706,-0.07304743,-0.0001404225,-0.0004325788,-0.7001966,-0.07320845,3.126937e-05,-0.0005679166,0,Horizontal Slash,0.49582699686288834,3.5148448258638245,1.3420760184526443,2.2016147012893827
-0.4306341,-0.07102971,0.0004839294,-0.004917469,-0.6646425,-0.07300769,0.0005824179,-0.0005325987,0,Horizontal Slash,0.49034441728144884,3.4800615025302193,1.3781811818480492,2.1358655920150706
-0.4375888,-0.07355808,0.0003463516,-0.00106685,-0.665719,-0.07356443,0.0005830687,-0.00106664,0,Horizontal Slash,0.4892321974039078,3.4756508396312626,1.383728712797165,2.1270974930285536
-0.5851568,-0.07355055,-0.0001400355,-0.001066667,-0.6435852,-0.07335775,-0.0002889885,-0.001043465,0,Horizontal Slash,0.44982441887259483,3.294806287666923,1.5411846600472927,1.8123822204913578
-0.3114395,-0.06974299,0.001044311,-0.003149866,-0.6157044,-0.07356475,0.0005820398,-0.001066664,0,Horizontal Slash,0.4976059263572097,3.520379665234958,1.323668971657753,2.2254647600657766
0.291,-0.061,0.0,0.0,-0.327,-0.065,0.0,0.0,0,Horizontal Slash,0.49116691015660763,3.5918649348147995,1.1586580276489258,2.481214298912053
0.291,-0.061,0.0,0.0,-0.327,-0.065,0.0,0.0,0,Horizontal Slash,0.49116691015660763,3.5918649348147995,1.1586580276489258,2.481214298912053
0.1417084,-0.07355104,-0.0001416711,-0.001066699,-0.1777084,-0.07354025,0.0001416711,-0.002132813,0,Horizontal Slash,0.4861779287457466,3.4957813648227245,1.3162295371294022,2.255047772431271
-0.008951082,-0.07354943,-9.781535e-06,-0.001066667,-0.3916896,0.1815448,-0.0001032443,-0.01521984,0,Horizontal Slash,0.48705446999520063,3.4006242784052665,1.4041768088936806,2.0366226339189426
-0.1589513,-0.07354944,-9.738736e-06,-0.001066667,-0.6889601,-0.01407276,1.29975e-05,-0.004390081,0,Horizontal Slash,0.5036022074054927,3.5859675726402793,1.2149677574634552,2.381263522532452
-0.3089512,-0.07354943,-9.738724e-06,-0.001066667,-0.6656657,-0.0729686,4.865672e-06,-0.0005292872,0,Horizontal Slash,0.5009143355418928,3.5497747921056955,1.289084017276764,2.2841790356938874
-0.4582915,-0.07355057,-0.0001417171,-0.001066667,-0.6746649,-0.07243326,0.000357121,0.001008006,0,Horizontal Slash,0.4874152122065425,3.466760370473251,1.3940721973776817,2.108929735765683
-0.6082885,-0.0735506,-0.0001423403,-0.001066667,-0.6676378,0.1661628,0.0003720783,-0.0003376717,1,Vertical Slash,0.393221914768219,2.9838298241232724,1.710182562470436,1.3386629202724676
-0.4590486,-0.07354944,9.689372e-06,-0.001066667,-0.2659078,0.01000642,2.608224e-05,-0.03393768,1,Vertical Slash,0.3253841996192932,2.760974770710064,1.8292084336280823,1.0215571927803708
-0.3090488,-0.07354944,9.738707e-06,-0.001066667,-0.1687892,0.2962979,9.204593e-05,-0.009011148,1,Walk Forward,0.2728690356016159,2.500866695661832,1.9140824973583221,0.6519673949560785
0.0435002,-0.07363535,0.005999932,-0.001066667,-0.568321,0.01187233,-9.123884e-07,-0.009894427,0,Horizontal Slash,0.5002499582769815,3.5879544728655057,1.1860617101192474,2.416614083573785
-0.07593347,-0.07355018,-0.0001133372,-0.001066667,-0.5683254,-0.06255361,-4.308634e-09,-0.002473606,0,Horizontal Slash,0.5010851171100512,3.582786463128585,1.213304877281189,2.3905870622553054
-0.2257891,-0.07355059,-0.0001422063,-0.001066667,-0.601787,0.01247978,0.0001888948,-0.01687361,0,Horizontal Slash,0.49908456299453974,3.5080545921204767,1.3233112543821335,2.2083585897879794
-0.3764513,-0.07354944,-9.781714e-06,-0.001066667,-0.6745861,-0.0732853,-4.727453e-06,-0.0009802829,0,Horizontal Slash,0.49720636918209493,3.5218551058929837,1.329955831170082,2.2198876014004467
-0.4124233,-0.07350414,0.000380714,-0.001052411,-0.6218314,-0.07303889,0.0002198657,-0.0005350109,0,Horizontal Slash,0.4866411304101348,3.4589214702373057,1.396847940981388,2.1001942657040056
-0.4667568,-0.07354945,4.806008e-06,-0.001066667,-0.6380539,-0.07354877,5.033881e-05,-0.001066593,0,Horizontal Slash,0.4797273799777031,3.4264715363501654,1.4306154027581215,2.0382306266582946
-0.5743476,-0.07355203,0.0002161382,-0.001066667,-0.6418191,-0.07360651,0.001833688,-0.001066812,0,Horizontal Slash,0.4527968056499958,3.307019792797007,1.531665675342083,1.8326440338029255
-0.526297,-0.07354973,7.032519e-05,-0.001066667,-0.7137231,-0.0735585,-0.0003646691,-0.002737712,0,Horizontal Slash,0.48157703317701817,3.4428393426149952,1.422507755458355,2.060303977279091
-0.6324788,-0.07354973,7.066948e-05,-0.001066667,-0.7134752,0.2789438,0.0001687227,0.005758017,1,Vertical Slash,0.3688322454690933,2.8571172085256484,1.766832172870636,1.1527718158818203
-0.4821743,-0.07354943,9.758499e-06,-0.001066667,-0.7126316,0.01802631,5.475369e-08,-0.0004790092,0,Horizontal Slash,0.48016670905053616,3.406306696952236,1.4423400647938251,1.999618437094185
-0.5364453,-0.0444827,2.534993e-05,0.005333336,-0.6537594,-0.07327629,9.507366e-06,-0.0009712578,0,Horizontal Slash,0.4657910391688347,3.3521975938109017,1.4914474291726947,1.9087051941012685
-0.5177227,-0.06115031,0.0003374846,-0.003466667,-0.720099,0.03261231,-0.0005630571,-0.008171261,0,Horizontal Slash,0.47104368545114994,3.3546647056731564,1.482747895643115,1.9116158861318462
-0.6653348,-0.07355071,-0.0001400773,-0.001066676,-0.635244,-0.003086611,8.077073e-05,-0.001018301,1,Vertical Slash,0.39936109632253647,3.0622271065990523,1.6861426085233688,1.4506537465113296
-0.5167401,-0.07355057,0.0001410096,-0.001066667,-0.236731,0.1068741,0.0003781709,-0.01541831,1,Walk Forward,0.2529809921979904,2.465784937040056,1.9543112516403198,0.5876019955245497
-0.3113305,-0.07355312,0.0005455478,-0.001066667,-0.2610241,-0.07365094,-5.547647e-08,-0.002136484,1,Vertical Slash,0.41676540672779083,3.1484766318551194,1.6201329305768013,1.6139234472811443
-0.3873598,-0.07354945,-4.9563e-06,-0.001066667,0.1388134,-0.0310435,2.596148e-05,-0.001331756,1,Walk Forward,0.16235482692718506,2.2156792659235247,2.0,0.23810623186315022
-0.1588573,0.0467172,0.004294543,0.001333331,0.1389321,-0.05850228,2.230075e-06,-0.0001341218,1,Vertical Slash,0.286404013633728,2.641178468987532,1.8722704648971558,0.8820489242838719
0.01180565,-0.06141676,0.0001619515,-0.007866667,0.1389398,-0.073905,1.053123e-08,-0.001066701,1,Vertical Slash,0.37142200767993927,3.0225869947207094,1.6890974640846252,1.4703672230167542
0.291,-0.061,0.0,0.0,-0.327,-0.065,0.0,0.0,0,Horizontal Slash,0.49116691015660763,3.5918649348147995,1.1586580276489258,2.481214298912053
0.291,-0.061,0.0,0.0,-0.327,-0.065,0.0,0.0,0,Horizontal Slash,0.49116691015660763,3.5918649348147995,1.1586580276489258,2.481214298912053
0.1417084,-0.07355104,-0.0001416711,-0.001066699,-0.1777084,-0.07354025,0.0001416711,-0.002132813,0,Horizontal Slash,0.4861779287457466,3.4957813648227245,1.3162295371294022,2.255047772431271
-0.008288288,-0.0735506,-0.0001423401,-0.001066667,-0.2546223,-0.07390543,-7.333959e-05,-0.001109845,0,Horizontal Slash,0.4846150130033493,3.463800430768453,1.3614273816347122,2.1674752023507904
0.144764,-0.07358696,0.001150734,-0.001066664,-0.3430364,-0.06978192,-0.0007908475,-0.004846173,0,Horizontal Slash,0.4948699325323105,3.5658268655389853,1.2178711593151093,2.3949266624456436
0.001198783,-0.07355051,-0.0001362369,-0.001066667,-0.1976803,-0.07301382,0.0001379364,-0.0005332144,0,Horizontal Slash,0.47688610292971134,3.4276978596143093,1.3970056250691414,2.105939765278553
-0.1487708,-0.0735506,-0.0001423145,-0.001066667,-0.4312958,-0.07274953,-0.0007935425,-0.003864668,0,Horizontal Slash,0.4930008854717016,3.495947341656326,1.3365332335233688,2.202349811772542
-0.2987708,-0.0735506,-0.0001423431,-0.001066667,-0.6695467,-0.06386462,-0.0007979411,-0.001097531,0,Horizontal Slash,0.5014003297546878,3.5517262077899914,1.2847035080194473,2.2891515527620396
-0.2729666,-0.07280863,0.0006676474,-0.0004223743,-0.6805382,-0.06771536,-0.0005822823,-0.0030424,0,Horizontal Slash,0.5025718112010509,3.5677628328083646,1.260469064116478,2.3268480726419742
-0.2269698,-0.07262699,0.0007459357,-0.001263651,-0.6904565,-0.07215504,-0.0005812639,-0.001232742,0,Horizontal Slash,0.5031098145991564,3.588523863988646,1.2246008813381195,2.3800313007826133
-0.210985,-0.06709947,0.0006063476,0.005205834,-0.7003697,-0.07002013,-0.000581259,-0.004857461,0,Horizontal Slash,0.5032466661650687,3.593068038643189,1.2144369184970856,2.392687110416455
-0.2516541,-0.07217244,0.0003477519,-0.002579479,-0.7102829,-0.07354589,-0.000581259,0.0001638977,0,Horizontal Slash,0.5033463127911091,3.5896503811297493,1.2263058722019196,2.378958993533855
-0.3992152,-0.07355208,-0.0001400289,-0.002133443,-0.6894361,-0.07287434,3.837677e-05,-0.003510799,0,Horizontal Slash,0.496436714194715,3.51778149931949,1.3369349092245102,2.2093208855971764
-0.3650882,-0.07324164,0.0007059525,-0.002706636,-0.6962658,-0.06973524,-0.000578333,-0.004843306,0,Horizontal Slash,0.499529294524109,3.538244376091872,1.309636875987053,2.253366048620724
-0.5115108,-0.07354943,-9.50647e-06,-0.001066667,-0.6968362,-0.07236459,2.636757e-06,1.462176e-07,0,Horizontal Slash,0.4815498758107424,3.440399733612631,1.4229765087366104,2.0574727041452006
-0.4819372,9.565502e-05,0.0004078455,-0.01006371,-0.6676023,-0.07174104,0.0003955135,-0.004979582,0,Horizontal Slash,0.4823237266391516,3.4096910935602254,1.4341307058930397,2.0090180017437818
0.291,-0.061,0.0,0.0,-0.327,-0.065,0.0,0.0,0,Horizontal Slash,0.49116691015660763,3.5918649348147995,1.1586580276489258,2.481214298912053
0.291,-0.061,0.0,0.0,-0.327,-0.065,0.0,0.0,0,Horizontal Slash,0.49116691015660763,3.5918649348147995,1.1586580276489258,2.481214298912053
0.1417084,-0.07355104,-0.0001416711,-0.001066699,-0.327,-0.07354006,0.0,-0.002132813,0,Horizontal Slash,0.49455501371994615,3.5608573445270597,1.2261541187763214,2.3841449796081338
-0.008850735,-0.07354949,-2.985088e-05,-0.001066667,-0.3612784,-0.07302554,-0.0001450203,-0.0005340835,0,Horizontal Slash,0.49488818319514394,3.524592658643044,1.2907177358865738,2.2808304279137896
-0.1562952,-0.0735631,-0.0005409698,-0.001066667,-0.4222004,-0.07254415,-0.0002235216,-0.0002182393,0,Horizontal Slash,0.4915658552199602,3.486589534540384,1.347296565771103,2.1838398018991905
-0.3082788,-0.07355063,-0.0001442257,-0.001066667,-0.7060474,0.4339391,0.0007725738,0.01547318,0,Horizontal Slash,0.4605117179453373,3.193362024071871,1.553122628480196,1.6688366960097991
-0.4587667,-0.07354957,-4.664595e-05,-0.001066667,-0.5524227,0.2330613,4.761828e-05,-0.03092682,1,Vertical Slash,0.3925412967801094,2.95474832348204,1.7101925611495972,1.3055299089724113
-0.3091185,-0.07354948,2.37315e-05,-0.001066667,-0.7020661,0.001839966,-2.373073e-05,-0.01653659,0,Horizontal Slash,0.5011624488979578,3.52879668728914,1.3089786916971207,2.238461043401715
-0.4587681,-0.07354957,-4.638606e-05,-0.001066667,-0.5873513,-0.07356314,0.0002383414,-0.001067764,0,Horizontal Slash,0.4710371270775795,3.3823903036184557,1.4659514985978603,1.9652738955576028
-0.5005645,-0.07354945,1.190261e-05,-0.001066667,-0.7121544,-0.03625434,-0.0002937219,-0.01493525,0,Horizontal Slash,0.48145959712564945,3.429684783246225,1.428531400859356,2.039224942818411
-0.6504562,-0.07354945,-9.731701e-06,-0.001066667,-0.7112837,-0.07225004,-2.952623e-05,-0.001544988,0,Horizontal Slash,0.44763752445578575,3.293389855272543,1.5480929873883724,1.8047352317007233
-0.5918773,-0.07354973,7.08585e-05,-0.001066667,-0.6913908,0.02507016,4.724113e-05,-0.01594499,0,Horizontal Slash,0.4407876096665859,3.2276592548377696,1.5789797976613045,1.706003066081152
-0.4415719,-0.07354943,9.758557e-06,-0.001066667,-0.2531905,-0.05428793,6.212623e-05,-0.006806886,1,Vertical Slash,0.35126088559627533,2.8800122041598293,1.775767058134079,1.1984666823649957
-0.3087513,-0.07354944,-4.869364e-06,-0.001066667,-0.1203607,-0.0739061,0.0001259962,-0.001072232,1,Vertical Slash,0.3571472316980362,2.920453064729712,1.7526151835918427,1.2720850971646123
-0.1594839,-0.07355057,0.0001416481,-0.001066667,0.2266745,-0.07161027,0.001597093,0.001044252,1,Vertical Slash,0.24663177132606506,2.557873031987415,1.9359553754329681,0.7580985671968313
-0.008824518,-0.07354943,9.78153e-06,-0.001066667,0.2100286,-0.07020473,-1.081071e-06,0.0009579025,1,Vertical Slash,0.326397642493248,2.864639931202958,1.78156179189682,1.2305353212839556
0.1411757,-0.07354944,9.738736e-06,-0.001066667,0.3603378,-0.07355063,0.0001426411,-0.001066668,1,Vertical Slash,0.3115980625152588,2.8556120881856306,1.7893597185611725,1.2443903492357684
0.291,-0.061,0.0,0.0,-0.327,-0.065,0.0,0.0,0,Horizontal Slash,0.49116691015660763,3.5918649348147995,1.1586580276489258,2.481214298912053
0.291,-0.061,0.0,0.0,-0.327,-0.065,0.0,0.0,0,Horizontal Slash,0.49116691015660763,3.5918649348147995,1.1586580276489258,2.481214298912053
0.1417084,-0.07355104,-0.0001416711,-0.001066699,-0.1777084,-0.07354025,0.0001416711,-0.002132813,0,Horizontal Slash,0.4861779287457466,3.4957813648227245,1.3162295371294022,2.255047772431271
0.1103726,-0.07204487,0.0004043722,0.001029794,-0.3952485,-0.07233005,-0.00155103,-0.001240573,0,Horizontal Slash,0.4962570813950151,3.575278486665515,1.2058797180652618,2.4087073039389617
-0.03690672,-0.07355072,-0.0001397615,-0.001066677,-0.2536754,-0.07355047,0.0001343465,-0.001066666,0,Horizontal Slash,0.48144005239009857,3.444446726780426,1.382779598236084,2.1281896959631896
0.1894819,-0.07160132,9.577256e-05,0.0007383766,-0.2124424,-0.07354945,-4.889581e-06,-0.001066667,0,Horizontal Slash,0.490099074319005,3.5305076226478938,1.267164945602417,2.3319159485622056
0.04066684,-0.07355059,-0.0001412188,-0.001066667,-0.3617584,-0.07355059,-0.0001416942,-0.001066667,0,Horizontal Slash,0.49590316554531455,3.543366321464313,1.261101245880127,2.327757188453154
0.07638611,-0.04849087,0.0007133096,-0.01289423,-0.5807086,-0.06988989,-0.001552368,-0.004852196,0,Horizontal Slash,0.49688657000660896,3.619464885652107,1.1300280094146729,2.502533766884897
-0.06935587,-0.07331662,-0.0001383026,-0.002076472,-0.4391422,-0.07301386,0.0001343402,-0.0005332159,0,Horizontal Slash,0.4976580541115254,3.537554206452108,1.2789498567581177,2.296035694142732
-0.0048575,-0.06579679,0.000845852,-0.00109084,-0.6567188,-0.07366265,-0.001551065,0.0001594329,0,Horizontal Slash,0.49788926751352847,3.628650325908277,1.1277954280376434,2.5113607102882343
-0.1499399,-0.07355033,-0.0001376766,-0.001066654,-0.6781322,-0.07354977,7.449788e-05,-0.001066667,0,Horizontal Slash,0.5020423766691238,3.6049675313333944,1.1881910264492035,2.430566623793089
-0.2999167,-0.0735506,-0.0001423212,-0.001066667,-0.5284699,-0.0735506,0.0001420229,-0.001066667,0,Horizontal Slash,0.4892278090119362,3.4692354640165464,1.3769480511546135,2.13211401467253
-0.4499165,-0.0735506,-0.0001423431,-0.001066667,-0.6238135,-0.07177949,-9.061121e-05,-0.003476667,0,Horizontal Slash,0.48004536516964436,3.42626698529265,1.4291198998689651,2.039603803490907
-0.2366701,-0.07302309,0.001191617,-0.0005329443,-0.593835,-0.06980483,0.000881996,-0.00484911,0,Horizontal Slash,0.5000679707154632,3.541658663042057,1.2905386090278625,2.2776665925387753
-0.2473176,-0.07348043,0.0004754169,-0.005062808,-0.6811512,-0.07350115,0.0007737671,0.0001669968,0,Horizontal Slash,0.5029769763350487,3.5801726849513753,1.239780992269516,2.358249316629828
-0.1312838,-0.07152616,0.001072121,0.004963632,-0.6372246,-0.0699058,0.0007740225,-0.004853626,0,Horizontal Slash,0.5020158586557955,3.59290517489926,1.2046866416931152,2.4048989419682565
-0.2752402,-0.07354811,-0.0001366081,-0.001066426,-0.4840811,-0.07301391,0.0001453263,-0.0005332163,0,Horizontal Slash,0.48614194989204407,3.4522687742000984,1.3911687433719635,2.1052936470279917
-0.4258745,-0.07354944,-9.779892e-06,-0.001066667,-0.633306,-0.07301611,-9.688404e-06,-0.0005333333,0,Horizontal Slash,0.48627594858407974,3.4578672797660412,1.3991006314754486,2.0968287114808772
-0.335434,-0.05993568,0.0007251161,-0.01359496,-0.6039647,-0.07390958,0.0008820916,0.0001594311,0,Horizontal Slash,0.4951725206337869,3.499150593896068,1.3471544533967972,2.1823858251752237
-0.4811172,-0.07356855,-0.0001382468,-0.001070322,-0.5533473,-0.06911707,0.0008902432,-0.002155671,0,Horizontal Slash,0.4556728005409241,3.3106917054726233,1.5211303364485502,1.8469976710495308
-0.2936935,-0.07299659,4.998801e-05,-0.0005319949,-0.6245415,-0.07354943,-5.012231e-06,-0.001066667,0,Horizontal Slash,0.4992801894550212,3.5348818179249704,1.3055356740951538,2.2561841203818673
0.291,-0.061,0.0,0.0,-0.327,-0.065,0.0,0.0,0,Horizontal Slash,0.49116691015660763,3.5918649348147995,1.1586580276489258,2.481214298912053
0.291,-0.061,0.0,0.0,-0.327,-0.065,0.0,0.0,0,Horizontal Slash,0.49116691015660763,3.5918649348147995,1.1586580276489258,2.481214298912053
0.1417084,-0.07355104,-0.0001416711,-0.001066699,-0.7225794,0.06939993,0.0001888948,-0.01440001,0,Horizontal Slash,0.4952511009760201,3.6376011375112225,1.0902839601039886,2.543058236148846
-0.008288288,-0.0735506,-0.0001423401,-0.001066667,-0.7216461,-0.0716788,8.920309e-07,0.004799999,0,Horizontal Slash,0.49610915686935186,3.6479034981658964,1.0966641008853912,2.557895174715463
-0.1582883,-0.0735506,-0.0001423433,-0.001066667,-0.5251291,0.1779211,0.0001888926,-0.009600007,0,Horizontal Slash,0.4880983307957649,3.3956253351849304,1.4164001420140266,2.0088619727531194
-0.3082883,-0.0735506,-0.0001423433,-0.001066667,-0.5241891,0.004182032,8.920207e-07,-0.002399998,0,Horizontal Slash,0.4804084748029709,3.4008919573037386,1.4335924535989761,2.0090526436438987
-0.4582882,-0.0735506,-0.0001423433,-0.001066667,-0.6109265,0.1855297,0.000703654,0.001678023,1,Vertical Slash,0.4311230704188347,3.128985007607875,1.617570199072361,1.5641709514842783
-0.3090484,-0.07354944,9.689372e-06,-0.001066667,-0.6598736,0.002693276,-3.177874e-06,-0.003869011,0,Horizontal Slash,0.49844744661822915,3.5062913428112084,1.3341475874185562,2.194910089215378
-0.4582918,-0.07355059,-0.0001416253,-0.001066667,-0.6561372,-0.06509577,0.0004557716,0.0007054541,0,Horizontal Slash,0.48379223234951496,3.4447925138009867,1.4133419170975685,2.0701994360475253
-0.608951,-0.07354943,-9.781523e-06,-0.001066667,-0.5581385,-0.0334077,1.29068e-05,0.006847276,1,Vertical Slash,0.40315844863653183,3.0813778277777444,1.6734371781349182,1.483232042682417
-0.6828336,-0.07354944,-4.866194e-06,-0.001066667,-0.5112693,-0.07336655,4.482945e-05,-0.001061328,1,Vertical Slash,0.3572816699743271,2.910998494360335,1.7749701738357544,1.2256312453752238
-0.5774187,-0.07301618,5.802195e-05,-0.0005333343,-0.3774486,-0.06138355,0.0001415749,-0.004171551,1,Vertical Slash,0.34477798640727997,2.853686981620072,1.7960731983184814,1.1487544789893278
-0.6782459,-0.06518161,0.0006731912,0.003047172,-0.05547403,-0.07369183,0.001755641,-0.0003441948,1,Walk Forward,0.11589756608009338,2.030287145334699,2.0,0.0
-0.3223799,-0.07363535,0.005999939,-0.001066667,0.3532996,-0.06624023,9.334852e-07,-0.003686049,1,Walk Forward,0.07982495427131653,1.970806909206973,2.0,0.0
0.06011987,-0.07363535,0.005999998,-0.001066667,0.5033028,-0.07301612,3.425504e-07,-0.0005333334,1,Vertical Slash,0.1933387815952301,2.4436364041333296,1.999524474143982,0.6283783207650255
0.2400615,-0.07354946,1.168267e-05,-0.001066667,0.5033044,-0.07301612,1.111641e-10,-0.0005333334,1,Vertical Slash,0.27489715814590454,2.7648380915871713,1.8422761261463165,1.1305495987172776
0.3900713,-0.07354944,9.739355e-06,-0.001066667,0.6589504,-0.07273631,0.000147701,-0.0001411528,1,Vertical Slash,0.24822703003883362,2.7300789473635803,1.8667201101779938,1.1132637586926568
0.5400714,-0.07354944,9.738724e-06,-0.001066667,0.6229657,-0.07355,-0.0001013871,-0.001066665,1,Vertical Slash,0.32107001543045044,3.012900815161023,1.7024194449186325,1.5711300071854528
0.3332073,-0.07208934,-0.0001921612,-0.002077726,0.5783553,-0.07355011,-0.0001297276,-0.001066647,1,Vertical Slash,0.27120764553546906,2.7834664690881525,1.8347941637039185,1.1784738119131204
0.4821982,-0.07354943,9.673205e-06,-0.001066667,0.7051823,-0.07374297,-6.211388e-05,-0.002162258,1,Vertical Slash,0.25737278163433075,2.7923824515374664,1.835018277168274,1.22705165690678
0.507478,-0.07354974,-7.085838e-05,-0.001066667,0.6965149,0.00876275,-9.452068e-05,-0.01656226,1,Vertical Slash,0.25024737417697906,2.748374177456206,1.8529958426952362,1.1581885919122845
0.291,-0.061,0.0,0.0,-0.327,-0.065,0.0,0.0,0,Horizontal Slash,0.49116691015660763,3.5918649348147995,1.1586580276489258,2.481214298912053
0.291,-0.061,0.0,0.0,-0.327,-0.065,0.0,0.0,0,Horizontal Slash,0.49116691015660763,3.5918649348147995,1.1586580276489258,2.481214298912053
0.1417084,-0.07355104,-0.0001416711,-0.001066699,-0.1777084,-0.07354025,0.0001416711,-0.002132813,0,Horizontal Slash,0.4861779287457466,3.4957813648227245,1.3162295371294022,2.255047772431271
0.2174142,-0.07357782,0.0008975503,-0.001066668,-0.2822929,-0.07278843,-0.001031295,-0.0004255659,0,Horizontal Slash,0.49237120151519775,3.565798964765378,1.2119053304195404,2.410522820385366
0.07258911,-0.07355051,-0.0001374325,-0.001066667,-0.1381334,-0.07301561,0.0001368009,-0.0005333071,0,Horizontal Slash,0.4754268694669008,3.4314536969742964,1.3899191096425056,2.125897619323283
-0.07738645,-0.0735506,-0.00014232,-0.001066667,-0.5414754,-0.07362479,-0.00131466,-0.001071076,0,Horizontal Slash,0.5006412274087779,3.5769406424838337,1.223545104265213,2.3781228129664354
-0.2273864,-0.07355059,-0.0001423431,-0.001066667,-0.6973093,-0.07355069,-0.0001478794,-0.001066667,0,Horizontal Slash,0.5031220919918269,3.5916627010195215,1.2201292216777802,2.387199646184401
-0.3773864,-0.07355058,-0.0001423433,-0.001066667,-0.6985431,-0.0735445,3.592947e-05,-0.001064909,0,Horizontal Slash,0.4990296238102019,3.5359117122527746,1.3141831904649734,2.247239347704753
-0.3522168,-0.07354511,0.0006647236,-0.001063956,-0.6830949,-0.07351882,0.0005158972,-0.001059931,0,Horizontal Slash,0.4996220781467855,3.539453799726364,1.306987687945366,2.257524949169911
-0.3677106,-0.07230635,0.0004632357,-0.001594279,-0.6920152,-0.07351877,0.0005147639,-0.001059932,0,Horizontal Slash,0.49926905875327066,3.5366247268212647,1.3119266778230667,2.2499131406332467
-0.5146971,-0.07355054,-0.0001394835,-0.001066666,-0.6062361,-0.07294371,0.0005696352,-0.00177054,0,Horizontal Slash,0.4608728811144829,3.3383852830670038,1.5040466282516718,1.8881192449567137
-0.6343904,-0.07354974,7.116487e-05,-0.001066667,-0.7099147,-0.07336782,0.000164077,-0.00105991,0,Horizontal Slash,0.4528318829834461,3.315441308935529,1.5313618294894695,1.840914670422424
-0.4959379,-0.07354951,3.640794e-05,-0.001066667,-0.6600086,-0.06039207,7.277759e-05,-0.004129816,0,Horizontal Slash,0.4760915096849203,3.4071834647188473,1.4483998902142048,2.002295975092961
-0.3953268,-0.06752144,0.0006043529,-0.001183225,-0.6357929,-0.07356777,0.0006223213,-0.001066761,0,Horizontal Slash,0.4911287510767579,3.4809621919332625,1.3733332604169846,2.1414809503972867
-0.3259869,-0.07308912,0.000774175,-0.001286897,-0.6703,-0.07352304,0.0006229701,-0.001059931,0,Horizontal Slash,0.5003479234874249,3.5446419392160555,1.2974680811166763,2.2714461244255957
-0.4714261,-0.07355053,-0.0001380151,-0.001066667,-0.7140912,-0.07354457,3.410937e-05,-0.001064922,0,Horizontal Slash,0.4908910198137164,3.48888385822246,1.3746577501296997,2.1472779915016034
0.291,-0.061,0.0,0.0,-0.327,-0.065,0.0,0.0,0,Horizontal Slash,0.49116691015660763,3.5918649348147995,1.1586580276489258,2.481214298912053
0.291,-0.061,0.0,0.0,-0.327,-0.065,0.0,0.0,0,Horizontal Slash,0.49116691015660763,3.5918649348147995,1.1586580276489258,2.481214298912053
0.1417084,-0.07355104,-0.0001416711,-0.001066699,-0.327,-0.07354006,0.0,-0.002132813,0,Horizontal Slash,0.49455501371994615,3.5608573445270597,1.2261541187763214,2.3841449796081338
-0.008288288,-0.0735506,-0.0001423401,-0.001066667,-0.327,-0.07354943,0.0,-0.002133333,0,Horizontal Slash,0.49236745201051235,3.5072651547115257,1.3124104738235474,2.2474280992470126
-0.1582883,-0.0735506,-0.0001423433,-0.001066667,-0.7195339,0.1127593,0.0008056712,-0.003846937,0,Horizontal Slash,0.5056751216761768,3.5502022450651127,1.257272183895111,2.29586173562809
-0.3082883,-0.0735506,-0.0001423433,-0.001066667,-0.7155246,-0.03227393,3.804675e-06,-0.005276532,0,Horizontal Slash,0.5026712510734797,3.5548362077796885,1.279474139213562,2.2928353911458377
-0.4582882,-0.0735506,-0.0001423433,-0.001066667,-0.7155058,-0.07390501,1.796708e-08,-0.001108112,0,Horizontal Slash,0.4928165269084275,3.4994697206975514,1.3627949208021164,2.1681241762174426
-0.6082881,-0.0735506,-0.0001423433,-0.001066667,-0.6693022,-0.07285927,-0.0002765902,0.0002762562,0,Horizontal Slash,0.4497925639152527,3.2973993860341646,1.5414254181087017,1.814473584770789
-0.5496593,-0.07354973,7.117163e-05,-0.001066667,-0.6172701,-0.07290452,0.0006122446,-0.0005165843,0,Horizontal Slash,0.45356065407395363,3.30781845244153,1.5289783049374819,1.8360744245553267
-0.5014567,-0.07354973,7.066748e-05,-0.001066667,-0.5802983,-0.0367118,0.0009089187,-0.01223135,0,Horizontal Slash,0.45025092735886574,3.278425993933369,1.5427528657019138,1.793375380231598
-0.4700991,-0.07354974,7.066867e-05,-0.001066667,-0.6946408,-0.04892541,9.552043e-05,-0.001084324,0,Horizontal Slash,0.486315811984241,3.455699633086285,1.403688482940197,2.0873802736640887
-0.6190392,-0.07355059,-0.0001413373,-0.001066667,-0.7058976,-0.07230006,3.020175e-05,-0.00139446,0,Horizontal Slash,0.45636487379670143,3.3295123572225984,1.5198458153754473,1.864585597805848
-0.5991343,-0.07354974,7.116926e-05,-0.001066667,-0.6754546,-0.07355585,-0.0002783544,-0.001066843,0,Horizontal Slash,0.45446233078837395,3.318141668456342,1.5261588841676712,1.8481521825909992
-0.5639958,-0.07354973,7.06675e-05,-0.001066667,-0.6169308,0.03638676,0.0005131129,-0.007107537,1,Vertical Slash,0.42512228339910507,3.1514580881590275,1.6230964958667755,1.5917046562707433
-0.4136914,-0.07354943,9.758494e-06,-0.001066667,-0.2144958,-0.01551517,2.612801e-05,-0.001246231,1,Vertical Slash,0.33650629222393036,2.813824289681805,1.80456081032753,1.102772880562616
-0.2636914,-0.07354943,9.738728e-06,-0.001066667,-0.06450468,-0.07308987,9.744041e-06,-0.000541316,1,Vertical Slash,0.3508206605911255,2.902694877715658,1.7613352537155151,1.2509399856201278
-0.1136914,-0.07354943,9.738724e-06,-0.001066667,0.08549538,-0.07301612,9.738728e-06,-0.0005333334,1,Vertical Slash,0.34429311752319336,2.904810795612131,1.759086698293686,1.2739662927811035
-0.0255886,-0.01586514,0.00165583,-0.004355974,0.08553988,-0.07354943,8.365505e-07,-0.002133333,1,Vertical Slash,0.3794819712638855,3.0237675227972995,1.680806651711464,1.4663909414572383
-0.01280001,-0.07291082,-7.474523e-05,-0.0002722482,0.2724997,0.3535307,0.0008613738,0.01069099,1,Walk Forward,0.17311283946037292,2.210638494949466,2.0,0.2604981007115095
0.3393266,-0.07363536,0.00599993,-0.001066667,0.4268028,0.003502513,3.523749e-07,-0.01254549,1,Vertical Slash,0.3331691771745682,2.9586861712577774,1.7259618639945984,1.431426052434979
0.5184762,-0.07355108,0.0001700049,-0.001066667,0.5886217,-0.07307921,-0.0009139759,-0.0005501127,1,Vertical Slash,0.33125413954257965,3.037829711652481,1.6859248280525208,1.6034053149872871
0.473144,-0.07354943,-4.895366e-06,-0.001066667,0.6874052,0.1429468,-5.528233e-05,-0.01279932,1,Vertical Slash,0.21101465821266174,2.5634770615320255,1.9368632137775421,0.8665049164478391
0.6230708,-0.07354945,9.733974e-06,-0.001066667,0.2872992,-0.01194286,-2.597944e-05,-0.003200342,0,Horizontal Slash,0.4476495385169983,3.425641909655741,1.373559132218361,2.2404922290830376
0.4738276,-0.07355059,-0.0001416251,-0.001066667,-0.1109412,0.04564887,-0.0003779122,-0.01760035,0,Horizontal Slash,0.48459333647042513,3.5366348385110284,1.2316778302192688,2.393289224091192
0.3238312,-0.0735506,-0.0001423399,-0.001066667,-0.5109329,-0.0400783,-0.0003795741,-0.000799826,0,Horizontal Slash,0.4873917819932103,3.6467764192642504,1.063837319612503,2.607689067436677
0.1738312,-0.0735506,-0.0001423433,-0.001066667,-0.3637958,-0.07336037,0.0001398786,-0.001053124,0,Horizontal Slash,0.4944137707352638,3.5815677236317645,1.1897439360618591,2.435454034139062
0.02383116,-0.07355058,-0.0001423433,-0.001066667,-0.5123915,-0.07355057,-0.0001410105,-0.001066667,0,Horizontal Slash,0.4986718756845221,3.593014156444493,1.1861011981964111,2.4322386104209004
-0.1261689,-0.0735506,-0.0001423433,-0.001066667,-0.6623847,-0.0735506,-0.000142337,-0.001066667,0,Horizontal Slash,0.5016186913708225,3.605524095590815,1.1840321123600006,2.4357334163821682
-0.2761689,-0.0735506,-0.0001423433,-0.001066667,-0.5808644,-0.07296964,7.735913e-05,-0.002859167,0,Horizontal Slash,0.4971320170443505,3.5183460920713303,1.3229984045028687,2.22618695005646
0.291,-0.061,0.0,0.0,-0.327,-0.065,0.0,0.0,0,Horizontal Slash,0.49116691015660763,3.5918649348147995,1.1586580276489258,2.481214298912053
0.291,-0.061,0.0,0.0,-0.327,-0.065,0.0,0.0,0,Horizontal Slash,0.49116691015660763,3.5918649348147995,1.1586580276489258,2.481214298912053
0.1417084,-0.07355104,-0.0001416711,-0.001066699,-0.3864735,-0.07289834,-5.643773e-05,-0.0001687501,0,Horizontal Slash,0.4954118486493826,3.581021598757757,1.1936452090740204,2.4277030494280085
-0.008288288,-0.0735506,-0.0001423401,-0.001066667,-0.4462075,-0.07321355,-5.670426e-05,-0.0005698243,0,Horizontal Slash,0.4985407303320244,3.561377019842194,1.239492654800415,2.356319294659523
0.0489913,0.001648916,0.0008126663,-0.009945014,-0.6846734,-0.03998432,-0.001643831,-0.01242377,0,Horizontal Slash,0.4986887344857678,3.623608337786377,1.1161011159420013,2.5026627845561435
-0.0961784,-0.0739058,-0.0001378334,-0.0009215632,-0.5435621,-0.07353137,0.0001339083,-0.00106103,0,Horizontal Slash,0.5007913426379673,3.57215753234524,1.2329656183719635,2.364357245381006
-0.1524161,-0.07284882,0.0002899038,-0.0004512224,-0.6944633,-0.02198541,0.0008214656,-0.01136171,0,Horizontal Slash,0.5033548909705132,3.591157303784841,1.2065536379814148,2.3946355768579033
-0.3002651,-0.07301577,-0.000140302,-0.0005333133,-0.541361,-0.0739055,0.0001455503,-0.0006949466,0,Horizontal Slash,0.49088798835873604,3.4786061214048964,1.3676644265651703,2.1489154766694334
-0.450255,-0.07301631,-0.0001423336,-0.0005333333,-0.5912055,-0.07125843,0.0009204925,0.005244973,0,Horizontal Slash,0.4740303233265877,3.395342441938434,1.45461505651474,1.9874249095733914
-0.1782502,-0.06966256,9.55098e-05,-0.001134456,-0.6134034,-0.07355948,-5.017139e-06,-0.002133876,0,Horizontal Slash,0.5021592348348349,3.572994602366852,1.2407128810882568,2.3528689145944868
-0.2135882,-0.06122953,0.0003816144,0.001164905,-0.6591982,-0.01236372,0.0008217936,-0.01082837,0,Horizontal Slash,0.5033295501489192,3.5514160691571868,1.2686932235956192,2.2976473851389883
-0.04976118,-0.0645474,0.001294028,0.003031302,-0.6383623,0.07742078,0.0008198413,-0.006480818,0,Horizontal Slash,0.5041129416786134,3.5630103854327126,1.2282764613628387,2.3405921528866553
-0.1926133,-0.07355219,-0.0001355602,-0.001066807,-0.4849909,-0.06939967,0.0001455427,-0.01115959,0,Horizontal Slash,0.49446213664487004,3.5013997426678563,1.333884209394455,2.2056392474421695
-0.1018724,0.04503309,0.0009667102,-0.007392887,-0.7224504,-0.06498273,-0.001642876,0.003157602,0,Horizontal Slash,0.5042490144260228,3.6017759824382867,1.1641586124897003,2.428758878367522
-0.246182,-0.06907758,-0.0001371059,-0.001848221,-0.6450384,-0.07355127,7.471466e-05,-0.0010668,0,Horizontal Slash,0.5021984048653394,3.5636009830163298,1.262310579419136,2.322171041619145
-0.06792425,-0.06494462,0.00136996,0.003063135,-0.6435775,-0.02198413,0.0008216053,-0.01136167,0,Horizontal Slash,0.5021382763516158,3.5930425253518865,1.191355049610138,2.412150708810596
-0.2103984,-0.07355215,-0.0001352016,-0.001066805,-0.4904744,-0.0739055,0.000145551,-0.0006949481,0,Horizontal Slash,0.49414011696353555,3.499829130411266,1.3375127613544464,2.200374146758164
-0.1958217,-0.07294215,0.0006143326,-0.0005210062,-0.6919348,-0.02203263,0.0009282067,-0.01136457,0,Horizontal Slash,0.5037501628976315,3.5781367243054425,1.2320533692836761,2.358510348028548
-0.3420561,-0.07301622,-0.00013877,-0.0005333304,-0.6668416,-0.0739051,6.864387e-05,-0.0006948572,0,Horizontal Slash,0.4992027341504581,3.5353607656007777,1.3105549365282059,2.2506814418017886
-0.4603848,-0.07292347,4.434035e-06,-0.0005236944,-0.6326598,-0.02205153,0.0008216198,-0.01136457,0,Horizontal Slash,0.4728438053280115,3.377131195046903,1.4663510136306286,1.954743670782902
0.291,-0.061,0.0,0.0,-0.327,-0.065,0.0,0.0,0,Horizontal Slash,0.49116691015660763,3.5918649348147995,1.1586580276489258,2.481214298912053
0.291,-0.061,0.0,0.0,-0.327,-0.065,0.0,0.0,0,Horizontal Slash,0.49116691015660763,3.5918649348147995,1.1586580276489258,2.481214298912053
0.1410487,-0.07354944,-9.735565e-06,-0.001066667,-0.1770487,-0.0735492,9.735565e-06,-0.002133325,0,Horizontal Slash,0.48607872426509857,3.4951372127340616,1.3170663714408875,2.253713450702844
-0.008291407,-0.07355058,-0.000141717,-0.001066667,-0.4258197,-0.067683,-0.0002360724,0.007866664,0,Horizontal Slash,0.49808446876704693,3.5525218011582202,1.2520160228013992,2.3371532420993604
-0.1582883,-0.07355059,-0.0001423403,-0.001066667,-0.4269068,-0.07369946,-1.114821e-06,-0.002208334,0,Horizontal Slash,0.49186833668500185,3.488599560574608,1.3453765511512756,2.1873267900262423
-0.2302781,-0.07354974,7.117163e-05,-0.001066667,-0.3569899,-0.06670774,-0.0001180566,0.007904169,0,Horizontal Slash,0.46997332014143467,3.373301579802342,1.4567789286375046,1.9772079833345466
-0.2711596,-0.07354973,7.066748e-05,-0.001066667,-0.4541497,-0.07329022,-0.0004461083,-0.002991074,0,Horizontal Slash,0.48173357360064983,3.4298210101777666,1.4115935042500496,2.0669631335625365
-0.3151229,-0.07354945,1.185624e-05,-0.001066667,-0.7138852,-0.07354953,-0.0002208134,-0.002133298,0,Horizontal Slash,0.5026504832785577,3.5703422031523497,1.2630975395441055,2.326679918986271
-0.4616872,-0.07356869,-0.0006752732,-0.001066667,-0.4705939,0.01258438,0.001120928,-0.009333301,1,Vertical Slash,0.41791340708732605,3.121876674031535,1.6359283924102783,1.5557183402905228
-0.3151111,-0.07354945,9.516423e-06,-0.001066667,-0.6526193,-0.06421687,1.279887e-05,-0.009733349,0,Horizontal Slash,0.4994261167012155,3.533922026631525,1.3085059076547623,2.250963960541257
-0.4650148,-0.07354944,-9.732473e-06,-0.001066667,-0.6525557,-0.07302351,4.153473e-09,-0.0005337728,0,Horizontal Slash,0.4826581086963415,3.4415580838511395,1.4174278154969215,2.0642328368861493
-0.614355,-0.07355058,-0.000141717,-0.001066667,-0.6774973,-0.07351394,-0.0003293797,-0.001059873,0,Horizontal Slash,0.45014671981334686,3.3000764910091895,1.5401868224143982,1.818227596409013
-0.5585886,-0.07354945,4.890775e-06,-0.001066667,-0.6496182,-0.07264897,8.229944e-05,0.001009588,0,Horizontal Slash,0.45983386039733887,3.3379748467706842,1.5081499805673957,1.8833535025815573
-0.545226,-0.07354973,7.082399e-05,-0.001066667,-0.6458329,0.3098068,0.0005276551,0.008096981,1,Vertical Slash,0.37485271692276,2.8667512145749563,1.7532998025417328,1.1713963312790723
-0.3949208,-0.07354943,9.758544e-06,-0.001066667,-0.4932441,0.02529348,9.906798e-06,0.00555151,0,Horizontal Slash,0.44878682494163513,3.2490375847824513,1.5506740771234035,1.755646875110778
-0.5441638,-0.07355059,-0.000141625,-0.001066667,-0.6424865,-0.05572258,-0.0001416243,-0.005175755,0,Horizontal Slash,0.4587276466190815,3.3266583561934286,1.513829730451107,1.866179382684814
-0.5417119,-0.07354974,7.116993e-05,-0.001066667,-0.6945072,-0.07342491,0.0003177553,-0.0009972324,0,Horizontal Slash,0.4747185427695513,3.40882502265061,1.4523610770702362,2.001025085492451
-0.5949072,-0.07354945,4.856233e-06,-0.001066667,-0.6708874,0.1416395,5.97554e-05,-0.01614037,1,Vertical Slash,0.40476784855127335,3.0381384926973083,1.6820433139801025,1.419890440136138
-0.4449316,-0.07354945,9.73714e-06,-0.001066667,-0.5206375,-0.06328154,9.754954e-06,-0.005235092,0,Horizontal Slash,0.4559176154434681,3.308318875754741,1.5197530966252089,1.8466951629974278
-0.4084027,-0.07354945,7.60344e-06,-0.001066667,-0.6661531,-0.07354967,6.327083e-05,-0.001066667,0,Horizontal Slash,0.4931373349390924,3.496828111966802,1.3599454015493393,2.168892805079634
-0.5530885,-0.07358371,-0.001055264,-0.001066667,-0.6143115,-0.00109996,0.0003781069,-0.007970021,1,Horizontal Slash,0.43666922301054,3.21172113101951,1.5879274681210518,1.6847456375382137
-0.4084118,-0.07354945,9.393107e-06,-0.001066667,-0.6124245,-0.07355017,1.227028e-07,-0.001066749,0,Horizontal Slash,0.48585029412060976,3.4544729587218024,1.4005904793739319,2.0928616053435545
-0.5583162,-0.07354944,-9.732514e-06,-0.001066667,-0.7210523,-0.07355543,5.500684e-05,-0.002133355,0,Horizontal Slash,0.4762673322111368,3.419091102936918,1.4457050301134586,2.016758781138314
-0.6176405,-0.07354973,7.085852e-05,-0.001066667,-0.7076634,-0.07390504,-2.324297e-05,-0.001068849,0,Horizontal Slash,0.4575723223388195,3.3354951655162925,1.5155513314530253,1.8743114282971551
0.291,-0.061,0.0,0.0,-0.327,-0.065,0.0,0.0,0,Horizontal Slash,0.49116691015660763,3.5918649348147995,1.1586580276489258,2.481214298912053
0.291,-0.061,0.0,0.0,-0.327,-0.065,0.0,0.0,0,Horizontal Slash,0.49116691015660763,3.5918649348147995,1.1586580276489258,2.481214298912053
0.1417084,-0.07355104,-0.0001416711,-0.001066699,-0.3864735,-0.07289834,-5.643773e-05,-0.0001687501,0,Horizontal Slash,0.4954118486493826,3.581021598757757,1.1936452090740204,2.4277030494280085
-0.008288288,-0.0735506,-0.0001423401,-0.001066667,-0.2374627,-0.07355059,0.0001414045,-0.001066667,0,Horizontal Slash,0.48217931389808655,3.4515434711197424,1.3740480989217758,2.1457180292886298
0.02299773,-0.07312047,3.313775e-05,-0.0005386538,-0.1847481,-0.07337043,-1.829111e-05,-0.001065395,0,Horizontal Slash,0.4773582201451063,3.43279005508469,1.3909749016165733,2.1187377939563894
0.1204157,0.004604537,0.0007599735,-0.009800239,-0.1809809,-0.07391194,-0.0002296014,-0.001234992,0,Horizontal Slash,0.48741211276501417,3.4660093434413892,1.3376379907131195,2.1943164955755345
0.08460135,0.02010767,0.0003673228,-0.009424442,-0.06718649,-0.07354005,-1.822219e-05,-0.001234971,0,Horizontal Slash,0.4643094651401043,3.34859127838196,1.448963075876236,1.9882094549842855
-0.06258906,-0.06008549,-0.0001399364,-0.004756111,0.08201449,-0.07355058,0.000141585,-0.001066667,1,Vertical Slash,0.3679840415716171,2.9937412111437536,1.7060944885015488,1.4147369191398742
-0.02187857,-0.073905,-4.845076e-06,-0.001066667,0.3635151,-0.07355347,0.0002718579,-0.001066667,1,Vertical Slash,0.2365035116672516,2.5600965270277656,1.939346820116043,0.7822512744654644
0.127389,-0.07355057,0.0001416482,-0.001066667,0.5141596,-0.0735506,0.0001429549,-0.001066667,1,Vertical Slash,0.21934416890144348,2.548520467969869,1.9511273801326752,0.7924806998763784
-0.07290957,-0.05313837,-0.001471592,-0.01319427,0.6495718,-0.07380272,-0.0009759979,-0.001234992,1,Walk Forward,0.039015620946884155,1.9058601812407776,2.0,0.0
0.2722329,-0.07363536,0.005999914,-0.001066667,0.4946934,-0.07354943,-3.536838e-07,-0.001066667,1,Vertical Slash,0.29200756549835205,2.8314104609364272,1.8062874972820282,1.2356878123858916
0.08164433,-0.07358967,-0.001235703,-0.001066662,0.6052582,-0.07380646,-0.001081914,-0.001234992,1,Vertical Slash,0.14312151074409485,2.2902261070529675,2.0,0.41275543109189494
0.2254192,-0.07354943,9.334556e-06,-0.001066667,0.4498991,-0.07354945,-1.008666e-05,-0.001066667,1,Vertical Slash,0.2981407195329666,2.836347633903784,1.8021551072597504,1.232879384180727
0.002173113,-0.05124832,-9.265965e-05,0.005834431,0.3962113,-0.07354943,4.869418e-06,-0.001066667,1,Vertical Slash,0.2268577516078949,2.525609672820432,1.9528311491012573,0.7362898994182805
0.09051219,-0.07363535,0.005997059,-0.001066667,0.2462373,-0.07354944,-3.424841e-07,-0.001066667,1,Vertical Slash,0.3488435596227646,2.968231114854419,1.7240077704191208,1.4025955651294597
-0.239013,-0.06744857,-0.001683872,-0.001164331,0.7025412,-0.07381321,-0.001081914,-0.001234992,1,Walk Forward,0.0,1.4538304789721306,2.0,0.0
0.1050681,-0.07363535,0.005999912,-0.001066667,0.5471336,-0.07354943,-3.54893e-07,-0.001066667,1,Vertical Slash,0.18868207931518555,2.4430353203529207,2.0,0.6360955062167756
0.3837454,0.01083391,0.0002644522,0.0001333345,0.3978401,-0.07355058,-0.0001416727,-0.001066667,0,Horizontal Slash,0.3781859204173088,3.112490464361084,1.62163857370615,1.6826683406790328
0.5343533,-0.06751888,0.0001429199,-0.002366666,0.2478433,-0.0735506,-0.0001423401,-0.001066667,0,Horizontal Slash,0.4519612491130829,3.4338850902287277,1.3696435987949371,2.2401584028806933
0.3857728,-0.07355063,-0.0001409961,-0.001066672,0.09784327,-0.07355059,-0.0001423433,-0.001066667,0,Horizontal Slash,0.4662262201309204,3.454666321381848,1.3527040928602219,2.237158742024207
0.3706741,-0.07378091,0.0004791696,-0.002287838,0.2120694,-0.07354006,-1.781014e-05,-0.001234992,0,Horizontal Slash,0.44073058664798737,3.3558081926639796,1.4506233483552933,2.0656260030313973
0.291,-0.061,0.0,0.0,-0.327,-0.065,0.0,0.0,0,Horizontal Slash,0.49116691015660763,3.5918649348147995,1.1586580276489258,2.481214298912053
0.291,-0.061,0.0,0.0,-0.327,-0.065,0.0,0.0,0,Horizontal Slash,0.49116691015660763,3.5918649348147995,1.1586580276489258,2.481214298912053
0.1417084,-0.07355104,-0.0001416711,-0.001066699,-0.7225794,0.06939993,0.0001888948,-0.01440001,0,Horizontal Slash,0.4952511009760201,3.6376011375112225,1.0902839601039886,2.543058236148846
-0.008288288,-0.0735506,-0.0001423401,-0.001066667,-0.7216461,-0.0716788,8.920309e-07,0.004799999,0,Horizontal Slash,0.49610915686935186,3.6479034981658964,1.0966641008853912,2.557895174715463
-0.1582883,-0.0735506,-0.0001423433,-0.001066667,-0.3235306,0.1779211,0.0003777937,-0.009600007,1,Horizontal Slash,0.4394805170595646,3.1733847629559016,1.577563725411892,1.6592680180302393
-0.3089511,-0.07354943,-9.781756e-06,-0.001066667,0.07822798,-0.005417892,2.60841e-05,0.004800004,1,Vertical Slash,0.23430606722831726,2.462839486075915,1.9687651693820953,0.5999773930209578
-0.1597081,-0.07355059,0.0001416249,-0.001066667,0.3271772,0.1481821,0.0002362416,-0.0136,1,Walk Forward,0.12040618062019348,2.0683034474034168,2.0,0.048185291407941214
0.1935004,-0.07363535,0.005999933,-0.001066667,0.2706817,-0.07314579,-1.290144e-07,-0.00373375,1,Vertical Slash,0.37429359555244446,3.0819427131132002,1.6545809358358383,1.5944342668385512
0.1445476,-0.07354986,-8.500247e-05,-0.001066667,0.4630441,-0.02835587,0.000188895,-0.01813376,1,Vertical Slash,0.2415929138660431,2.6085122338848636,1.9159049689769745,0.8786743818920648
0.2940741,-0.07354945,9.707977e-06,-0.001066667,0.6055845,-0.06942841,0.0001345894,-0.001583949,1,Vertical Slash,0.23850548267364502,2.6640858467603357,1.8983157873153687,0.9946112248412189
0.444074,-0.07354943,9.738713e-06,-0.001066667,0.6141542,-0.05843909,-0.0001349927,-0.002245229,1,Vertical Slash,0.28979575634002686,2.8758757740323397,1.7837118208408356,1.3392773926791384
0.2620465,0.04236731,-0.001019803,-0.007577064,0.6196351,-0.0735686,-0.0006750122,-0.00106666,1,Vertical Slash,0.21760767698287964,2.541345100561301,1.9407787322998047,0.8090490312481695
0.3301669,-0.0734734,-4.702309e-06,-0.001168392,0.488336,-0.03327326,1.309028e-05,0.0005333315,1,Vertical Slash,0.30950693786144257,2.891929532747257,1.768854707479477,1.333809215559041
0.3016211,-0.07354944,-4.86702e-06,-0.001066667,0.5711211,-0.03902077,1.297862e-05,0.009333337,1,Vertical Slash,0.2561686187982559,2.7123845201710926,1.8694226443767548,1.0637053372654814
0.1784115,-0.07354208,-0.0002096536,-0.001065429,0.6547179,-0.07275374,0.0001678623,-0.0001220789,1,Vertical Slash,0.1591072976589203,2.3727281796640187,2.0,0.5500147848834979
0.3273149,-0.07354944,9.667527e-06,-0.001066667,0.5317891,-0.03628312,-1.300799e-05,0.002461042,1,Vertical Slash,0.2862597852945328,2.816804897493227,1.8122945725917816,1.2222573349640269
0.4766549,-0.07355057,0.0001417167,-0.001066667,0.4370838,-0.0005944817,-8.987104e-05,-0.0002397399,0,Horizontal Slash,0.37505511194467545,3.139833469181273,1.6113919839262962,1.7394534018676184
0.3274119,-0.07354944,-9.689573e-06,-0.001066667,0.4367721,-0.07275313,-2.916484e-08,-0.000448127,1,Vertical Slash,0.34296417236328125,3.014758018921014,1.6981240659952164,1.5216545210300072
0.3179681,-0.07354945,-4.866211e-06,-0.001066667,0.6055341,-0.05773094,0.0001552524,0.001692929,1,Vertical Slash,0.24632909893989563,2.69313209692753,1.882463425397873,1.0410671832326415
0.4678951,-0.07354945,9.733982e-06,-0.001066667,0.6818109,-0.07390501,-4.892973e-06,-0.001066667,1,Vertical Slash,0.2652977705001831,2.812323452765923,1.8230567872524261,1.2529389871037062
0.6178952,-0.07354943,9.738724e-06,-0.001066667,0.6824772,-0.07359233,4.111513e-05,-0.002191296,1,Vertical Slash,0.31522037088871,3.0208534133900886,1.6984293311834335,1.6038702596112397
0.5646182,-0.07354945,-4.869362e-06,-0.001066667,0.6199564,-0.07039806,-0.0001011266,0.01000481,1,Vertical Slash,0.3313310146331787,3.052599139475576,1.6765684485435486,1.6379659353758493
0.1497809,-0.07354777,-0.0001126515,-0.002133255,0.6764957,-0.073905,4.88419e-06,-0.001067042,1,Vertical Slash,0.1325923502445221,2.279770713463858,2.0,0.41166327497063726
0.2991692,-0.07354943,9.699006e-06,-0.002133333,0.6765147,-0.073905,1.585011e-09,-0.001066667,1,Vertical Slash,0.20072510838508606,2.547318862169593,1.9602241814136505,0.8271864534417486
0.4485091,-0.07354976,0.0001417169,-0.002133333,0.5968392,-0.06110505,-0.0001180592,-0.01946667,1,Vertical Slash,0.2981637567281723,2.904398276120467,1.7669842541217804,1.3827953551369516
0.4806932,-0.07354952,-7.117014e-05,-0.002133333,0.5408136,-0.07351528,-0.001043297,-0.00104833,1,Vertical Slash,0.3428713232278824,3.0627113617416515,1.6691639870405197,1.6317798985025833
0.3303861,-0.07354943,-9.75866e-06,-0.002133333,0.5355988,-0.07354943,-3.385694e-07,-0.001066667,1,Vertical Slash,0.29349052906036377,2.854962271678165,1.794288843870163,1.283382335739945
0.09106161,-0.07362916,-9.390082e-05,-0.002141484,0.4958093,-0.07354944,4.867836e-06,-0.001066667,1,Vertical Slash,0.213527649641037,2.5183639449039235,1.9644854366779327,0.7419035725188693
0.2405436,-0.07354945,9.705091e-06,-0.002133334,0.6866801,-0.06941607,-8.113758e-06,-0.009466667,1,Vertical Slash,0.1656998097896576,2.4136771526445373,2.0,0.6215368263721801
0.3905435,-0.07354945,9.738713e-06,-0.002133334,0.6866437,-0.07301643,-2.633067e-09,-0.0005333476,1,Vertical Slash,0.23283293843269348,2.6815985444173447,1.8933936655521393,1.0427314924663729
0.5405436,-0.07354945,9.738724e-06,-0.002133334,0.6485823,-0.06560388,-6.416507e-05,0.007964399,1,Vertical Slash,0.30848924815654755,2.9712227589198315,1.728425219655037,1.5074044876417756
0.291,-0.061,0.0,0.0,-0.327,-0.065,0.0,0.0,0,Horizontal Slash,0.49116691015660763,3.5918649348147995,1.1586580276489258,2.481214298912053
0.291,-0.061,0.0,0.0,-0.327,-0.065,0.0,0.0,0,Horizontal Slash,0.49116691015660763,3.5918649348147995,1.1586580276489258,2.481214298912053
0.1417084,-0.07355104,-0.0001416711,-0.001066699,-0.1777084,-0.07354025,0.0001416711,-0.002132813,0,Horizontal Slash,0.4861779287457466,3.4957813648227245,1.3162295371294022,2.255047772431271
0.2608147,-0.06692731,0.001097512,0.002945256,-0.2679768,-0.07358038,-0.0009646445,-0.001066667,0,Horizontal Slash,0.49134735856205225,3.570097837316389,1.1999981105327606,2.428884712729028
0.1173547,-0.07336655,-0.0001364882,-0.002088495,-0.1234856,-0.07355051,0.0001371157,-0.001066667,0,Horizontal Slash,0.47791782580316067,3.450139608117499,1.368866190314293,2.1674942553958547
0.2294534,-0.07354969,6.615385e-05,-0.001066667,-0.06465311,-0.07354945,-4.89003e-06,-0.001066667,0,Horizontal Slash,0.4785255938768387,3.474129592082339,1.3371681421995163,2.234395863236358
0.08049096,-0.07355059,-0.0001413587,-0.001066667,-0.2139691,-0.07355057,-0.0001416942,-0.001066667,0,Horizontal Slash,0.4865819737315178,3.4870663053940896,1.3303434699773788,2.226438665592851
0.1035019,-0.06997592,0.0006547607,-0.003162883,-0.3056475,-0.07358036,-0.0009659828,-0.001066663,0,Horizontal Slash,0.4941093996167183,3.5406889707190508,1.2588616460561752,2.3345846388324385
0.05280239,-0.07355392,0.0003006571,-0.001066641,-0.4014279,-0.0735805,-0.0009698753,-0.001066663,0,Horizontal Slash,0.4971509939059615,3.562827906883177,1.2313758432865143,2.370818147006349
0.0711418,-0.07356465,0.0006251902,-0.001066477,-0.4972275,-0.07358051,-0.0009698936,-0.001066663,0,Horizontal Slash,0.49732801015488803,3.599326425592983,1.170390099287033,2.455431268922506
-0.07503868,-0.07355054,-0.0001387187,-0.001066667,-0.3527623,-0.07355051,0.0001370909,-0.001066667,0,Horizontal Slash,0.49069187324494123,3.4887577897940614,1.338828518986702,2.201049523370311
-0.2250207,-0.0735506,-0.0001423261,-0.001066667,-0.6554387,-0.07368348,-0.00116621,-0.002144911,0,Horizontal Slash,0.5025844071060419,3.5762680278610204,1.2428077161312103,2.3528368474301895
-0.3750207,-0.0735506,-0.0001423432,-0.001066667,-0.723222,-0.07234474,3.269017e-05,5.860813e-06,0,Horizontal Slash,0.500748825899791,3.550360708351459,1.2966228872537613,2.276549250819865
-0.3191695,-0.06529615,0.0008060853,-0.002873673,-0.6778532,-0.07356063,0.0004825796,-0.001066659,0,Horizontal Slash,0.5013145586708561,3.549523357449576,1.289064109325409,2.2824285430302704
-0.2383393,-0.04818321,0.0009039054,-0.0128631,-0.7017842,-0.07356066,0.0004815173,-0.001066663,0,Horizontal Slash,0.5040563116781414,3.5852130346050273,1.2256884276866913,2.3714272826878666
-0.226445,-0.0725156,0.0005845127,-0.001660063,-0.6898161,-0.07356066,0.0004815198,-0.001066663,0,Horizontal Slash,0.5031008545774966,3.588885590964598,1.2239700853824615,2.381017471414864
-0.3728279,-0.07355054,-0.0001389107,-0.001066667,-0.6666409,-0.07354972,6.969857e-05,-0.001066667,0,Horizontal Slash,0.49683615867979825,3.519022170884155,1.3326752334833145,2.214898044262507
-0.3646859,-0.04844412,3.943799e-05,-0.002186937,-0.6627608,-0.07397814,-0.000129404,-0.002219191,0,Horizontal Slash,0.49765095417387784,3.512915272027305,1.3340435177087784,2.2043910623302496
0.291,-0.061,0.0,0.0,-0.327,-0.065,0.0,0.0,0,Horizontal Slash,0.49116691015660763,3.5918649348147995,1.1586580276489258,2.481214298912053
0.291,-0.061,0.0,0.0,-0.327,-0.065,0.0,0.0,0,Horizontal Slash,0.49116691015660763,3.5918649348147995,1.1586580276489258,2.481214298912053
0.1417084,-0.07355104,-0.0001416711,-0.001066699,-0.327,-0.07354006,0.0,-0.002132813,0,Horizontal Slash,0.49455501371994615,3.5608573445270597,1.2261541187763214,2.3841449796081338
-0.008288288,-0.0735506,-0.0001423401,-0.001066667,-0.07818056,-0.06769372,0.0002361185,0.007866408,0,Horizontal Slash,0.447362020611763,3.3017778764387216,1.503823189297691,1.896385059798223
0.03726254,-0.07354946,2.332152e-05,-0.001066667,-0.3803938,-0.07391635,-0.000372465,-0.002492293,0,Horizontal Slash,0.49657804495655,3.5498345727900866,1.2521871328353882,2.3404833117815578
-0.1108928,-0.07355572,-0.0003456077,-0.001066667,-0.1351301,0.006228567,0.0005721668,0.002446149,1,Horizontal Slash,0.4241321459412575,3.1717057309146206,1.5918926373124123,1.6715091196469705
0.03667893,-0.07355057,0.0001400389,-0.001066667,-0.225889,-0.05524556,-8.61261e-05,0.007746927,0,Horizontal Slash,0.4843456521630287,3.4629940001030928,1.3582155108451843,2.172522152690816
-0.1119158,-0.07355057,-0.0001410098,-0.001066667,0.02250187,0.1690806,0.0002357117,-0.01065308,1,Vertical Slash,0.31099455058574677,2.704188480670292,1.83638533949852,0.9677615520217168
0.03733068,-0.07354943,9.689801e-06,-0.001066667,-0.3761901,0.001157612,-2.588501e-05,0.002926539,0,Horizontal Slash,0.49641111050732434,3.51889628970927,1.2884589433670044,2.270963478492884
-0.07256964,-0.06002535,2.822823e-05,-0.00231551,-0.2264024,-0.07321358,9.727164e-06,-0.002054273,0,Horizontal Slash,0.4714598301798105,3.3888576186766586,1.4336914867162704,2.0272845352353643
-0.1535442,-0.07298003,7.076887e-05,-0.0005298525,-0.5659959,-0.07361773,-0.001564803,-0.001069244,0,Horizontal Slash,0.5011037165531889,3.56289915684531,1.2530879527330399,2.3348653786635225
-0.3024836,-0.07301629,-0.0001413368,-0.0005333325,-0.6206177,-0.06472444,-5.183351e-05,-0.004311492,0,Horizontal Slash,0.49811141192913055,3.5230704514198603,1.3196735382080078,2.2313128277526983
-0.4524786,-0.07301631,-0.0001423385,-0.0005333333,-0.5755088,-0.03380032,0.0001890171,-0.0187115,0,Horizontal Slash,0.4622650407254696,3.32934436741372,1.5027417514938861,1.878604589615985
-0.5703963,-0.07301624,7.117163e-05,-0.0005333333,-0.6460031,-0.07306562,-9.422422e-05,-0.0005694687,0,Horizontal Slash,0.4551207236945629,3.317259716108058,1.5240764450281858,1.8492245834665146
-0.5700711,-0.07354945,6.113598e-06,-0.002133334,-0.6464338,-0.07353547,-8.093801e-06,-0.002132204,0,Horizontal Slash,0.455490130931139,3.3191885677438995,1.5227305833250284,1.8523739066941824
-0.534505,-0.07354943,4.86679e-06,-0.002133334,-0.6624779,0.1029905,9.425061e-05,-0.01264419,1,Horizontal Slash,0.43645354360342026,3.180616481968883,1.5980023071169853,1.637540436874986
-0.385189,-0.07354978,0.0001416941,-0.002133334,-0.6793809,-0.04182292,7.0613e-05,-0.01047791,0,Horizontal Slash,0.4950334229506552,3.4988908966786365,1.3530585914850235,2.1741436744965648
-0.5337755,-0.07354978,-0.0001410019,-0.002133334,-0.6139399,-0.07356417,0.0005364307,-0.001226004,0,Horizontal Slash,0.457682266831398,3.3253935406287836,1.5151173770427704,1.8655373606048746
-0.4033952,-0.07317457,0.0001216608,-0.0005662715,-0.6211587,-0.05534156,0.0001151374,-0.0192399,0,Horizontal Slash,0.48525280226022005,3.446188114241918,1.406296819448471,2.0783518922929085
-0.5520815,-0.07301654,-0.0001410965,-0.0005333414,-0.6260154,-0.07345247,0.000694281,-0.00103874,0,Horizontal Slash,0.4552331678569317,3.3157203634849854,1.5235584322363138,1.8484229511724548
-0.5125042,-0.07301612,4.890676e-06,-0.0005333334,-0.7224451,-0.07373969,3.226119e-06,-0.002158674,0,Horizontal Slash,0.48559270333498716,3.4628883891211144,1.4033408388495445,2.096558364219829
-0.6072687,-0.07301611,2.900951e-05,-0.0005333334,-0.5856754,0.5490804,0.000298878,0.01202487,1,Walk Forward,0.2356429398059845,2.2897298852404804,1.9820934236049652,0.3431989897412054
-0.3572048,-0.05274939,1.623535e-05,-0.007333333,-0.7180176,-0.02602451,4.819286e-06,-0.04557514,0,Horizontal Slash,0.4996459651738405,3.5169243697651753,1.3261259198188782,2.2112396723566325
-0.507075,-0.07354945,-9.730294e-06,-0.001066666,-0.5680422,-0.03410291,9.737128e-06,0.004206217,0,Horizontal Slash,0.44617225229740143,3.25963008305395,1.555766299366951,1.7631946663522937
-0.4484255,-0.07354945,1.486011e-05,-0.001066667,-0.7176033,-0.07337123,-2.970094e-05,-0.001066139,0,Horizontal Slash,0.49419713905081153,3.5072068954619366,1.353799358010292,2.1835870096550933
-0.3618945,-0.07291317,0.0008987193,-0.0005177612,-0.6790977,-0.07195966,0.0004553568,0.001035559,0,Horizontal Slash,0.4986980985850096,3.5316300436183754,1.3170681446790695,2.240676112033929
-0.5067137,-0.07301618,-0.0001374269,-0.0005333295,-0.2787206,0.08729371,0.0003799397,-0.01336444,1,Vertical Slash,0.28696395456790924,2.5935215133697542,1.9001578986644745,0.773323401418002
-0.4506684,-0.07356007,-0.0004285714,-0.002133334,-0.4002029,-0.07297044,1.691007e-07,-0.0005286763,1,Vertical Slash,0.4167539179325104,3.143483975525229,1.6297625750303268,1.5912353331329794
-0.617441,-0.0735497,6.611037e-05,-0.001066667,-0.3471317,-0.0730161,4.867754e-06,-0.0005333333,1,Vertical Slash,0.3130630701780319,2.736610911697542,1.8569513261318207,0.9743890156478932
-0.4671594,-0.07354945,9.757015e-06,-0.001066667,-0.2230179,-0.07337183,0.0001185673,-0.001065333,1,Vertical Slash,0.33017806708812714,2.805738940414554,1.81667560338974,1.0870870750029962
0.291,-0.061,0.0,0.0,-0.327,-0.065,0.0,0.0,0,Horizontal Slash,0.49116691015660763,3.5918649348147995,1.1586580276489258,2.481214298912053
0.291,-0.061,0.0,0.0,-0.327,-0.065,0.0,0.0,0,Horizontal Slash,0.49116691015660763,3.5918649348147995,1.1586580276489258,2.481214298912053
0.1417084,-0.07355104,-0.0001416711,-0.001066699,-0.4762917,-0.07354024,-0.0001416711,-0.002132813,0,Horizontal Slash,0.49503895454108715,3.6083660889883906,1.147429496049881,2.4894602882877517
-0.008288288,-0.0735506,-0.0001423401,-0.001066667,-0.327705,-0.07354976,0.000141002,-0.002133333,0,Horizontal Slash,0.49242694256827235,3.5076254070660533,1.3119640797376633,2.248113119415138
0.0373555,-0.07359011,0.0007590558,-0.001069181,-0.207469,-0.06157679,5.531165e-06,-0.0008037293,0,Horizontal Slash,0.4817747101187706,3.4522441971763667,1.36993308365345,2.1541847905575073
0.2598639,0.1275721,0.001453664,-0.00256497,-0.1671564,-0.07058494,-0.0002076543,-0.00316993,0,Horizontal Slash,0.4932817886583507,3.482044540651717,1.2898833602666855,2.2467154591855505
0.1178062,-0.03106406,-0.0001348063,-0.003517515,-0.3174814,-0.07355061,-0.0001426517,-0.001066668,0,Horizontal Slash,0.49579923460260034,3.5398289153285774,1.2507445365190506,2.3346936203776716
-0.03203327,-0.07329424,-0.0001423077,-0.0009850195,-0.4674829,-0.0735506,-0.0001423447,-0.001066667,0,Horizontal Slash,0.4990984213654883,3.5622994774662566,1.2405426800251007,2.354057880782558
0.01825124,0.1801408,0.0007804369,0.0005284224,-0.3485991,-0.06663264,4.193097e-06,-0.002937063,0,Horizontal Slash,0.49958160394453444,3.452070238661725,1.3316438049077988,2.1428233708402007
-0.1277285,-0.0733753,-9.482298e-06,-0.01466421,-0.3829499,-0.05753519,-2.230219e-06,-0.007377612,0,Horizontal Slash,0.48929598927497864,3.470857570989527,1.3601971119642258,2.15888794344556
-0.008976909,-0.03633853,0.000994649,-0.01167541,-0.3311983,-0.06943662,-0.000207636,-0.004514799,0,Horizontal Slash,0.4937032484449446,3.497815523153584,1.3162269592285156,2.2286329022716163
0.02978224,-0.06732194,0.0007066365,0.002708741,-0.2126409,-0.073905,3.884775e-06,-0.005106047,0,Horizontal Slash,0.4821169078350067,3.453921403495885,1.3685322999954224,2.156692770499224
0.1934351,-0.07230719,0.001192199,-0.002639478,-0.1762117,-0.0720761,-0.0002076504,0.00101607,0,Horizontal Slash,0.48793530464172363,3.516447224404441,1.28623366355896,2.305278714854502
0.3793435,-0.05275295,0.001381008,-0.01313065,-0.05764639,-0.06495819,3.884706e-06,-0.0009974049,0,Horizontal Slash,0.48295455425977707,3.5235942931256843,1.2600523978471756,2.361181425781086
0.2369243,-0.07337115,-0.0001351494,-0.002109917,-0.2069187,-0.07355042,-0.0001416528,-0.001066655,0,Horizontal Slash,0.4899278720840812,3.54447865415172,1.2436464726924896,2.370559175396285
0.08696006,-0.07354961,-0.0001423093,-0.002133328,-0.2418442,-0.0009352863,-3.31427e-05,-0.01697437,0,Horizontal Slash,0.486891551874578,3.466960357226359,1.3470264822244644,2.183246629579754
-0.06370259,-0.07354943,-9.781745e-06,-0.002133333,-0.2763683,-0.07397394,-2.242335e-06,-0.00205513,0,Horizontal Slash,0.48184026777744293,3.443522022114194,1.3852486982941628,2.1220234377423557
-0.2130429,-0.07354977,-0.0001417172,-0.002133333,-0.455364,-0.06162645,-0.0002784874,-0.0008061731,0,Horizontal Slash,0.48927914071828127,3.467414493811542,1.3707375079393387,2.1399397603491064
0.05223057,-0.06507713,0.001679236,0.0009273927,-0.4226402,-0.0705837,-0.0002069838,-0.003169625,0,Horizontal Slash,0.4978592270053923,3.5665059404080366,1.2237545251846313,2.3781207531777797
0.291,-0.061,0.0,0.0,-0.327,-0.065,0.0,0.0,0,Horizontal Slash,0.49116691015660763,3.5918649348147995,1.1586580276489258,2.481214298912053
0.291,-0.061,0.0,0.0,-0.327,-0.065,0.0,0.0,0,Horizontal Slash,0.49116691015660763,3.5918649348147995,1.1586580276489258,2.481214298912053
0.1417084,-0.07355104,-0.0001416711,-0.001066699,-0.4762917,-0.07354024,-0.0001416711,-0.002132813,0,Horizontal Slash,0.49503895454108715,3.6083660889883906,1.147429496049881,2.4894602882877517
-0.008288288,-0.0735506,-0.0001423401,-0.001066667,-0.4769967,-0.07354943,-6.690232e-07,-0.002133333,0,Horizontal Slash,0.4991179633070715,3.5727007079763995,1.2222835719585419,2.3808568078997268
-0.1582883,-0.0735506,-0.0001423433,-0.001066667,-0.4769999,-0.07354943,-3.159374e-09,-0.002133333,0,Horizontal Slash,0.496461981208995,3.518387100590928,1.3115258067846298,2.243554526240006
-0.3089511,-0.07354943,-9.781756e-06,-0.001066667,-0.7003167,-0.05029123,-0.0001059644,-0.002256325,0,Horizontal Slash,0.5022287236060947,3.556029106291557,1.2793888300657272,2.2960519851984627
-0.4582916,-0.07355058,-0.0001417172,-0.001066667,-0.4520246,0.01344101,0.000235618,0.0007281635,1,Vertical Slash,0.4134844243526459,3.1032659905247226,1.6467794179916382,1.5278429102755446
-0.3097052,-0.07355057,0.0001410018,-0.001066667,-0.05274101,0.1653168,0.0003789022,-0.01367184,1,Vertical Slash,0.25071366131305695,2.4630494440786515,1.9465008676052094,0.5975787691315021
-0.06018406,-0.0695452,0.0002367843,0.000633334,-0.2001471,0.00943351,-0.0001398818,-0.01956408,0,Horizontal Slash,0.4558042250573635,3.3019695889271734,1.498536773957312,1.8815917513004021
-0.1212204,-0.07354945,6.036702e-06,-0.001066667,-0.3774808,-0.05707445,-0.0002098284,-0.005030929,0,Horizontal Slash,0.48855239897966385,3.4675258160257023,1.3635706901550293,2.153531369419894
-0.1735984,-0.07354974,7.082128e-05,-0.001066667,-0.3162236,-0.05554913,-0.0001175637,0.002115465,0,Horizontal Slash,0.470537880435586,3.3758438739505263,1.4506883472204208,1.9886790867977642
-0.163093,-0.07354973,7.066831e-05,-0.001066667,-0.3570783,0.03362199,-0.0001177816,-0.01628454,0,Horizontal Slash,0.4697691220790148,3.346384565937815,1.4671728648245335,1.9361607256657907
-0.3126448,-0.07354946,-1.896998e-05,-0.001066667,-0.6963729,0.887293,9.136261e-05,0.01469141,1,Walk Forward,0.33280086517333984,2.579317913001358,1.825250893831253,0.7752476185293683
-0.2576545,-0.07363418,0.005482974,-0.001066667,-0.4674301,0.9514229,0.004302816,-0.02294571,1,Walk Forward,0.22890198230743408,2.1957481891313178,1.9701805412769318,0.2377247964548344
0.1222604,-0.07363536,0.005999994,-0.001066667,-0.2959203,0.1758734,3.916693e-07,-0.01252716,0,Horizontal Slash,0.4877784410491586,3.4247884315449517,1.3764669224619865,2.0987583121307756
0.00235541,-0.07354947,-1.901477e-05,-0.001066667,-0.4457996,-0.0604774,-2.376815e-05,0.004468211,0,Horizontal Slash,0.4986862731166184,3.560545473799249,1.2385926246643066,2.3553540496074783
-0.1443598,-0.07356872,-0.0006759684,-0.001066667,-0.666574,0.2058821,0.0009009878,0.001268205,0,Horizontal Slash,0.5033323534298688,3.488193688582696,1.324939325451851,2.1703843261331874
-0.2970154,-0.07355063,-0.0001448632,-0.001066667,-0.6620904,-0.02261701,4.254797e-06,0.008965897,0,Horizontal Slash,0.5005956807290204,3.530286265587484,1.3075458854436874,2.2439320293245246
-0.4476908,-0.07354943,-9.782573e-06,-0.001066667,-0.6620692,-0.07274179,1.380761e-09,-0.002320737,0,Horizontal Slash,0.4870387762784958,3.4638770408624278,1.3957113698124886,2.10502980682656
-0.597455,-0.07390501,-9.738736e-06,-0.001066667,-0.6482247,-0.06897543,-1.449522e-05,-0.001108724,0,Horizontal Slash,0.4462493993341923,3.27883524819188,1.552906185388565,1.786138172349983
-0.3285086,-0.07354968,6.52973e-05,-0.001066667,-0.7011591,-0.07301635,-4.86543e-06,-0.0005333411,0,Horizontal Slash,0.5017871465533972,3.5592758013465806,1.2794623374938965,2.3012301534385258
-0.4774753,-0.07355057,-0.0001413627,-0.001066667,-0.6100054,-0.04741658,0.0001180707,-0.01893334,0,Horizontal Slash,0.466338187456131,3.3543387441184063,1.4872241541743279,1.9168705942458169
-0.4506145,-0.07354944,4.890719e-06,-0.001066667,-0.6740364,-0.07370567,8.879985e-05,-0.002151044,0,Horizontal Slash,0.4884297624230385,3.4722895688322706,1.3882615566253662,2.119675185048205
-0.3370613,-0.07357392,0.0008760625,-0.001066416,-0.6951067,-0.07355893,-0.0004090778,-0.00106679,0,Horizontal Slash,0.501123322523199,3.55288839672554,1.288798451423645,2.286830124133791
-0.4819932,-0.07355052,-0.0001375339,-0.001066667,-0.5791621,0.07174463,0.0007255678,-0.005817986,1,Horizontal Slash,0.43576326221227646,3.1818518109567226,1.595878578722477,1.643750061839362
-0.3327294,-0.07354944,9.690933e-06,-0.001066667,-0.6722942,-0.03011503,7.99524e-06,-0.004691007,0,Horizontal Slash,0.4987953897798434,3.519180634170501,1.3248514086008072,2.2181817218865745
-0.4819729,-0.07355057,-0.0001416253,-0.001066667,-0.423435,-0.06110791,0.0002361561,0.006745505,1,Vertical Slash,0.4111919403076172,3.1171416207518456,1.6465054601430893,1.5479866383026721
-0.5436093,-0.07354973,-7.050113e-05,-0.001066667,-0.3938432,-0.06932958,4.336568e-05,0.00805725,1,Vertical Slash,0.3736485093832016,2.9691300955691458,1.734869047999382,1.3215214761139429
-0.5435155,-0.07354973,-7.066906e-05,-0.001066667,-0.347624,0.1624444,0.0001179568,-0.01034276,1,Vertical Slash,0.27895133197307587,2.5413858282006276,1.9161273539066315,0.6960421908482395
-0.3939174,-0.07354944,9.712629e-06,-0.001066667,-0.05826479,-0.07355358,0.0002740677,-0.001066669,1,Vertical Slash,0.2829508036375046,2.6415078011055364,1.894922524690628,0.8531536004490797
-0.1080139,-0.07359013,-0.0008528606,-0.001066667,-0.05689447,-0.07354943,3.129302e-09,-0.001066667,1,Horizontal Slash,0.41068049520254135,3.147674430120197,1.6145757362246513,1.6401980265228335
-0.1790084,-0.07354971,-6.882177e-05,-0.001066667,0.3293952,0.2462823,0.001744602,0.003370494,1,Walk Forward,0.08221909403800964,1.9088855426420805,2.0,0.0
0.1731478,-0.07363535,0.005999931,-0.001066667,0.2445898,-0.03146098,-1.936668e-07,-0.01428525,1,Vertical Slash,0.3688421696424484,3.0427380475786596,1.6754168421030045,1.5266600034941578
0.05318641,-0.07354943,-7.788472e-06,-0.001066667,0.6444265,-0.07260107,2.596144e-05,-0.001792828,1,Vertical Slash,0.10419249534606934,2.157437337284848,2.0,0.21880844645578565
0.4056478,-0.07363535,0.005999931,-0.001066667,0.4945579,-0.07354944,-3.422433e-07,-0.001066667,1,Vertical Slash,0.3405013084411621,3.0314413941705585,1.6886692494153976,1.565581363605033
0.291,-0.061,0.0,0.0,-0.327,-0.065,0.0,0.0,0,Horizontal Slash,0.49116691015660763,3.5918649348147995,1.1586580276489258,2.481214298912053
0.291,-0.061,0.0,0.0,-0.327,-0.065,0.0,0.0,0,Horizontal Slash,0.49116691015660763,3.5918649348147995,1.1586580276489258,2.481214298912053
0.1417084,-0.07355104,-0.0001416711,-0.001066699,-0.1777084,-0.07354025,0.0001416711,-0.002132813,0,Horizontal Slash,0.4861779287457466,3.4957813648227245,1.3162295371294022,2.255047772431271
0.1391459,-0.07016703,0.0005369406,-0.003173842,-0.423204,-0.06499241,-0.001679831,0.003050389,0,Horizontal Slash,0.49585122941061854,3.5895922857269857,1.1783237159252167,2.44542743718276
-0.007473773,-0.07355057,-0.0001391354,-0.001066668,-0.2822718,-0.07355215,0.0001337382,-0.001066806,0,Horizontal Slash,0.48807866126298904,3.4820277814622007,1.3416347205638885,2.2005116844643045
0.06772874,-0.07337746,0.0008567222,-0.0003229025,-0.5818119,-0.0673973,-0.001893323,0.002917049,0,Horizontal Slash,0.4964636533986777,3.6221719160793615,1.1314109563827515,2.507697469790992
-0.07729952,-0.07301515,-0.0001376253,-0.000533282,-0.4419421,-0.07347964,0.0001327301,-0.00212279,0,Horizontal Slash,0.49753941828384995,3.535319850707937,1.282686710357666,2.2901559337985415
0.05018232,-0.07394187,0.001136497,-0.002756389,-0.6874823,-0.0649877,-0.001679873,0.003050546,0,Horizontal Slash,0.4946840354241431,3.648259607536424,1.0889383554458618,2.5673742284818144
-0.09345368,-0.07355051,-0.0001363041,-0.001066667,-0.5465504,-0.07355218,0.0001337381,-0.001066806,0,Horizontal Slash,0.5008401212398894,3.5740190195293673,1.2297629415988922,2.368917149330737
-0.2434236,-0.0735506,-0.0001423147,-0.001066667,-0.6951764,-0.07355057,-0.0001410395,-0.001066667,0,Horizontal Slash,0.5031433731783181,3.5862442865208086,1.2305587232112885,2.3723688869837507
-0.2143993,-0.06262024,0.0006824835,0.00109531,-0.6139595,-0.06739628,0.0008405832,0.002917048,0,Horizontal Slash,0.5020037144422531,3.5569138791458976,1.2658652663230896,2.3122818558434344
-0.09161372,-0.0311352,0.001099459,-0.01173704,-0.6570092,-0.0667081,0.0008382654,-0.001180916,0,Horizontal Slash,0.5023905269335955,3.600911058456445,1.177510529756546,2.430057762368397
-0.2354341,-0.07323324,-0.000136479,-0.000433565,-0.7192206,-0.07390513,3.556406e-05,-0.002499972,0,Horizontal Slash,0.5032621417194605,3.597168047962177,1.212790310382843,2.398737458712033
-0.3854049,-0.07301579,-0.0001423155,-0.000533309,-0.650829,-0.07354975,7.075154e-05,-0.001066667,0,Horizontal Slash,0.49401918426156044,3.5006018554440796,1.3535678088665009,2.1785858427992766
-0.5354048,-0.07301631,-0.0001423431,-0.0005333333,-0.5990881,-0.06739177,-0.0004378757,0.002917048,0,Horizontal Slash,0.4521788917481899,3.2984381983105795,1.5339303240180016,1.822326107699888
-0.319923,-0.06822183,0.0008122954,-0.01405357,-0.5571393,-0.06669872,0.0009459864,-0.001180916,0,Horizontal Slash,0.49091682117432356,3.4742664744011797,1.3718760162591934,2.138489996829208
-0.3535482,-0.07327791,-3.196808e-05,0.0001103269,-0.7017235,-0.0735504,-0.0001372038,-0.00106666,0,Horizontal Slash,0.5006598923355341,3.5487391397323313,1.295977994799614,2.276068758302566
-0.3472658,-0.0729091,0.0005756948,-0.0005191159,-0.6106954,-0.06739628,0.0008405742,0.002917048,0,Horizontal Slash,0.49356686184182763,3.493915758061286,1.3560375422239304,2.170535767412753
-0.4936925,-0.0730162,-0.0001389524,-0.0005333299,-0.707107,-0.0734797,6.885078e-05,-0.00212279,0,Horizontal Slash,0.48640547692775726,3.4650546782128933,1.3993489742279053,2.1022716093765648
-0.4087376,-0.07355016,5.259437e-05,-0.001066707,-0.6263227,-0.0735503,0.0001194502,-0.001066669,0,Horizontal Slash,0.48790492862463,3.465859587443451,1.3900971710681915,2.1128813934880886
0.291,-0.061,0.0,0.0,-0.327,-0.065,0.0,0.0,0,Horizontal Slash,0.49116691015660763,3.5918649348147995,1.1586580276489258,2.481214298912053
0.291,-0.061,0.0,0.0,-0.327,-0.065,0.0,0.0,0,Horizontal Slash,0.49116691015660763,3.5918649348147995,1.1586580276489258,2.481214298912053
0.1417084,-0.07355104,-0.0001416711,-0.001066699,-0.7225794,0.06939993,0.0001888948,-0.01440001,0,Horizontal Slash,0.4952511009760201,3.6376011375112225,1.0902839601039886,2.543058236148846
-0.008288288,-0.0735506,-0.0001423401,-0.001066667,-0.6803338,-0.06373351,4.008909e-05,-0.008790668,0,Horizontal Slash,0.49767292593605816,3.6325538594775475,1.1223032772541046,2.5195270232936644
-0.1582883,-0.0735506,-0.0001423433,-0.001066667,-0.4313149,-0.07130561,0.0002363077,0.001602333,0,Horizontal Slash,0.4923885348252952,3.490942827643944,1.3426252752542496,2.191468135558478
-0.3082883,-0.0735506,-0.0001423433,-0.001066667,-0.3553686,0.00555031,-0.0001186172,-0.01679767,1,Horizontal Slash,0.4338185042142868,3.1923621312680366,1.5850524976849556,1.6782586725643702
0.0228322,-0.07354183,6.612528e-05,-0.001018444,-0.3896467,-0.07271747,-4.848534e-06,-0.0004124636,0,Horizontal Slash,0.49687309307046235,3.548667796143442,1.2550628632307053,2.33525186991672
-0.1267613,-0.07354945,-1.517829e-05,-0.001066667,-0.539595,-0.07354946,-1.521428e-05,-0.001066667,0,Horizontal Slash,0.5006224419921637,3.5609258324998585,1.2528207302093506,2.334976841317818
-0.2761285,-0.07355058,-0.0001417427,-0.001066667,-0.6889623,-0.07355058,-0.0001417429,-0.001066667,0,Horizontal Slash,0.5027620594482869,3.5733340461746206,1.2536831945180893,2.3387580047155936
-0.4265457,-0.07354964,-5.830264e-05,-0.001066667,-0.583011,0.0291297,-0.0007310693,-0.01478248,0,Horizontal Slash,0.46183140203356743,3.308532660751173,1.5113113960251212,1.8459157670581727
-0.5766884,-0.07354949,-2.976831e-05,-0.001066667,-0.4368113,-0.07264958,2.898656e-05,-0.01009562,1,Vertical Slash,0.3746972531080246,2.975099058806138,1.7338873147964478,1.3280425329307055
-0.5167489,-0.07354946,-1.855068e-05,-0.001066667,-0.3212632,-0.06220911,0.0004235165,-0.002403989,1,Vertical Slash,0.34950393438339233,2.8728419862229004,1.7834063172340393,1.1815564962964415
-0.5071262,-0.07354973,-7.079171e-05,-0.001066667,-0.3445318,-0.07010505,0.0001170592,0.008001996,1,Vertical Slash,0.36907024681568146,2.9513991656447445,1.7425529807806015,1.2983029766273853
-0.4777777,-0.07354944,-4.856295e-06,-0.001066667,-0.3078225,-0.0700333,8.093975e-06,-0.02959801,1,Vertical Slash,0.35962551832199097,2.915428116677599,1.7602393627166748,1.2481212818783742
-0.3582178,-0.07357889,-0.0004285714,-0.001066667,-0.3077821,-0.07390501,9.241694e-11,-0.001066661,1,Vertical Slash,0.4172939211130142,3.1479986306873093,1.6224210485816002,1.6077913394199526
-0.431619,-0.07354944,-4.798242e-06,-0.001066667,-0.1732012,0.06339197,0.0001823568,-0.01436068,1,Vertical Slash,0.28031013906002045,2.582843709419217,1.9060002863407135,0.762847503569093
-0.07914252,-0.07363535,0.005999931,-0.001066667,0.2277059,-0.07307766,9.155218e-07,-0.0005243857,1,Vertical Slash,0.28490693867206573,2.7071782170905285,1.8643673956394196,0.9877433745162574
0.1000071,-0.07355108,0.0001700049,-0.001066667,0.5626643,-0.07159501,0.001543254,-0.004953701,1,Vertical Slash,0.17623892426490784,2.4002154975125674,2.0,0.5733050024659735
0.2508082,-0.07354944,9.790732e-06,-0.001066667,0.5187713,-0.04874538,0.0001724642,0.001658019,1,Vertical Slash,0.26532380282878876,2.7281987348280383,1.8599405586719513,1.0767330791917964
0.4008085,-0.07354943,9.738742e-06,-0.001066667,0.67476,-0.02272909,-8.140954e-06,0.001170992,1,Vertical Slash,0.2320244014263153,2.6639650682437113,1.898030310869217,1.0137214758541662
0.2177796,-0.07390556,-9.11781e-05,-0.001067398,0.5794979,-0.07390501,4.869102e-06,-0.001066628,1,Vertical Slash,0.22200053930282593,2.5870163262883152,1.9358610212802887,0.866663613801078
0.3672751,-0.07354944,9.705976e-06,-0.001066667,0.6448256,-0.06923897,-8.113758e-06,-0.009466686,1,Vertical Slash,0.24446138739585876,2.708341997680947,1.8773764371871948,1.0755705625625982
0.2087152,-0.07298615,-8.504908e-05,-0.0005301476,0.5523579,-0.07301642,4.869098e-06,-0.0005333476,1,Vertical Slash,0.23354396224021912,2.6203669261718097,1.9179644286632538,0.9130125099957875
0.3582414,-0.0730161,9.707962e-06,-0.0005333333,0.6345879,-0.07382025,0.0001317383,-0.002212701,1,Vertical Slash,0.24907326698303223,2.7215769824340432,1.8701866567134857,1.0934379651887784
0.5082411,-0.0730161,9.738713e-06,-0.0005333333,0.678517,-0.07390501,-6.033785e-05,0.001605627,1,Vertical Slash,0.282055139541626,2.8793001258589097,1.7847382128238678,1.3622709304751386
0.6021892,-0.0730161,-4.869362e-06,-0.0005333333,0.657096,-0.07365891,3.615877e-05,-0.002158179,1,Vertical Slash,0.3229646533727646,3.039326089594057,1.6859545558691025,1.6277779398049401
0.534436,-0.07301611,-4.866991e-06,-0.0005333333,0.6405057,-0.03065982,-6.487443e-06,-0.001320908,1,Vertical Slash,0.3014845848083496,2.933963710062321,1.7484766393899918,1.4448103718656067
0.6843629,-0.0730161,9.733982e-06,-0.0005333333,0.6587968,0.03887168,-6.490901e-06,-0.001739544,1,Vertical Slash,0.3249536007642746,3.035460018430961,1.6817405968904495,1.6276380497265284
0.5344604,-0.0730161,-9.732405e-06,-0.0005333333,0.6551981,-0.073905,-4.866729e-06,-0.00250218,1,Vertical Slash,0.3025815486907959,2.9527353716116576,1.740436241030693,1.4787120003245098
0.6136523,-0.0730161,-4.866202e-06,-0.0005333333,0.6793967,-0.07390508,3.497687e-05,-0.001068805,1,Vertical Slash,0.3156259208917618,3.0205590274591616,1.6984997391700745,1.6023099170395656
0.291,-0.061,0.0,0.0,-0.327,-0.065,0.0,0.0,0,Horizontal Slash,0.49116691015660763,3.5918649348147995,1.1586580276489258,2.481214298912053
0.291,-0.061,0.0,0.0,-0.327,-0.065,0.0,0.0,0,Horizontal Slash,0.49116691015660763,3.5918649348147995,1.1586580276489258,2.481214298912053
0.1417084,-0.07355104,-0.0001416711,-0.001066699,-0.3926795,-0.07391845,-6.232689e-05,-0.00222375,0,Horizontal Slash,0.49541706359013915,3.5830844770963486,1.1903161704540253,2.4323470302055914
-0.008288288,-0.0735506,-0.0001423401,-0.001066667,-0.243698,-0.0735504,0.0001413767,-0.002133355,0,Horizontal Slash,0.48303201235830784,3.4557184520644566,1.3697851747274399,2.153074470845377
0.1646784,-0.07269502,0.001188294,-0.002678175,-0.5688288,-0.001446144,-0.001855804,-0.01010709,0,Horizontal Slash,0.49521959759294987,3.6190580305792457,1.122238665819168,2.5105203165167462
0.02130008,-0.07355277,-0.0001360595,-0.002133467,-0.4287723,-0.07202493,0.0001329073,-0.006126771,0,Horizontal Slash,0.4979949372354895,3.562597444620642,1.234563797712326,2.364224576266233
-0.1286687,-0.07354979,-0.0001423135,-0.002133334,-0.5774027,-0.0735506,-0.0001410435,-0.001066669,0,Horizontal Slash,0.5014560843119398,3.575465927433175,1.2317287027835846,2.3662959746397183
-0.1152052,-0.06576288,0.0006107895,-0.01396954,-0.6769278,0.003387703,0.0008218149,-0.00984042,0,Horizontal Slash,0.5035705238115042,3.5864837369520233,1.205199956893921,2.388381871245963
-0.2614574,-0.07315654,-0.0001387867,-0.000565863,-0.5235465,-0.07024997,0.000145552,-0.0005699478,0,Horizontal Slash,0.4927976452745497,3.4889743484831715,1.3533483445644379,2.1727736341603143
-0.13374,-0.0706645,0.001080866,-0.003188524,-0.668061,0.008709974,0.0009279068,-0.009502509,0,Horizontal Slash,0.5037799552083015,3.5761852618077676,1.2242455184459686,2.3617015224166273
-0.2776529,-0.07355053,-0.0001365668,-0.001066668,-0.514437,-0.07308496,0.000146053,-0.004775627,0,Horizontal Slash,0.4898962676525116,3.47287625749878,1.3714284002780914,2.1415572562043015
-0.1958545,-0.07332207,5.237468e-05,-0.001016624,-0.6949435,-0.07355823,-0.0002339341,-0.001067243,0,Horizontal Slash,0.5028046879451722,3.5992062088369012,1.2038891017436981,2.409655462107841
-0.3448856,-0.0735506,-0.0001414237,-0.001066667,-0.662297,-0.07354973,7.138788e-05,-0.001066667,0,Horizontal Slash,0.4986761760665104,3.531372335969532,1.3155814856290817,2.24242744733836
-0.3643579,-0.07312369,0.0004599295,-0.001992924,-0.6350067,0.003387798,0.0008213132,-0.00984042,0,Horizontal Slash,0.48911384399980307,3.449154303532751,1.395814262330532,2.085167686140937
-0.3297539,-0.07272866,0.0006523275,-0.0003866544,-0.6191732,-0.05927024,0.0009287047,-0.01323386,0,Horizontal Slash,0.4951603622175753,3.501452314091953,1.3458455353975296,2.186409247806926
-0.3070608,-0.07360047,0.0006388468,-0.001071134,-0.6587041,0.003149499,0.000819289,-0.009282215,0,Horizontal Slash,0.49829255405347794,3.5050569676459564,1.3352541774511337,2.1928479598908432
-0.4531733,-0.07355054,-0.0001386542,-0.001066667,-0.7203065,-0.0730143,-5.845791e-05,-0.004015554,0,Horizontal Slash,0.4937919252552092,3.505035269645005,1.3565464168787003,2.17901629181492
-0.5844628,-0.07354973,7.116293e-05,-0.001066667,-0.6882981,0.002309336,-0.0004383333,-0.009872641,0,Horizontal Slash,0.44778281077742577,3.2648541635150132,1.5557737834751606,1.7643078884938928
-0.6220111,-0.07354944,4.856235e-06,-0.001066667,-0.7099738,-0.07334642,-5.695198e-05,-0.002106661,0,Horizontal Slash,0.45664699003100395,3.331627572918394,1.5187097489833832,1.8677573446418347
0.291,-0.061,0.0,0.0,-0.327,-0.065,0.0,0.0,0,Horizontal Slash,0.49116691015660763,3.5918649348147995,1.1586580276489258,2.481214298912053
0.291,-0.061,0.0,0.0,-0.327,-0.065,0.0,0.0,0,Horizontal Slash,0.49116691015660763,3.5918649348147995,1.1586580276489258,2.481214298912053
0.1417084,-0.07355104,-0.0001416711,-0.001066699,-0.327,-0.07354006,0.0,-0.002132813,0,Horizontal Slash,0.49455501371994615,3.5608573445270597,1.2261541187763214,2.3841449796081338
-0.008923571,-0.07354946,-1.528365e-05,-0.001066667,-0.2484958,-0.07124492,-1.940834e-05,0.00209088,0,Horizontal Slash,0.483721112832427,3.4584350324209328,1.3668519109487534,2.1575795095154637
-0.09440377,-0.07354944,4.870262e-06,-0.001066667,-0.3419523,0.01547575,-5.179238e-05,-0.02094853,0,Horizontal Slash,0.48049748688936234,3.4071881694633905,1.4142096266150475,2.0473867149261227
-0.2391026,-0.07358371,-0.00105536,-0.001066667,-0.5472484,0.1552544,-0.006033894,0.01961043,0,Horizontal Slash,0.48279971070587635,3.372305110226813,1.4422510713338852,1.962217754359912
-0.3936462,-0.07355067,-0.0001466548,-0.001066667,-0.7218471,0.1843046,8.508265e-05,-0.01878958,0,Horizontal Slash,0.47887833416461945,3.3497503308211467,1.4681413359940052,1.9103051817528907
-0.5436677,-0.0735506,-0.0001423636,-0.001066667,-0.3233126,-0.04713482,0.0003781913,0.01179479,1,Vertical Slash,0.3351026773452759,2.812489546632971,1.8135742545127869,1.0904247284525164
-0.4817737,-0.07354973,-7.049939e-05,-0.001066667,-0.3727946,-0.05842759,6.994255e-05,-0.003497395,1,Vertical Slash,0.3882870376110077,3.023671028720791,1.700402021408081,1.4078959865075713
-0.3321748,-0.07354945,9.712684e-06,-0.001066667,-0.2164837,-0.03323923,1.29694e-05,-0.003051301,1,Vertical Slash,0.3802146911621094,2.9909693910006045,1.71017424762249,1.3731167476412434
-0.308753,-0.07354943,-4.869358e-06,-0.001066667,-0.1066451,0.01674885,0.0001041745,-0.01623838,1,Vertical Slash,0.3229963928461075,2.764475311310202,1.8234943151474,1.0395648482886466
-0.2650316,-0.07354946,-2.320762e-05,-0.001066667,0.1883062,0.4025294,0.0005240338,0.002296916,1,Walk Forward,0.06736382842063904,1.7910520556615181,2.0,0.0
-0.06261776,-0.07363535,0.005994034,-0.001066667,-0.2086801,0.4737337,-7.870921e-05,-0.02330309,1,Vertical Slash,0.3573579043149948,2.784904224976456,1.7652848660945892,1.083829285177259
0.1172941,-0.07354946,1.168074e-05,-0.001066667,-0.2090734,0.07173124,-2.554261e-08,-0.009948459,0,Horizontal Slash,0.48167548328638077,3.4235504049361745,1.385015495121479,2.105638474374292
-0.0325989,-0.07354943,-9.731773e-06,-0.001066667,0.190746,-0.02782506,2.596149e-05,-0.004625771,1,Vertical Slash,0.31421756744384766,2.801319055280026,1.8107028901576996,1.1303957699554064
0.1173038,-0.07354945,9.732405e-06,-0.001066667,0.3407466,-0.07303242,9.743988e-06,-0.0005343325,1,Vertical Slash,0.31204892694950104,2.8501481008629126,1.7918905913829803,1.231679182781807
0.2300879,-0.07354944,-4.869362e-06,-0.001066667,0.4214566,-0.05917639,0.0001195059,0.00386638,1,Vertical Slash,0.31270503997802734,2.880549621745429,1.7756521701812744,1.2980144657754644
0.3793553,-0.07355059,0.0001416481,-0.001066667,0.6494457,0.1680166,-0.0001891769,-0.01053363,1,Vertical Slash,0.18807452917099,2.447345989875323,1.986434817314148,0.6759758233920619
0.5300146,-0.07354943,9.78153e-06,-0.001066667,0.6411074,-0.02510216,-8.932477e-05,-0.01775828,1,Vertical Slash,0.2956288307905197,2.911619333386487,1.7615794241428375,1.4091520245637408
0.5143586,-0.07354945,-4.869368e-06,-0.001066667,0.677942,-0.05340892,-2.813174e-05,-0.001897065,1,Vertical Slash,0.2795751690864563,2.866361563418707,1.7908971011638641,1.341872070997905
0.6094649,-0.07354944,-4.866991e-06,-0.001066667,0.6722779,-0.07354952,3.913298e-05,-0.001066666,1,Vertical Slash,0.31792791187763214,3.026414901276954,1.6946524232625961,1.61009889958481
0.291,-0.061,0.0,0.0,-0.327,-0.065,0.0,0.0,0,Horizontal Slash,0.49116691015660763,3.5918649348147995,1.1586580276489258,2.481214298912053
0.291,-0.061,0.0,0.0,-0.327,-0.065,0.0,0.0,0,Horizontal Slash,0.49116691015660763,3.5918649348147995,1.1586580276489258,2.481214298912053
0.1417084,-0.07355104,-0.0001416711,-0.001066699,-0.1777084,-0.07354025,0.0001416711,-0.002132813,0,Horizontal Slash,0.4861779287457466,3.4957813648227245,1.3162295371294022,2.255047772431271
0.2138136,-0.06169191,0.0008809607,0.001135759,-0.422589,-0.07360107,-0.001676998,-0.001066643,0,Horizontal Slash,0.49321775464341044,3.6055257808724424,1.143011450767517,2.4966400561539026
0.06890593,-0.07306384,-0.0001375109,-0.0005393134,-0.2816428,-0.07355047,0.0001337517,-0.001066667,0,Horizontal Slash,0.4920007223263383,3.517495165289671,1.2937548160552979,2.2816226975321423
0.01160716,-0.07300909,0.0002846757,-0.000532872,-0.5265629,-0.07360123,-0.001677035,-0.001066651,0,Horizontal Slash,0.49894778011366725,3.594594576103887,1.1849092841148376,2.4336644523043667
-0.1362679,-0.0730163,-0.0001403267,-0.0005333332,-0.6842004,-0.07355072,-0.0001495907,-0.001066667,0,Horizontal Slash,0.5016737729310989,3.609964063664736,1.1780070662498474,2.4447009871746292
-0.2862578,-0.07301631,-0.0001423337,-0.0005333333,-0.7099973,-0.07334827,3.151665e-05,-0.001043151,0,Horizontal Slash,0.503115038620308,3.5784742019513125,1.247717559337616,2.3485707910575324
-0.4362577,-0.07301631,-0.0001423433,-0.0005333333,-0.6974208,-0.07334819,3.108902e-05,-0.001043059,0,Horizontal Slash,0.49337058002129197,3.5004077437699777,1.359271079301834,2.1722920181219303
-0.5862578,-0.07301631,-0.0001423433,-0.0005333333,-0.6682894,-0.07361436,-0.0004470619,-0.00107739,0,Horizontal Slash,0.4564265012741089,3.3254919423504674,1.51969163864851,1.8609738286183068
-0.5792919,-0.07301611,4.890878e-06,-0.0005333333,-0.6439337,-0.07386746,-5.785786e-05,-0.002214577,0,Horizontal Slash,0.45168980956077576,3.302655428329423,1.5351918078958988,1.8253224682131877
-0.2606257,-0.07354967,6.202526e-05,-0.001066667,-0.4942716,-0.07354946,9.716785e-06,-0.002133334,0,Horizontal Slash,0.4894434316083789,3.470620952767714,1.3722843825817108,2.139826471973048
-0.4096087,-0.07355057,-0.0001413782,-0.001066667,-0.6076065,-0.07353817,0.0009408093,-0.001060807,0,Horizontal Slash,0.4848865494132042,3.449160389271961,1.4054642245173454,2.0834423790749725
-0.1872047,-0.07390549,8.507218e-05,-0.001067406,-0.5734041,-0.07354943,-5.020438e-06,-0.001066667,0,Horizontal Slash,0.5007935684989206,3.5544029967747113,1.268779531121254,2.3115704329298143
-0.08276624,-0.06328846,0.001025804,0.003159294,-0.6754891,-0.07357524,0.0008388452,-0.001066651,0,Horizontal Slash,0.5005876244977117,3.6164096573152977,1.1581009328365326,2.4688037913817427
-0.2269531,-0.07355195,-0.0001368269,-0.0010668,-0.7167004,-0.07334826,2.918278e-05,-0.001043151,0,Horizontal Slash,0.5031812142115086,3.5986847546133824,1.2091759741306305,2.403575340503514
-0.2053755,-0.06952804,0.0006480744,-0.004816688,-0.603926,-0.07357524,0.0008387644,-0.001066651,0,Horizontal Slash,0.5016913237050176,3.560643079693498,1.2613160610198975,2.322080504545055
0.00739847,-0.07367536,0.001514693,-0.002146631,-0.6623277,-0.07357516,0.0008368528,-0.001066651,0,Horizontal Slash,0.49698873492889106,3.6341872250680662,1.118165522813797,2.526993850797001
-0.1343555,-0.07354985,-0.0001345181,-0.002133337,-0.5088714,-0.07355063,0.000145623,-0.001066667,0,Horizontal Slash,0.49937594978837296,3.5449965973718487,1.2755430489778519,2.3004305809331216
-0.0161153,-0.07240132,0.001093391,-0.01428263,-0.7081316,-0.07357512,0.0008384894,-0.001066651,0,Horizontal Slash,0.4966887729242444,3.643493537467618,1.1045185029506683,2.546263829057515
-0.1599658,-0.07310078,-0.0001365077,-0.0005432915,-0.5546674,-0.07355065,0.0001456307,-0.001066667,0,Horizontal Slash,0.5006670870934613,3.555661246763017,1.2638268023729324,2.318453123095772
-0.3099367,-0.07301641,-0.0001423157,-0.0005333358,-0.7032344,-0.07355057,-0.0001409833,-0.001066667,0,Horizontal Slash,0.5024639174807817,3.567357943897402,1.2663305401802063,2.3209655034950716
0.291,-0.061,0.0,0.0,-0.327,-0.065,0.0,0.0,0,Horizontal Slash,0.49116691015660763,3.5918649348147995,1.1586580276489258,2.481214298912053
0.291,-0.061,0.0,0.0,-0.327,-0.065,0.0,0.0,0,Horizontal Slash,0.49116691015660763,3.5918649348147995,1.1586580276489258,2.481214298912053
0.1417084,-0.07355104,-0.0001416711,-0.001066699,-0.327,-0.07354006,0.0,-0.002132813,0,Horizontal Slash,0.49455501371994615,3.5608573445270597,1.2261541187763214,2.3841449796081338
-0.008288288,-0.0735506,-0.0001423401,-0.001066667,-0.327,-0.07354943,0.0,-0.002133333,0,Horizontal Slash,0.49236745201051235,3.5072651547115257,1.3124104738235474,2.2474280992470126
-0.1589236,-0.07354944,-1.528399e-05,-0.001066667,-0.476924,-0.07354945,-1.521182e-05,-0.002133334,0,Horizontal Slash,0.4964178968220949,3.5180373578398814,1.3120069354772568,2.2427814032934745
-0.3037197,-0.07358373,-0.001056069,-0.001066667,-0.5164648,-0.07127659,-0.001591814,-0.002305645,0,Horizontal Slash,0.4868000792339444,3.4554617743099407,1.3903894498944283,2.107077985764291
-0.4589499,-0.07354945,-1.007828e-05,-0.001066667,-0.6838966,-0.07301108,0.0001321064,-0.0005330633,0,Horizontal Slash,0.4886072026565671,3.4738879414223334,1.3875692188739777,2.1215787574596368
-0.6082917,-0.07355059,-0.0001417186,-0.001066667,-0.6844528,0.3003478,0.0002715161,0.007594007,1,Vertical Slash,0.3625943511724472,2.8243897181171653,1.7788651883602142,1.1064120589832904
-0.4590488,-0.07354944,9.689573e-06,-0.001066667,-0.7079349,-0.04408347,2.266105e-06,0.016093,0,Horizontal Slash,0.49055027961730957,3.477367579848955,1.3822070360183716,2.1265140578918524
-0.6082922,-0.07355057,-0.0001416253,-0.001066667,-0.7079239,-0.06348523,1.070138e-08,0.006353502,0,Horizontal Slash,0.45947686210274696,3.340210489882765,1.510463965125382,1.882319395049685
-0.6211179,-0.07354973,7.116993e-05,-0.001066667,-0.7068692,-0.07298052,0.000225402,-0.0001692339,0,Horizontal Slash,0.4562203548848629,3.3292864124510917,1.520254246890545,1.8640483440670734
-0.5982811,-0.07354945,4.856233e-06,-0.001066667,-0.6922671,-0.03532095,3.236044e-06,0.002484619,0,Horizontal Slash,0.4529205560684204,3.3003305355111627,1.5356802344322205,1.8191984122531042
-0.7108957,-0.07354944,4.866994e-06,-0.001066667,-0.6493449,-0.06592007,6.490639e-06,0.01315769,1,Vertical Slash,0.4027174040675163,3.100254845761314,1.6737907975912094,1.5041273346323414
-0.7006439,-0.07354944,2.434286e-06,-0.001066667,-0.4633554,0.2637568,1.29797e-05,-0.02044231,1,Walk Forward,0.21173444390296936,2.2710506918170976,2.0,0.3038408289901159
-0.6411471,-0.06733397,-0.0004285714,-0.0015568,-0.5906706,-0.06203914,1.711958e-07,0.0007552896,1,Vertical Slash,0.4078911617398262,3.1101789016523615,1.660679429769516,1.5245619566049406
-0.7141616,-0.07302056,-6.98236e-05,-0.0005336149,-0.3418502,-0.005512252,0.0002361192,-0.01764471,1,Walk Forward,0.23012790083885193,2.410145176860712,1.9990991353988647,0.49621694389605275
-0.3933928,-0.0735214,0.001392034,-0.002133333,-0.3406959,-0.07238667,2.696007e-09,-0.001601541,1,Vertical Slash,0.41602465510368347,3.1412316551470445,1.6281536370515823,1.593688637974402
-0.4679516,-0.07354943,-5.093652e-06,-0.002133333,-0.162362,-0.02423635,1.298075e-05,0.0008007724,1,Vertical Slash,0.2848059684038162,2.623754576309607,1.8985222280025482,0.8201471257112077
-0.1154768,-0.07308875,0.005999931,-0.0005333333,-0.5622925,-0.07167803,-9.132909e-07,0.005000193,0,Horizontal Slash,0.5011666938662529,3.5732625621455956,1.2334804832935333,2.3635946554446456
-0.2349106,-0.07301625,-0.0001133372,-0.0005333333,-0.6048084,0.1827265,0.0001888969,-0.009399813,0,Horizontal Slash,0.48857152834534645,3.395219767479979,1.4210589602589607,1.9993589973503354
-0.3854284,-0.0730161,-9.772344e-06,-0.0005333333,-0.6038643,-0.05714541,6.130058e-08,0.001250048,0,Horizontal Slash,0.48685996513813734,3.453924399552111,1.397706724703312,2.093730040328786
-0.5347686,-0.07301631,-0.0001417172,-0.0005333333,-0.6090739,-0.07375227,0.0008016359,-0.001235891,0,Horizontal Slash,0.4558466263115406,3.3168874912319692,1.5212785992771387,1.8518704054013324
-0.4960781,-0.07301614,7.117014e-05,-0.0005333333,-0.6822003,0.03098625,9.539376e-05,-0.0156359,0,Horizontal Slash,0.46722981706261635,3.339025432611802,1.4944306262768805,1.8881939122954796
-0.6450156,-0.07301632,-0.000141335,-0.0005333333,-0.4329061,-0.04432045,0.0002365689,-0.004582052,1,Vertical Slash,0.33091986179351807,2.795978631869955,1.826825350522995,1.0595485433183287
-0.6456615,-0.07354945,-1.214058e-05,-0.002133334,-0.447526,0.05586295,-0.000274769,-0.0004924188,1,Vertical Slash,0.30820387601852417,2.6794147939353716,1.8713479340076447,0.8899986786001917
-0.5387383,0.03488785,-0.002146963,0.0002666641,-0.4480334,-0.03755366,1.180124e-05,-0.01809242,1,Vertical Slash,0.3816853538155556,2.946870205338226,1.7252540439367294,1.293900974203458
-0.3995855,-0.07309648,9.038833e-06,-0.0006083334,-0.5979258,-0.07353514,-9.731732e-06,-0.002131731,0,Horizontal Slash,0.4848770275712013,3.4485177586181,1.4051287546753883,2.083470747982366
-0.5488323,-0.07301678,-0.0001416284,-0.0005333517,-0.6616161,-0.06770911,0.0001180822,0.007865868,0,Horizontal Slash,0.4654527045786381,3.361947088465059,1.4890718339011073,1.9227357722225933
-0.5545493,-0.07301612,4.890762e-06,-0.0005333334,-0.6787757,0.07159612,6.499956e-06,-0.02573414,1,Horizontal Slash,0.43918804824352264,3.203563659890951,1.5876568630337715,1.671523725421074
-0.4045734,-0.07301611,9.737149e-06,-0.0005333334,-0.6207421,-0.07363026,8.111918e-06,-0.002220808,0,Horizontal Slash,0.48761909548193216,3.463838419825135,1.3915315195918083,2.1097819733219407
-0.5538166,-0.07301632,-0.0001416251,-0.0005333334,-0.5755971,0.007470283,0.0001888756,-0.01662081,1,Vertical Slash,0.4196598455309868,3.1352089479571155,1.6343712955713272,1.5683968690421357
-0.4052297,-0.07301632,0.0001410023,-0.0005333334,-0.5986129,-0.04954315,0.0001884487,-0.003689593,0,Horizontal Slash,0.48155408911406994,3.4247253973307523,1.4247974380850792,2.040853299377426
-0.5529498,-0.07301594,7.050259e-05,-0.0005333334,-0.6048372,-0.06490852,-0.000361413,-0.01313038,0,Horizontal Slash,0.4458033926784992,3.2707807957544635,1.5541904084384441,1.7774868025228467
-0.4811603,-0.07301615,7.066906e-05,-0.0005333334,-0.7161924,-0.06471078,0.000303101,0.003308278,0,Horizontal Slash,0.4892906295135617,3.4777911472979537,1.3855917528271675,2.1258438775647233
-0.6095216,-0.07301594,7.066866e-05,-0.0005333334,-0.6958525,-0.07355507,-0.0002811172,-0.00106679,0,Horizontal Slash,0.4567444622516632,3.330135864611327,1.5185392927378416,1.8664078085653832
-0.5894907,-0.07301612,4.856315e-06,-0.0005333334,-0.6757118,-0.07286341,5.761704e-05,-0.00350418,0,Horizontal Slash,0.45704856514930725,3.328631446471987,1.517671162262559,1.8657369962576438
0.291,-0.061,0.0,0.0,-0.327,-0.065,0.0,0.0,0,Horizontal Slash,0.49116691015660763,3.5918649348147995,1.1586580276489258,2.481214298912053
0.291,-0.061,0.0,0.0,-0.327,-0.065,0.0,0.0,0,Horizontal Slash,0.49116691015660763,3.5918649348147995,1.1586580276489258,2.481214298912053
0.1417084,-0.07355104,-0.0001416711,-0.001066699,-0.4762917,-0.07354024,-0.0001416711,-0.002132813,0,Horizontal Slash,0.49503895454108715,3.6083660889883906,1.147429496049881,2.4894602882877517
-0.008288288,-0.0735506,-0.0001423401,-0.001066667,-0.327705,-0.07354976,0.000141002,-0.002133333,0,Horizontal Slash,0.49242694256827235,3.5076254070660533,1.3119640797376633,2.248113119415138
-0.1582883,-0.0735506,-0.0001423433,-0.001066667,-0.4762951,-0.07354976,-0.0001410052,-0.002133333,0,Horizontal Slash,0.4964077863842249,3.518018913368738,1.3119744509458542,2.2428421202454367
-0.3082883,-0.0735506,-0.0001423433,-0.001066667,-0.576809,-0.07291874,-9.538312e-05,-0.0006095834,0,Horizontal Slash,0.4940995662473142,3.498133105113576,1.3483558744192123,2.183622213315753
-0.4589511,-0.07354945,-9.781756e-06,-0.001066667,-0.721401,-0.07301612,4.883258e-06,-0.0005333336,0,Horizontal Slash,0.4933788850903511,3.502895687585681,1.3593655824661255,2.1743586415308047
-0.4580058,-0.07356375,0.0005276214,-0.001066753,-0.6057476,-0.07357085,0.0007608403,-0.001066561,0,Horizontal Slash,0.4751605987548828,3.40255563455686,1.4497035555541515,1.9988287890250305
-0.3688774,-0.07300745,0.0005462413,-0.0005326169,-0.6198493,-0.07357402,0.0007617327,-0.001066814,0,Horizontal Slash,0.49234700575470924,3.489198444126226,1.363477036356926,2.1595640690717635
-0.5154506,-0.0730163,-0.0001390915,-0.0005333332,-0.5763881,-0.07357107,0.0006908983,-0.001066814,0,Horizontal Slash,0.452541995793581,3.3000317959360315,1.5316332876682281,1.82692341553907
-0.2192024,-0.06446893,7.846755e-05,-0.00629541,-0.638614,-0.07354943,-4.979887e-06,-0.001066667,0,Horizontal Slash,0.5026254213880748,3.569597964060376,1.2494526207447052,2.3392967798891706
-0.213834,-0.07356422,0.0005694737,-0.001066664,-0.6828758,-0.07356956,0.0006545929,-0.001066814,0,Horizontal Slash,0.5029573731590062,3.590054099706249,1.2206735610961914,2.385606586912802
-0.3602918,-0.07355054,-0.0001389818,-0.001066667,-0.6705416,-0.07354972,6.928992e-05,-0.001066667,0,Horizontal Slash,0.49818348919507116,3.528260791138343,1.3209318071603775,2.234351952287291
-0.367328,-0.06198927,0.0005162794,-0.0008574756,-0.6670963,-0.07356955,0.0006544175,-0.001066814,0,Horizontal Slash,0.49752868339419365,3.5183089690621507,1.3308004885911942,2.2142718216978237
-0.277368,0.0135932,0.0009512458,-0.009243644,-0.6702749,-0.07356949,0.0006530359,-0.001066814,0,Horizontal Slash,0.5045382548123598,3.5410194731715188,1.2801762372255325,2.2709038382486284
-0.4222967,-0.07293315,-9.426867e-06,-0.000523608,-0.7014433,-0.07301927,3.148499e-06,-0.001957134,0,Horizontal Slash,0.49530081590637565,3.5117086806022146,1.3460211604833603,2.1950218327499447
-0.4155704,-0.07367627,0.0005763013,-0.001097154,-0.6225184,-0.07357402,0.0007608381,-0.001066815,0,Horizontal Slash,0.48625351022928953,3.457169105038547,1.398800514638424,2.0967927588061612
-0.5619943,-0.07355054,-0.0001389496,-0.001066667,-0.7185444,-0.06954299,-9.112429e-05,0.0002282962,0,Horizontal Slash,0.47460564970970154,3.409956876516867,1.4532062821090221,2.0009075839123245
-0.6023813,-0.07354974,7.116362e-05,-0.001066667,-0.701312,-0.07357896,-0.0003715896,-0.001069471,0,Horizontal Slash,0.46042250841856003,3.3468322656834495,1.5058485479094088,1.8938228699641606
-0.4544164,-0.002288754,0.0006531956,-0.01020391,-0.5717191,-0.07357181,0.000707927,-0.001066814,0,Horizontal Slash,0.4687929395586252,3.3409941224327775,1.4860156774520874,1.8992815907817933
0.291,-0.061,0.0,0.0,-0.327,-0.065,0.0,0.0,0,Horizontal Slash,0.49116691015660763,3.5918649348147995,1.1586580276489258,2.481214298912053
0.291,-0.061,0.0,0.0,-0.327,-0.065,0.0,0.0,0,Horizontal Slash,0.49116691015660763,3.5918649348147995,1.1586580276489258,2.481214298912053
0.1417084,-0.07355104,-0.0001416711,-0.001066699,-0.1777084,-0.07354025,0.0001416711,-0.002132813,0,Horizontal Slash,0.4861779287457466,3.4957813648227245,1.3162295371294022,2.255047772431271
-0.008288288,-0.0735506,-0.0001423401,-0.001066667,-0.3805885,-0.07381007,-0.0009380869,-0.001408756,0,Horizontal Slash,0.4960152292624116,3.534178821419487,1.278150513768196,2.3000593976547052
-0.1588135,-0.07354952,-3.731444e-05,-0.001066667,-0.5706803,-0.07324202,-0.0003621329,-0.002064635,0,Horizontal Slash,0.5011740134796128,3.5628922284652864,1.2536898404359818,2.3339887045236685
-0.1454126,-0.07356588,0.0006085894,-0.001066665,-0.5639687,-0.07353902,-0.0005086517,-0.001063962,0,Horizontal Slash,0.5011161733418703,3.564832081245084,1.2494273483753204,2.340341420431214
-0.2916756,-0.07355054,-0.0001387971,-0.001066667,-0.7157916,-0.07355062,-0.0001440731,-0.001066667,0,Horizontal Slash,0.5031534053850919,3.57943200367617,1.247221291065216,2.34992557023238
-0.3120417,0.04557025,0.0004548607,-0.007387877,-0.6565157,-0.07355548,-0.0002704403,-0.001066836,0,Horizontal Slash,0.5028141897637397,3.5080119217259407,1.3179960697889328,2.2013048903502277
-0.4595202,-0.07354391,-9.587955e-06,-0.0007154356,-0.6810874,-0.07354943,4.911664e-06,-0.001066667,0,Horizontal Slash,0.4881051415577531,3.471252020517076,1.3901543617248535,2.116838481562404
-0.5998258,-0.07355074,0.0001107159,-0.001066667,-0.6639913,-0.073493,-0.0003576911,-0.001046855,0,Horizontal Slash,0.45097801089286804,3.302019515395383,1.5375200398266315,1.8225237771907588
-0.5462251,-0.07354944,4.849817e-06,-0.001066667,-0.7063781,-0.07337231,4.369514e-05,-0.001067105,0,Horizontal Slash,0.4761065635830164,3.4165363096166645,1.4465517364442348,2.013556277912629
-0.6081761,-0.07354943,7.604681e-06,-0.001066667,-0.7127405,-0.07302428,2.728788e-05,-0.0005337888,0,Horizontal Slash,0.46162381395697594,3.3532309523287176,1.5016559333307669,1.90363851192219
-0.6174565,-0.07356258,0.000527632,-0.001066667,-0.7190025,0.001338202,-0.002858068,0.002238888,0,Horizontal Slash,0.44727031886577606,3.2674069438599895,1.5572071634232998,1.7655399698035963
-0.7026116,-0.07354943,4.78217e-06,-0.001066667,-0.6854277,-0.003096401,2.605285e-06,-0.001067024,1,Vertical Slash,0.40208084136247635,3.0788272886232653,1.6800644546747208,1.4729392553636538
-0.5526363,-0.07354943,9.737114e-06,-0.001066667,-0.6173396,-0.0325028,8.112545e-06,-0.002266487,0,Horizontal Slash,0.44485218822956085,3.2572131200234526,1.5607912987470627,1.7555000098389641
-0.4995899,-0.07354945,4.866202e-06,-0.001066667,-0.6514207,-0.04174256,8.111652e-06,-0.006466757,0,Horizontal Slash,0.4707445576786995,3.3759048717827596,1.4722046721726656,1.9495560696470637
-0.5775123,-0.07354974,7.082403e-05,-0.001066667,-0.6366413,-0.07301218,0.0005651455,-0.0005380454,0,Horizontal Slash,0.45026078820228577,3.295707573940543,1.5398331321775913,1.814456848987962
-0.5165862,-0.07354973,7.066828e-05,-0.001066667,-0.7116793,-0.04752531,5.969682e-05,-0.01893805,0,Horizontal Slash,0.4790710713714361,3.4219410077954664,1.437381200492382,2.0249576762552053
0.291,-0.061,0.0,0.0,-0.327,-0.065,0.0,0.0,0,Horizontal Slash,0.49116691015660763,3.5918649348147995,1.1586580276489258,2.481214298912053
0.291,-0.061,0.0,0.0,-0.327,-0.065,0.0,0.0,0,Horizontal Slash,0.49116691015660763,3.5918649348147995,1.1586580276489258,2.481214298912053
0.1417084,-0.07355104,-0.0001416711,-0.001066699,-0.1777084,-0.07354025,0.0001416711,-0.002132813,0,Horizontal Slash,0.4861779287457466,3.4957813648227245,1.3162295371294022,2.255047772431271
0.2969859,-0.06523779,0.001264165,0.0009267967,-0.3267356,0.1079293,-0.001235367,-0.003752401,0,Horizontal Slash,0.49525577714666724,3.5421664945724216,1.227405995130539,2.3555632117827794
0.1541603,-0.07354717,-0.0001357012,-0.00106635,-0.1835916,-0.03099362,0.0001358372,-0.0053238,0,Horizontal Slash,0.4861419992521405,3.4843489058034893,1.3258821964263916,2.2314299548257965
0.004193312,-0.07355059,-0.0001423119,-0.001066667,-0.2354776,-0.07195836,-4.941634e-05,-0.002499525,0,Horizontal Slash,0.48301502875983715,3.456800356055815,1.3678432703018188,2.1570986424911363
0.04460459,-0.07357013,0.0006536856,-0.001066852,-0.4764026,0.09857947,-0.001448426,-0.004274573,0,Horizontal Slash,0.5006556172738783,3.5253318652968253,1.2723017185926437,2.2760293414378383
-0.1014341,-0.07355053,-0.0001385841,-0.001066667,-0.3343189,-0.04645288,0.000134831,-0.007462715,0,Horizontal Slash,0.4839366748929024,3.4418482097646197,1.387036919593811,2.110486093348509
0.1549632,-0.06718282,0.001555406,-0.00299936,-0.5692629,0.1263402,-0.001448861,-0.003487743,0,Horizontal Slash,0.5002701285702642,3.5798545880442196,1.1791039407253265,2.4067048148586823
0.01341181,-0.07355054,-0.0001343258,-0.00106667,-0.427392,-0.01951871,0.000134829,-0.003056129,0,Horizontal Slash,0.4983887077542022,3.5402844563151166,1.2634242624044418,2.3112604347371457
-0.1365483,-0.0735506,-0.0001423054,-0.001066667,-0.5759249,-0.07189642,-0.0001410344,0.000408992,0,Horizontal Slash,0.5014634266262874,3.5719659720002688,1.2377951741218567,2.357151449276389
0.05585552,-0.07038257,0.00143523,-0.00318734,-0.7218337,0.1001367,0.0006183512,-0.004193538,0,Horizontal Slash,0.5003486961650196,3.6111425904693935,1.1404505968093872,2.4647769981867858
-0.08629387,-0.0735505,-0.0001348934,-0.001066668,-0.5694649,-0.048204,0.0001445912,-0.007503232,0,Horizontal Slash,0.5014641737798229,3.574684799398914,1.2258916795253754,2.369660171274869
-0.1213176,-0.0274662,0.000387257,-0.01165929,-0.7184776,0.0772814,-0.001235353,-0.005867484,0,Horizontal Slash,0.5064198230393231,3.5646305964638625,1.2267699539661407,2.3335626559656073
-0.2693333,-0.07304754,-9.609894e-06,-0.0005357133,-0.6962332,-0.07290806,1.920421e-06,0.001168435,0,Horizontal Slash,0.5030523117166013,3.5784749041519905,1.2453474402427673,2.351024654733661
-0.311096,-0.0701921,2.381303e-05,-0.002606704,-0.5462722,-0.07354944,9.736186e-06,-0.001066667,0,Horizontal Slash,0.4903269587084651,3.474104968245229,1.3725308030843735,2.139430009470222
-0.2135129,0.09806035,0.0008435628,-0.00431725,-0.693247,0.09807634,0.0007242829,-0.004285767,0,Horizontal Slash,0.5068153361789882,3.4696800272658184,1.3315943628549576,2.1311005518405923
-0.1215944,0.05482326,0.0009543105,-0.003222064,-0.6653104,-0.03870675,0.000616308,-0.01870487,0,Horizontal Slash,0.5064945593476295,3.5630382862063206,1.222774714231491,2.336134021221863
-0.2667611,-0.07355369,-9.425872e-06,-0.0006493106,-0.5126373,-0.07390501,9.935567e-06,-0.001066673,0,Horizontal Slash,0.4911284539848566,3.4802763759377022,1.363138034939766,2.156408051530965
-0.1286083,0.09356041,0.001081211,-0.004538537,-0.7131671,0.09807995,0.0007242832,-0.004285767,0,Horizontal Slash,0.5098863923922181,3.519433566854734,1.268185243010521,2.2343169358801456
-0.2725194,-0.04077577,-0.0001365652,-0.007330733,-0.70384,-0.02830825,2.331874e-05,-0.0009171168,0,Horizontal Slash,0.5043014041148126,3.553869371072773,1.269539400935173,2.295704068169179
0.291,-0.061,0.0,0.0,-0.327,-0.065,0.0,0.0,0,Horizontal Slash,0.49116691015660763,3.5918649348147995,1.1586580276489258,2.481214298912053
0.291,-0.061,0.0,0.0,-0.327,-0.065,0.0,0.0,0,Horizontal Slash,0.49116691015660763,3.5918649348147995,1.1586580276489258,2.481214298912053
0.1417084,-0.07355104,-0.0001416711,-0.001066699,-0.1777084,-0.07354025,0.0001416711,-0.002132813,0,Horizontal Slash,0.4861779287457466,3.4957813648227245,1.3162295371294022,2.255047772431271
-0.008288288,-0.0735506,-0.0001423401,-0.001066667,-0.2247244,-0.06526645,-0.0002191985,0.0009182218,0,Horizontal Slash,0.4797824863344431,3.4375985848878288,1.3873350396752357,2.1205708186063665
-0.1582883,-0.0735506,-0.0001423433,-0.001066667,-0.4078111,-0.06366538,-0.0008395539,-0.002724864,0,Horizontal Slash,0.48908349871635437,3.469819577947236,1.3644027262926102,2.1524278844610305
-0.3082883,-0.0735506,-0.0001423433,-0.001066667,-0.5382448,-0.07058921,-0.0005856685,0.004973239,0,Horizontal Slash,0.4895954290404916,3.4705934265011344,1.3761538043618202,2.1332585081509916
-0.4588133,-0.07354953,-3.731444e-05,-0.001066667,-0.5950016,-0.07304537,0.0001907887,-0.0005354785,0,Horizontal Slash,0.47269950062036514,3.3903379747394307,1.4596042223274708,1.9783779901043106
-0.5132363,-0.07355204,0.0002164418,-0.001066667,-0.6372031,-0.0580823,-0.0006339367,-0.00906528,0,Horizontal Slash,0.4660378322005272,3.3589934919730524,1.4875517161563039,1.9212188080978057
-0.5522498,-0.07354973,7.032447e-05,-0.001066667,-0.6438295,-0.07356744,0.0005589334,-0.001067053,0,Horizontal Slash,0.4600876085460186,3.3386818224133434,1.5071200565434992,1.8851203331142838
-0.2989803,-0.07159187,0.001166987,0.001056995,-0.7150449,-0.07342818,0.0001226076,-0.0003260545,0,Horizontal Slash,0.5030505352187902,3.5757886120514275,1.2531117647886276,2.340812971593212
-0.4424644,-0.07355065,-0.0001361601,-0.001066677,-0.7144348,-0.073015,5.789981e-07,-0.0005332828,0,Horizontal Slash,0.4945420026779175,3.508734720290545,1.3515048176050186,2.1870987152460124
-0.5119129,-0.07354974,7.115703e-05,-0.001066667,-0.6394636,-0.04741384,-0.0001180606,-0.01893329,0,Horizontal Slash,0.46436841413378716,3.3480810125559115,1.4948096796870232,1.9034977674996199
-0.3864382,-0.06090228,0.0002367291,-0.001430282,-0.5789733,-0.06793074,0.0001100838,-0.006597125,0,Horizontal Slash,0.4832325130701065,3.43237739515289,1.4159175679087639,2.056929013566877
-0.5310658,-0.07355326,-0.0008377619,-0.001062831,-0.6768885,-0.07111702,0.003682728,-0.0002188835,0,Horizontal Slash,0.47328087501227856,3.3989977943813927,1.4588548131287098,1.98550565468015
-0.5693675,-0.07354975,7.281364e-05,-0.001066667,-0.706246,0.0580297,-9.009957e-05,-0.01461889,0,Horizontal Slash,0.44671108946204185,3.2432488647561697,1.5646054074168205,1.731308763456451
-0.718955,-0.07354943,-9.711935e-06,-0.001066667,-0.6068081,-0.06343658,8.127588e-06,-0.002254721,1,Vertical Slash,0.3783526197075844,2.997675407475965,1.7313567399978638,1.3511604304667881
0.291,-0.061,0.0,0.0,-0.327,-0.065,0.0,0.0,0,Horizontal Slash,0.49116691015660763,3.5918649348147995,1.1586580276489258,2.481214298912053
0.291,-0.061,0.0,0.0,-0.327,-0.065,0.0,0.0,0,Horizontal Slash,0.49116691015660763,3.5918649348147995,1.1586580276489258,2.481214298912053
0.1417084,-0.07355104,-0.0001416711,-0.001066699,-0.1777084,-0.07354025,0.0001416711,-0.002132813,0,Horizontal Slash,0.4861779287457466,3.4957813648227245,1.3162295371294022,2.255047772431271
0.1952101,-0.07357477,0.0007952481,-0.001066747,-0.1839041,-0.07261544,-0.0005772926,0.0009812573,0,Horizontal Slash,0.4884369308128953,3.520952707801624,1.2803939133882523,2.3144414506220827
0.04987592,-0.07355052,-0.0001379156,-0.001066667,-0.3360685,-0.07355063,-0.0001443972,-0.001066667,0,Horizontal Slash,0.49483129382133484,3.5355897298352,1.271185502409935,2.3137243164762813
-0.1001021,-0.0735506,-0.0001423224,-0.001066667,-0.4860787,-0.0735506,-0.000142353,-0.001066667,0,Horizontal Slash,0.4991148728877306,3.547327154608912,1.26893649995327,2.3108265683448685
-0.250102,-0.0735506,-0.0001423431,-0.001066667,-0.5616807,-0.07354467,-7.183287e-05,-0.001064909,0,Horizontal Slash,0.49745997320860624,3.5212309899303342,1.31706140935421,2.235430204835123
-0.400102,-0.07355059,-0.0001423433,-0.001066667,-0.6884621,-0.07242545,0.0003955662,-0.0001116774,0,Horizontal Slash,0.4963221757207066,3.516841556898544,1.3380316197872162,2.2073411946322445
-0.5501019,-0.07355059,-0.0001423433,-0.001066667,-0.6733517,-0.07387335,0.0003248655,-0.002754604,0,Horizontal Slash,0.46790748834609985,3.3760722530177167,1.4789719264954329,1.9460160185554405
-0.3189345,-0.07204177,0.001086653,0.00490312,-0.6595301,-0.07369339,0.0003956177,-0.002746178,0,Horizontal Slash,0.4998708199709654,3.540234319186704,1.3021113127470016,2.26336636935708
-0.4628186,-0.07354787,-0.0001365395,-0.001066419,-0.7189747,-0.07367472,3.464619e-05,-0.002146514,0,Horizontal Slash,0.4925884697586298,3.4984858907342273,1.3642756193876266,2.165812531585308
-0.3915321,-0.06520716,0.0007804071,-0.002882989,-0.6880554,-0.07261558,0.000395275,0.0009810431,0,Horizontal Slash,0.497317852685228,3.519448500322487,1.3327218741178513,2.2134763687697303
-0.3753054,-0.07375179,0.0006067219,-0.00228754,-0.6929891,-0.07363361,-0.000576095,-0.002743082,0,Horizontal Slash,0.4987471221247688,3.5338212374275355,1.3164031654596329,2.243439973902727
-0.291542,-0.04389,0.0009210493,-0.01260883,-0.7027567,-0.07369489,-0.0005806822,-0.002746133,0,Horizontal Slash,0.5038127668667585,3.567389964248321,1.2576918601989746,2.3242999736348513
-0.4361695,-0.07390783,-0.0001373215,-0.001247013,-0.6949081,-0.07367481,3.695141e-05,-0.002146515,0,Horizontal Slash,0.4930934770964086,3.49910286765665,1.3607271909713745,2.1699227930341953
-0.2731598,-0.06505154,0.001220796,-0.001039129,-0.6991263,-0.07261559,0.0003952778,0.0009810431,0,Horizontal Slash,0.503299206495285,3.576089481635282,1.2476419806480408,2.345311830897332
-0.1952171,-0.07355034,5.945963e-05,-0.001066723,-0.5471991,-0.07354943,9.863837e-06,-0.001066667,0,Horizontal Slash,0.49933233176125214,3.5387356824996132,1.2901164144277573,2.2781273766237105
-0.3442129,-0.07355058,-0.0001413903,-0.001066667,-0.6964416,-0.07355057,-0.0001416245,-0.001066667,0,Horizontal Slash,0.5008763099904172,3.5504617784357193,1.292667031288147,2.280854162296708
-0.494208,-0.0735506,-0.0001423387,-0.001066667,-0.676015,-0.07381935,0.0003242314,-0.002752085,0,Horizontal Slash,0.48117578215897083,3.436817105753229,1.4244166240096092,2.053127392722681
0.291,-0.061,0.0,0.0,-0.327,-0.065,0.0,0.0,0,Horizontal Slash,0.49116691015660763,3.5918649348147995,1.1586580276489258,2.481214298912053
0.291,-0.061,0.0,0.0,-0.327,-0.065,0.0,0.0,0,Horizontal Slash,0.49116691015660763,3.5918649348147995,1.1586580276489258,2.481214298912053
0.1417084,-0.07355104,-0.0001416711,-0.001066699,-0.7225794,0.06939993,0.0001888948,-0.01440001,0,Horizontal Slash,0.4952511009760201,3.6376011375112225,1.0902839601039886,2.543058236148846
-0.008288288,-0.0735506,-0.0001423401,-0.001066667,-0.5723478,-0.07167662,0.0001425631,0.004799999,0,Horizontal Slash,0.4992474401369691,3.6044003404390454,1.170648068189621,2.452787249302762
-0.1582883,-0.0735506,-0.0001423433,-0.001066667,-0.6001378,0.1779233,0.0001885581,-0.009600007,0,Horizontal Slash,0.4976894126739353,3.452692762969504,1.3644148707389832,2.1062373111125314
-0.3089511,-0.07354943,-9.781756e-06,-0.001066667,-0.6604429,0.008981015,8.082376e-06,-0.0003999958,0,Horizontal Slash,0.49837341718375683,3.5038815773376606,1.3362779766321182,2.1900474431466512
-0.4582916,-0.07355058,-0.0001417172,-0.001066667,-0.6303986,0.03778105,0.0001180401,-0.0188,0,Horizontal Slash,0.46341541036963463,3.3156536427172263,1.5078948102891445,1.8540905532851177
-0.6082885,-0.0735506,-0.0001423403,-0.001066667,-0.6983763,0.03350332,-0.0004576198,-0.009677515,1,Horizontal Slash,0.4359901249408722,3.2056370712397135,1.5936985090374947,1.6708262880042917
-0.7055213,-0.07354944,4.890878e-06,-0.001066667,-0.550759,-0.07319065,9.587056e-06,-0.0005618945,1,Vertical Slash,0.36359138786792755,2.938360726861434,1.7625406086444855,1.2644112843080764
-0.7193393,-0.07354945,2.434287e-06,-0.001066667,-0.4628401,-0.028148,1.297919e-05,0.002680949,1,Vertical Slash,0.301409050822258,2.681011364210361,1.884278565645218,0.8875215954883087
-0.5693758,-0.07354943,9.736354e-06,-0.001066667,-0.06290496,-0.07304051,2.596571e-05,0.01305953,1,Walk Forward,0.18998557329177856,2.2978765366269247,2.0,0.341775488526666
-0.2168266,-0.07363537,0.005999932,-0.001066667,-0.3127722,0.07619937,-5.706031e-07,-0.002129763,0,Horizontal Slash,0.4373227655887604,3.1910496830907307,1.5765689238905907,1.6838025703242503
-0.3104458,0.02236461,0.0003963175,-0.009866671,-0.4600728,-0.0547232,-0.0005404424,-0.02053512,0,Horizontal Slash,0.47247675247490406,3.339695729972377,1.4721083361655474,1.912098976791654
-0.3898638,-0.06924266,0.0002666464,-0.009466667,-0.7162319,-0.07144907,0.002587637,0.00164087,0,Horizontal Slash,0.4998121069074841,3.539452395325008,1.310126468539238,2.252848760787895
-0.5378286,-0.07302567,-0.0001404119,-0.0005342448,-0.4545354,0.006331757,0.0002483382,-0.01675913,1,Vertical Slash,0.3783302381634712,2.9638519339525287,1.7299479991197586,1.3139517996179613
-0.6789011,0.1098948,-0.001756131,0.001065751,-0.4533483,-0.03190944,1.092203e-05,-0.004420434,1,Vertical Slash,0.3074149936437607,2.636405330098567,1.8703826367855072,0.8354399329580134
-0.5377277,-0.06032187,9.165664e-06,-0.01053356,-0.7031158,-0.07349285,-1.622239e-05,-0.001986862,0,Horizontal Slash,0.47818081825971603,3.419831994872327,1.4405225925147533,2.0202619198809613
-0.6433229,-0.0730342,4.866294e-06,-0.000534725,-0.7083682,-0.06530786,-3.08212e-05,-0.006744881,0,Horizontal Slash,0.44715529307723045,3.2881271771808764,1.5504242964088917,1.7970197081239112
-0.5907774,-0.07301612,4.866991e-06,-0.0005333334,-0.659943,-0.07337078,-5.921228e-05,-0.00106541,0,Horizontal Slash,0.4526280574500561,3.3082304101726514,1.5322798863053322,1.8331263520419876
-0.4414614,-0.07301632,0.0001416941,-0.0005333334,-0.6304803,-0.06054065,0.000118199,-0.01946541,0,Horizontal Slash,0.4804845545440912,3.424985094548184,1.4286015778779984,2.0380543742881043
-0.5900479,-0.07301633,-0.0001410019,-0.0005333334,-0.6488473,-0.06494635,-0.000370601,-0.00164697,0,Horizontal Slash,0.448012363165617,3.2845781730306083,1.5479340516030788,1.7957131701356452
-0.4322446,-0.07293069,9.57105e-05,-0.0005248713,-0.6582469,-0.05008489,7.201555e-05,8.622929e-06,0,Horizontal Slash,0.48707452695816755,3.4564199973552054,1.3992964401841164,2.0926295982395273
-0.5810599,-0.07301625,-0.0001412191,-0.0005333313,-0.6530157,-0.07122079,0.0004743992,0.001112156,0,Horizontal Slash,0.45361224189400673,3.31085911011427,1.5293689090758562,1.8380486851683486
-0.5388464,-0.07301614,7.116895e-05,-0.0005333333,-0.6336326,0.006637896,0.0005791399,-0.00974909,0,Horizontal Slash,0.44585810601711273,3.249383126032774,1.5617976635694504,1.7438900110816289
-0.6877838,-0.07301631,-0.000141335,-0.0005333333,-0.6307506,-0.05918155,2.734912e-06,0.003018636,1,Vertical Slash,0.40244918316602707,3.094027466823128,1.6746842414140701,1.4966145129845925
-0.709158,-0.07301611,3.52509e-05,-0.0005333333,-0.5511569,-0.02988813,0.0003666746,-0.01173813,1,Vertical Slash,0.3471033424139023,2.8590675709089277,1.7989351451396942,1.148211724678575
-0.5590304,-0.0730161,9.747005e-06,-0.0005333333,-0.2994308,-0.07357212,1.634493e-05,-0.0007081834,1,Vertical Slash,0.3204837590456009,2.765287312767608,1.8402431011199951,1.0204423789839014
0.291,-0.061,0.0,0.0,-0.327,-0.065,0.0,0.0,0,Horizontal Slash,0.49116691015660763,3.5918649348147995,1.1586580276489258,2.481214298912053
0.291,-0.061,0.0,0.0,-0.327,-0.065,0.0,0.0,0,Horizontal Slash,0.49116691015660763,3.5918649348147995,1.1586580276489258,2.481214298912053
0.1417084,-0.07355104,-0.0001416711,-0.001066699,-0.1777084,-0.07354025,0.0001416711,-0.002132813,0,Horizontal Slash,0.4861779287457466,3.4957813648227245,1.3162295371294022,2.255047772431271
-0.008110364,-0.07355123,-0.0001779251,-0.001066667,-0.3503454,-0.07357286,-0.001388596,-0.001064614,0,Horizontal Slash,0.49417712166905403,3.519840983688138,1.2968787997961044,2.2717106200143276
-0.1582874,-0.07355059,-0.0001425113,-0.001066667,-0.5319864,-0.07376559,-0.001118104,-0.0008670553,0,Horizontal Slash,0.49977808973926585,3.546577859672056,1.2760957926511765,2.29985229526806
-0.1291507,-0.06949204,0.0006832578,0.002813351,-0.6467698,-0.07352331,-0.001054659,-0.002129674,0,Horizontal Slash,0.5019191661849618,3.598178608364645,1.1958267092704773,2.417832448563577
-0.2750422,-0.07355081,-0.0001384444,-0.001066684,-0.5027266,-0.07354973,0.0001366906,-0.002133333,0,Horizontal Slash,0.4888152973726392,3.466934375801271,1.3770994022488594,2.1312874308477103
-0.1685259,0.03632045,0.0008312807,-0.007932831,-0.7031259,-0.07359258,-0.001262208,-0.001066837,0,Horizontal Slash,0.5058257691562176,3.583494562292329,1.203421711921692,2.3774957945743167
-0.3136807,-0.06754366,-0.0001377454,0.0004167933,-0.5601155,-0.07355049,0.0001357104,-0.001066667,0,Horizontal Slash,0.49162279441952705,3.480647442182672,1.3659021109342575,2.1508255561404814
-0.1077059,-0.06534927,0.001396528,-0.002903733,-0.7094609,-0.07351081,0.0006311029,-0.002129668,0,Horizontal Slash,0.5006739683449268,3.6223105773065867,1.1517060101032257,2.479340733876263
-0.2500478,-0.0735506,-0.0001350762,-0.001066674,-0.5570285,-0.07354977,0.0001446514,-0.002133333,0,Horizontal Slash,0.49706401699222624,3.5183152420548747,1.3204219341278076,2.2297957934078427
-0.4000117,-0.0735506,-0.0001423089,-0.001066667,-0.7056004,-0.07354977,-0.000140988,-0.002133333,0,Horizontal Slash,0.4978010563645512,3.528014342107037,1.325896605849266,2.2289436026649634
-0.5500115,-0.0735506,-0.0001423431,-0.001066667,-0.644796,-0.07332075,0.000556106,-0.002083075,0,Horizontal Slash,0.4608546830713749,3.3419808314188817,1.504482048097998,1.890633872398183
-0.2263827,-0.04458187,9.959171e-05,-0.0001426021,-0.699348,-0.07354943,-4.958014e-06,-0.002133333,0,Horizontal Slash,0.5040484233759344,3.584953126727392,1.2243238389492035,2.372265616670699
-0.3751787,-0.07294531,-0.0001412007,-0.0005238859,-0.6155926,-0.07353973,7.948017e-05,-0.001064818,0,Horizontal Slash,0.49106735456734896,3.4818216855631934,1.3714395761489868,2.1453668353228488
-0.4853969,-0.07301617,7.116892e-05,-0.000533331,-0.6902007,-0.07391462,0.0005555855,-0.000867068,0,Horizontal Slash,0.4852842092514038,3.4578711418697705,1.404985211789608,2.0904972956605663
-0.5651053,-0.0730161,7.06675e-05,-0.0005333333,-0.6297842,-0.07350631,0.0006160567,-0.0008547086,0,Horizontal Slash,0.4522387236356735,3.3033515198615726,1.533412579447031,1.8276412518855494
-0.2935396,-0.07354985,7.262541e-05,-0.001066674,-0.6947867,-0.07354945,-4.967742e-06,-0.001066667,0,Horizontal Slash,0.5025874406564981,3.569759423402948,1.260960578918457,2.3284770377749107
-0.1904111,-0.07198379,0.001019994,0.004906827,-0.6829813,-0.07351192,0.0005247011,-0.002129668,0,Horizontal Slash,0.5027778882067651,3.5951078847995404,1.209584265947342,2.4007813308189387
-0.3346269,-0.07354788,-0.0001368543,-0.001066419,-0.5310785,-0.07354975,0.0001441489,-0.002133333,0,Horizontal Slash,0.48459348548203707,3.444609941624694,1.403101570904255,2.0843742930015
-0.2177335,-0.07390521,5.221225e-05,-0.001094949,-0.4971876,-0.07354943,-4.891172e-06,-0.002133333,0,Horizontal Slash,0.4941195207647979,3.4995301801759315,1.3385460525751114,2.1987356316960063
-0.3667653,-0.0735506,-0.0001414245,-0.001066667,-0.6465035,-0.07354977,-0.0001416942,-0.002133333,0,Horizontal Slash,0.49546920508146286,3.5092938826904745,1.3425458669662476,2.197151326526194
0.291,-0.061,0.0,0.0,-0.327,-0.065,0.0,0.0,0,Horizontal Slash,0.49116691015660763,3.5918649348147995,1.1586580276489258,2.481214298912053
0.291,-0.061,0.0,0.0,-0.327,-0.065,0.0,0.0,0,Horizontal Slash,0.49116691015660763,3.5918649348147995,1.1586580276489258,2.481214298912053
0.1410487,-0.07354944,-9.735565e-06,-0.001066667,-0.1770487,-0.0735492,9.735565e-06,-0.002133325,0,Horizontal Slash,0.48607872426509857,3.4951372127340616,1.3170663714408875,2.253713450702844
0.08119223,0.006835092,0.0002705652,-0.009666419,-0.2670884,-0.07357897,-0.0009611893,-0.00106657,0,Horizontal Slash,0.49352802941575646,3.494300587439546,1.306667149066925,2.238057418451973
-0.06728037,-0.07335038,-9.647758e-06,-0.001045377,-0.2718928,-0.07354943,-3.11924e-07,-0.001066667,0,Horizontal Slash,0.48062762804329395,3.4370950601882897,1.3916583359241486,2.1101784358247664
-0.1458803,-0.07354974,7.085831e-05,-0.001066667,-0.4379671,-0.0144773,-0.0009835451,-0.01248713,0,Horizontal Slash,0.49092453997582197,3.4664748556775566,1.3632226586341858,2.1446378573922775
-0.2948193,-0.07355058,-0.0001413364,-0.001066667,-0.6702441,-0.06342391,-0.001052292,-0.002079315,0,Horizontal Slash,0.5015590988332406,3.553348993556961,1.2821285277605057,2.293043944747218
-0.4448143,-0.0735506,-0.0001423385,-0.001066667,-0.6754099,-0.07301649,-4.969311e-06,-0.0005333597,0,Horizontal Slash,0.48952332604676485,3.4778645038621203,1.3823415711522102,2.1302338489503665
-0.595477,-0.07354945,-9.781756e-06,-0.001066667,-0.6816383,-0.07227199,5.100159e-05,-0.001566809,0,Horizontal Slash,0.457014050334692,3.3292454507448723,1.517802780494094,1.8661556951152747
-0.5988074,-0.07354973,7.085862e-05,-0.001066667,-0.6864936,-0.07147546,5.908982e-05,-0.01996681,0,Horizontal Slash,0.45516983047127724,3.3212769593737934,1.5237757991999388,1.853447899224568
-0.5802996,-0.07354943,4.856284e-06,-0.001066667,-0.6617985,-0.05921387,7.601969e-05,0.006182674,0,Horizontal Slash,0.4548103027045727,3.313210206721166,1.5268296226859093,1.8414984566594639
-0.4368868,-0.06678678,0.0006940669,-0.001125789,-0.6087194,-0.07280506,0.0005377808,-0.0004902689,0,Horizontal Slash,0.4800844341516495,3.4228091384937374,1.4298670515418053,2.035179845592446
-0.543381,-0.07354961,6.91967e-05,-0.001066661,-0.5899855,0.03838538,0.0008833184,-0.007811793,1,Vertical Slash,0.42318541556596756,3.1407142425090173,1.6278460770845413,1.5770407706724772
-0.393084,-0.07354944,9.758018e-06,-0.001066667,-0.5088035,-0.06071331,5.270729e-06,-0.0005133586,0,Horizontal Slash,0.46693412214517593,3.355983859866938,1.4804873075336218,1.9285459210729
-0.3967207,-0.07354973,7.081249e-05,-0.001066667,-0.6544221,0.06136601,-0.0001889072,-0.01491336,0,Horizontal Slash,0.48058109916746616,3.3899548306427985,1.445262536406517,1.9792230652136524
-0.5463182,-0.07354945,-9.712583e-06,-0.001066667,-0.674714,-0.05458254,7.843832e-05,-0.02080509,0,Horizontal Slash,0.4646102488040924,3.3549375574499565,1.4932575817219913,1.911681307828351
-0.5176772,-0.07354944,4.869358e-06,-0.001066667,-0.6849599,-0.07355069,3.852565e-05,-0.00213338,0,Horizontal Slash,0.47806483320891857,3.423152678472128,1.4382733292877674,2.027487237164428
-0.6669446,-0.07355059,-0.0001416481,-0.001066667,-0.6937573,0.001987673,-5.898413e-05,-0.004133309,1,Vertical Slash,0.41906851530075073,3.146495532831536,1.6372851878404617,1.576926609300055
0.291,-0.061,0.0,0.0,-0.327,-0.065,0.0,0.0,0,Horizontal Slash,0.49116691015660763,3.5918649348147995,1.1586580276489258,2.481214298912053
0.291,-0.061,0.0,0.0,-0.327,-0.065,0.0,0.0,0,Horizontal Slash,0.49116691015660763,3.5918649348147995,1.1586580276489258,2.481214298912053
0.1417084,-0.07355104,-0.0001416711,-0.001066699,-0.1777084,-0.07354025,0.0001416711,-0.002132813,0,Horizontal Slash,0.4861779287457466,3.4957813648227245,1.3162295371294022,2.255047772431271
-0.008288288,-0.0735506,-0.0001423401,-0.001066667,-0.420619,-0.02536739,-0.0008682276,-0.01202221,0,Horizontal Slash,0.49763560597784817,3.530497604584887,1.2791742533445358,2.28816917401345
-0.1582883,-0.0735506,-0.0001423433,-0.001066667,-0.4942392,-0.07294409,-6.986233e-05,-0.0002488877,0,Horizontal Slash,0.49771241936832666,3.527676841054478,1.3001847118139267,2.261686190388025
-0.1290985,-0.07357025,0.0006832471,-0.001066794,-0.5196112,0.03835625,-0.0006617935,-0.007808282,0,Horizontal Slash,0.49824070709291846,3.498767660459639,1.3233754634857178,2.2024699817152453
-0.1957568,-0.0729387,0.0002266108,-0.0005209384,-0.5479288,-0.06928064,-0.0006645886,-0.001634418,0,Horizontal Slash,0.49927400331944227,3.5365759004674513,1.2925166338682175,2.2734040471695085
-0.2071408,-0.07353432,0.0004899496,-0.001006976,-0.5762603,0.03793547,-0.0006646019,-0.007828319,0,Horizontal Slash,0.4976949878036976,3.490865796229562,1.3387157171964645,2.1770298129101002
-0.3539942,-0.07355054,-0.0001393573,-0.001066667,-0.7205844,-0.06651257,7.240478e-05,0.000442921,0,Horizontal Slash,0.501569164916873,3.555460745062745,1.2871265262365341,2.289547453504323
-0.2977298,0.2081217,0.0008079347,0.002173969,-0.7124323,0.03895302,0.0003305607,-0.007784759,0,Horizontal Slash,0.5047430661506951,3.427271647209423,1.3692189157009125,2.049478992066435
-0.4430009,-0.03460595,-0.0001378557,0.008513016,-0.5614957,-0.06599691,0.0001432321,0.0004538108,0,Horizontal Slash,0.46645597368478775,3.341500292088204,1.4897440997883677,1.9002665442662023
-0.5929786,-0.07180192,-0.0001423221,-0.0002717461,-0.7100743,-0.07355093,-0.0001409947,-0.001066692,0,Horizontal Slash,0.46517305448651314,3.3676958883827934,1.489202099852264,1.928468538558179
-0.6311059,-0.07354967,7.117157e-05,-0.001066662,-0.7147813,0.0002087787,-0.0001987077,-0.01095609,0,Horizontal Slash,0.43975354731082916,3.2348864914697564,1.5796518251299858,1.7143809989642562
-0.2881297,0.01000133,0.001032747,-0.009480169,-0.5664786,-0.07250505,0.0001407327,0.0007695107,0,Horizontal Slash,0.496555351652205,3.476869204621055,1.3542171865701675,2.1469899955968463
-0.1938844,-0.06402658,0.0009615871,-0.01357905,-0.6451088,0.04893245,-0.0008743022,-0.007225583,0,Horizontal Slash,0.5032202645670623,3.529794186758997,1.289810299873352,2.253115222538525
-0.202929,-0.0735495,3.276278e-05,-0.001066667,-0.4995309,-0.07282924,9.451832e-06,-0.0005242007,0,Horizontal Slash,0.4955174056813121,3.5088825569399633,1.3266465216875076,2.218483902245028
-0.3520576,-0.07355059,-0.0001415164,-0.001066667,-0.6487755,-0.07301623,-0.0001416264,-0.0005333312,0,Horizontal Slash,0.4970433197449893,3.519293501226153,1.3300304561853409,2.217993298037965
-0.358466,-0.06406769,0.0005192182,-0.0009797023,-0.6745046,0.02049665,-0.000662132,-0.008862727,0,Horizontal Slash,0.49392771953716874,3.4693019624207575,1.373895213007927,2.1205949274963127
-0.2887125,-0.06094142,0.0008580936,-0.0136098,-0.702824,0.1868357,-0.0006645903,0.0009019707,0,Horizontal Slash,0.49580155266448855,3.43259844792634,1.390223890542984,2.056889315821878
-0.4333633,-0.07396527,-0.0001376188,-0.003212653,-0.5568396,-0.01829901,0.0001385326,0.006749014,0,Horizontal Slash,0.46315013244748116,3.327881109937459,1.5012795204529539,1.8773382877265714
0.291,-0.061,0.0,0.0,-0.327,-0.065,0.0,0.0,0,Horizontal Slash,0.49116691015660763,3.5918649348147995,1.1586580276489258,2.481214298912053
0.291,-0.061,0.0,0.0,-0.327,-0.065,0.0,0.0,0,Horizontal Slash,0.49116691015660763,3.5918649348147995,1.1586580276489258,2.481214298912053
0.1417084,-0.07355104,-0.0001416711,-0.001066699,0.0711111,0.06939992,0.0003777895,-0.01440001,1,Horizontal Slash,0.41213444620370865,3.152076635524008,1.596230573952198,1.67790328880121
-0.008635599,-0.07354974,-7.287812e-05,-0.001066667,0.2226328,-0.06207659,7.344904e-05,-1.117587e-09,1,Vertical Slash,0.31772953271865845,2.8318771903204363,1.7985546290874481,1.1815344940085293
0.1409242,-0.07354945,1.517486e-05,-0.001066667,0.4522425,-0.05464341,0.0003410103,-0.0008335466,1,Vertical Slash,0.2564157247543335,2.666094608833339,1.8894179165363312,0.964246475867543
0.006955103,-0.07298639,-7.828837e-05,-0.0005301827,0.3039955,-0.07355048,-9.624901e-06,-0.002133373,1,Vertical Slash,0.28334295749664307,2.7232785551170897,1.8576977252960205,1.0250774184061837
0.05764436,-0.0730161,-4.85508e-06,-0.0005333333,0.2430323,-0.03114814,1.298231e-05,-0.001333311,1,Vertical Slash,0.32756848633289337,2.87067895066093,1.7747866809368134,1.247937773434511
0.2075714,-0.0730161,9.733989e-06,-0.0005333333,0.6429673,-0.02328374,2.596571e-05,0.005466658,1,Vertical Slash,0.16802605986595154,2.392544891372461,2.0,0.5796783630734534
0.3575714,-0.07301611,9.738724e-06,-0.0005333333,0.6130097,-0.05601538,-8.117181e-06,0.01126667,1,Vertical Slash,0.2595255821943283,2.7486376431506097,1.853465884923935,1.1311636029901628
0.5075713,-0.0730161,9.738724e-06,-0.0005333333,0.6914123,0.1637041,-2.52459e-05,-0.01207836,1,Vertical Slash,0.21738752722740173,2.5889194773793403,1.92335906624794,0.9089240167679195
0.6575712,-0.0730161,9.738724e-06,-0.0005333333,0.6002144,-0.03635906,-0.0001078364,0.0008659307,0,Horizontal Slash,0.3582705110311508,3.1547334995644882,1.6043527349829674,1.8155291094233417
0.6988685,-0.07301604,-3.540626e-05,-0.0005333333,0.2371925,0.003964974,-0.001670606,-0.009520052,0,Horizontal Slash,0.4581848420202732,3.4810765102036485,1.3056421875953674,2.3566313526408478
0.5487401,-0.0730161,-9.747049e-06,-0.0005333333,0.07903714,-0.07335024,-1.027771e-05,-0.001045235,0,Horizontal Slash,0.4728408958762884,3.5277864779870107,1.250756561756134,2.415057819617716
0.3994,-0.07301631,-0.0001417171,-0.0005333333,0.07899983,-0.07337167,-4.853512e-08,-0.001066667,0,Horizontal Slash,0.4697400089353323,3.472286549369355,1.3317088037729263,2.2719698725046626
0.2494032,-0.07301631,-0.0001423403,-0.0005333333,-0.3191115,0.03542824,-0.0003777897,-0.01546667,0,Horizontal Slash,0.4944914118386805,3.550426762028574,1.2249661684036255,2.3715130447973456
0.09940318,-0.07301631,-0.0001423433,-0.0005333333,-0.1716998,-0.05898295,0.000139887,-0.0002666669,0,Horizontal Slash,0.4823447410017252,3.4635281875655735,1.3543966561555862,2.1858779159605364
0.1874812,-0.04235608,0.0009047638,-0.01253269,-0.4305224,0.08893095,-0.001676966,-0.004997509,0,Horizontal Slash,0.4993844634736888,3.550101596301259,1.2201004922389984,2.3518492255832038
0.04276116,-0.07355469,-0.0001373984,-0.001245823,-0.5881593,-0.06175395,-0.0001495903,-0.009501247,0,Horizontal Slash,0.49765490577556193,3.6158762188668736,1.1445252597332,2.4877701380690684
-0.1072142,-0.07355059,-0.0001423199,-0.001066667,-0.4398994,-0.07354923,0.0001409646,-0.001066556,0,Horizontal Slash,0.4963547261431813,3.522267929671608,1.3021565824747086,2.2592924819033153
-0.2572142,-0.07355059,-0.0001423431,-0.001066667,-0.5338384,-0.07313517,-8.914391e-05,-0.003521639,0,Horizontal Slash,0.4943335964344442,3.4996516374865445,1.3419110029935837,2.19334483709063
-0.2033004,-0.06275302,0.0007769081,-0.0009030031,-0.7024297,-0.03966687,0.0007830791,-0.01237414,0,Horizontal Slash,0.5039036564994603,3.583669316634406,1.2241296470165253,2.3708891160882106
-0.3485814,-0.07355224,-0.0001380022,-0.001066818,-0.6987065,-0.07336584,3.697988e-06,-0.001060837,0,Horizontal Slash,0.5007776937563904,3.549601535791732,1.2942594289779663,2.2785032412399806
-0.4985599,-0.0735506,-0.0001423228,-0.001066667,-0.6363164,-0.05532647,0.0004576948,-0.01330715,0,Horizontal Slash,0.4688434898853302,3.370247896307024,1.4774504210799932,1.9409106919323802
-0.6040096,-0.07354974,7.117158e-05,-0.001066667,-0.7210759,-0.07235165,-0.0004772314,-0.0132277,0,Horizontal Slash,0.46352751180529594,3.3620900331164205,1.4946955577470362,1.9185578186283418
-0.631279,-0.07354974,7.066748e-05,-0.001066667,-0.7007018,-0.0732556,-0.0001445203,0.0002658596,0,Horizontal Slash,0.4513631500303745,3.308065018506282,1.5362160988152027,1.829442045524404
0.291,-0.061,0.0,0.0,-0.327,-0.065,0.0,0.0,0,Horizontal Slash,0.49116691015660763,3.5918649348147995,1.1586580276489258,2.481214298912053
0.291,-0.061,0.0,0.0,-0.327,-0.065,0.0,0.0,0,Horizontal Slash,0.49116691015660763,3.5918649348147995,1.1586580276489258,2.481214298912053
0.1417084,-0.07355104,-0.0001416711,-0.001066699,-0.1777084,-0.07354025,0.0001416711,-0.002132813,0,Horizontal Slash,0.4861779287457466,3.4957813648227245,1.3162295371294022,2.255047772431271
0.1668471,-0.07342964,0.0006645697,0.0001722684,-0.1067034,-0.009638415,-0.0002216019,-0.01059498,0,Horizontal Slash,0.47574128955602646,3.4293470949401517,1.3832419142127037,2.133938472474235
0.0208626,-0.07355054,-0.0001385327,-0.001066667,-0.2570978,-0.07336883,-0.0001427175,-0.002068907,0,Horizontal Slash,0.4872833816334605,3.4815618010922478,1.340330258011818,2.2048460415562463
0.09591952,0.1199035,0.0008849567,-0.003015336,-0.2441113,-0.009722319,-0.0004344405,-0.01059698,0,Horizontal Slash,0.4911524811759591,3.4173980502887655,1.3674917966127396,2.093565631743366
-0.04875342,-0.02173305,-0.000137492,-0.003292333,-0.3955649,-0.07336473,-0.0001437226,-0.002068844,0,Horizontal Slash,0.4970167502760887,3.509939392367115,1.3025294691324234,2.2444572754317047
-0.09149256,-0.07358767,0.0003517568,-0.001070803,-0.3259801,-0.009692225,-0.0002229496,-0.01059698,0,Horizontal Slash,0.4809071868658066,3.4169730784384105,1.4071008190512657,2.06634884840938
-0.2390337,-0.07355055,-0.0001400099,-0.001066667,-0.5553728,-0.0524986,-0.0005066658,-0.01271088,0,Horizontal Slash,0.49666890129446983,3.5096122604779016,1.3276944905519485,2.213399969335959
-0.3890221,-0.0735506,-0.0001423322,-0.001066667,-0.5488439,-0.01207652,-0.0002827867,-0.01058176,0,Horizontal Slash,0.4697321504354477,3.3553554838868416,1.4770355131477118,1.9260422011486298
-0.1590815,-0.07356376,0.00117365,-0.000333427,-0.6085256,-0.05300688,-0.0004341098,-0.01270707,0,Horizontal Slash,0.502108090557158,3.568665020239521,1.2439600229263306,2.34507804488492
-0.1619826,-0.07275625,0.000512228,-0.0004200948,-0.540386,-0.0003401592,-0.0002243209,-0.009638403,0,Horizontal Slash,0.49888763576745987,3.5129845090141605,1.3125448375940323,2.2273886494834936
-0.3087252,-0.07301556,-0.0001392521,-0.0005333057,-0.6907939,-0.07039,-0.0001427304,-0.0005952001,0,Horizontal Slash,0.5020376422908157,3.5607282332290557,1.2747208327054977,2.306877719425175
-0.4587098,-0.07301631,-0.0001423287,-0.0005333333,-0.7132849,0.0005970314,0.0001463847,-0.009987234,0,Horizontal Slash,0.48595966678112745,3.439706029562787,1.4132041558623314,2.0591473591355887
-0.3406199,-0.07353194,0.0009824741,-0.002130301,-0.7091485,-0.06907617,-0.0004351231,-0.01375844,0,Horizontal Slash,0.50135071889963,3.554202541887818,1.2872712165117264,2.2889817138247093
0.291,-0.061,0.0,0.0,-0.327,-0.065,0.0,0.0,0,Horizontal Slash,0.49116691015660763,3.5918649348147995,1.1586580276489258,2.481214298912053
0.291,-0.061,0.0,0.0,-0.327,-0.065,0.0,0.0,0,Horizontal Slash,0.49116691015660763,3.5918649348147995,1.1586580276489258,2.481214298912053
0.1417084,-0.07355104,-0.0001416711,-0.001066699,-0.327,-0.07354006,0.0,-0.002132813,0,Horizontal Slash,0.49455501371994615,3.5608573445270597,1.2261541187763214,2.3841449796081338
-0.008288288,-0.0735506,-0.0001423401,-0.001066667,-0.4762917,-0.07354976,-0.0001416711,-0.002133333,0,Horizontal Slash,0.4991063463385217,3.572463223707084,1.2226626873016357,2.3803368048909426
-0.1582883,-0.0735506,-0.0001423433,-0.001066667,-0.4769969,-0.07354943,-6.690232e-07,-0.002133333,0,Horizontal Slash,0.4964617455843836,3.5183855557494366,1.3115276843309402,2.243551576997158
-0.3089389,-0.07354946,-1.22272e-05,-0.001066667,-0.703019,-0.07390542,7.874197e-05,-0.001069475,0,Horizontal Slash,0.5024784076958895,3.5679989126763245,1.2654322534799576,2.3225098300396136
-0.4582913,-0.07355058,-0.0001417288,-0.001066667,-0.6407611,-0.07356118,0.000493216,-0.001066667,0,Horizontal Slash,0.48186915926635265,3.43683210944105,1.4209118261933327,2.0568252283066615
-0.4739059,-0.07354944,4.890779e-06,-0.001066667,-0.6670071,-0.06482749,9.24751e-05,0.001157915,0,Horizontal Slash,0.48279018700122833,3.4408896590257054,1.4182723462581635,2.06182794000397
-0.6114583,-0.07354967,7.082399e-05,-0.001066667,-0.6847801,-0.07276522,-0.0002892192,-0.0004446058,0,Horizontal Slash,0.4530913531780243,3.31318354650209,1.5307372584939003,1.8392031498964385
-0.5718214,-0.07354973,7.066828e-05,-0.001066667,-0.6362967,-0.0739114,0.0004955576,-0.003246856,0,Horizontal Slash,0.45185740664601326,3.302713301368639,1.5345427580177784,1.8260838878150847
-0.5185854,-0.07354945,4.856315e-06,-0.001066667,-0.664857,-0.04489476,5.995117e-05,0.004196912,0,Horizontal Slash,0.4704561475664377,3.3770852711225587,1.4731970354914665,1.9496561332436855
-0.5879437,-0.07354973,7.082407e-05,-0.001066667,-0.6404004,-0.0733902,0.0005173418,-0.002452012,0,Horizontal Slash,0.447773814201355,3.2856876852119585,1.5476680658757687,1.7978214808581066
-0.5170093,-0.07354974,7.066828e-05,-0.001066667,-0.567035,0.002161452,0.0001876732,-0.01685202,1,Horizontal Slash,0.4322703406214714,3.1888527956044057,1.599476732313633,1.6528386920287188
-0.3667047,-0.07354944,9.758494e-06,-0.001066667,-0.1392557,0.2209391,0.0001841782,-0.01064963,1,Walk Forward,0.2495141625404358,2.4345130852304773,1.951926976442337,0.5520923626229499
-0.01415562,-0.07363535,0.005999932,-0.001066667,-0.2883331,-0.06028029,-3.404368e-07,-0.0004687959,0,Horizontal Slash,0.48752588126808405,3.474691656911738,1.3492738157510757,2.184851485822744
-0.07394905,-0.06512751,0.0001614462,-0.01387534,-0.4637652,-0.07367293,-0.001354438,-0.001080259,0,Horizontal Slash,0.4991014148108661,3.5470342901127876,1.2646446079015732,2.314973625109286
-0.2223527,-0.07319977,-0.0001409087,-0.000566599,-0.650704,0.03480076,0.0001920928,-0.01548027,0,Horizontal Slash,0.5019362451275811,3.525324328342881,1.3012564033269882,2.2409922427791864
0.291,-0.061,0.0,0.0,-0.327,-0.065,0.0,0.0,0,Horizontal Slash,0.49116691015660763,3.5918649348147995,1.1586580276489258,2.481214298912053
0.291,-0.061,0.0,0.0,-0.327,-0.065,0.0,0.0,0,Horizontal Slash,0.49116691015660763,3.5918649348147995,1.1586580276489258,2.481214298912053
0.1417084,-0.07355104,-0.0001416711,-0.001066699,-0.3931967,-0.07382844,-6.281764e-05,-0.00222,0,Horizontal Slash,0.49542155489325523,3.583222389309517,1.1900798380374908,2.4326423289974
-0.008288288,-0.0735506,-0.0001423401,-0.001066667,-0.2442177,-0.07355037,0.0001413744,-0.002133355,0,Horizontal Slash,0.483106292784214,3.4560857732391437,1.369407668709755,2.1537241469127073
0.06238141,-0.06852817,4.847705e-05,-0.02382426,-0.294157,0.04799517,-0.0001106352,-0.01493514,0,Horizontal Slash,0.4902356145903468,3.464629940429431,1.3459606021642685,2.17027707668296
-0.08665114,-0.07292706,-0.0001414421,-0.0006219678,-0.3608251,-0.06754658,-6.334011e-05,-0.001813785,0,Horizontal Slash,0.49036713037639856,3.4836155274153353,1.3447784781455994,2.1891058856641457
0.03088228,-0.07335787,0.001052442,-0.0143534,-0.4511228,0.1044996,-0.0009257193,-0.003910371,0,Horizontal Slash,0.4995560492388904,3.508588849803025,1.2940598130226135,2.240953247234865
-0.113172,-0.07310818,-0.0001367011,-0.0005435679,-0.3064378,-0.02738312,0.0001372995,-0.005244815,0,Horizontal Slash,0.4758929219096899,3.3963132343758358,1.4279013648629189,2.0295679045868633
0.1233936,-0.0736036,0.00133721,-0.002143007,-0.4625446,0.1954318,-0.0009261931,0.0008853112,0,Horizontal Slash,0.5009069250081666,3.510228886299985,1.279467523097992,2.2510847858712593
-0.01924355,-0.07354983,-0.0001353562,-0.002133336,-0.3178621,-0.02239711,0.0001372972,0.006757344,0,Horizontal Slash,0.48942599818110466,3.47228575354192,1.3490648120641708,2.1759708006608465
-0.1340327,-0.07354931,7.115514e-05,-0.002133334,-0.2079235,-0.06776853,-7.115971e-05,-0.008178673,0,Horizontal Slash,0.452691700309515,3.3066450985152005,1.50442880904302,1.8834593944438072
-0.09525017,-0.07354951,7.066753e-05,-0.002133334,-0.459825,0.06494015,-0.0009181869,-0.006287759,0,Horizontal Slash,0.49435412092134356,3.467221833352175,1.3530620485544205,2.1476069491125798
-0.2441902,-0.07354978,-0.0001413373,-0.002133334,-0.3151026,-0.06547592,0.0001373351,-0.01125612,0,Horizontal Slash,0.45407743752002716,3.302582188798703,1.5120875360444188,1.861169531947279
-0.03353099,-0.07301359,5.658285e-05,-0.000533213,-0.3830038,-0.07390501,-4.890065e-06,-0.001066667,0,Horizontal Slash,0.49546105694025755,3.5250551514162956,1.2921683937311172,2.277369140331554
-0.182541,-0.0730163,-0.0001414039,-0.0005333333,-0.4491189,-0.07334843,-6.284074e-05,-0.001042917,0,Horizontal Slash,0.4921708768233657,3.4886404520607592,1.3471868485212326,2.1836701034019956
-0.3325364,-0.07301631,-0.0001423388,-0.0005333333,-0.7012085,0.06361099,-0.0009181476,-0.007100012,0,Horizontal Slash,0.49718070053495467,3.4815973090398677,1.3579176515340805,2.143720315172961
-0.4831992,-0.0730161,-9.781756e-06,-0.0005333333,-0.6672791,0.2610914,-9.630687e-05,-0.006851804,1,Vertical Slash,0.42182595282793045,3.070650073952309,1.6469432264566422,1.4750979782431266
-0.3332968,-0.0730161,9.732388e-06,-0.0005333333,-0.5178092,-0.02447079,9.70431e-06,-0.0133741,0,Horizontal Slash,0.47659373469650745,3.3902522126299517,1.4462412185966969,1.9899491337574606
-0.07015416,-0.05814692,9.999187e-05,-0.006072204,-0.500788,-0.073905,-4.869356e-06,-0.0010685,0,Horizontal Slash,0.5004084321262781,3.5603624334891713,1.2441104054450989,2.3433274117811673
-0.07220603,-0.06154042,0.0005351157,-0.0009084853,-0.5371009,0.1099034,-0.0007133853,-0.003603747,0,Horizontal Slash,0.5009362539276481,3.4972272662388937,1.3133886456489563,2.2024904859750443
-0.2188348,-0.0735506,-0.0001391441,-0.00106667,-0.3913593,-0.03376455,0.0001383022,-0.005398127,0,Horizontal Slash,0.4748667348176241,3.386506955093514,1.4426468946039677,1.99850156350906
-0.0772199,-0.06311707,0.0008492816,-0.0009247238,-0.5665203,0.1548547,-0.0009261956,-0.00143803,0,Horizontal Slash,0.5016254024812952,3.4891852661601677,1.3201939314603806,2.183694820865863
-0.2222852,-0.07355221,-0.0001376604,-0.001066818,-0.7204211,-0.01742853,-0.0001460449,0.0007190142,0,Horizontal Slash,0.5041799861937761,3.581436880238755,1.2304181456565857,2.3617592901257414
-0.3722619,-0.0735506,-0.0001423212,-0.001066667,-0.6914247,-0.06833191,3.175367e-05,-0.006599507,0,Horizontal Slash,0.4985425438499078,3.530350587169593,1.3195870071649551,2.2367404176736043
-0.3617956,-0.07356399,0.0005969804,-0.001066506,-0.7212952,0.1147743,0.0003566061,-0.003312156,0,Horizontal Slash,0.49277464440092444,3.4419269966806967,1.3947612345218658,2.068400351096987
-0.5081165,-0.07355054,-0.0001388519,-0.001066667,-0.6505914,-0.03969884,6.999353e-05,-0.005543923,0,Horizontal Slash,0.4681972526013851,3.3637049542357955,1.4821446314454079,1.928749652896291
0.291,-0.061,0.0,0.0,-0.327,-0.065,0.0,0.0,0,Horizontal Slash,0.49116691015660763,3.5918649348147995,1.1586580276489258,2.481214298912053
0.291,-0.061,0.0,0.0,-0.327,-0.065,0.0,0.0,0,Horizontal Slash,0.49116691015660763,3.5918649348147995,1.1586580276489258,2.481214298912053
0.1417084,-0.07355104,-0.0001416711,-0.001066699,-0.5758194,-0.02660005,-0.0002361185,-0.0184,0,Horizontal Slash,0.4952041506767273,3.6222347396333574,1.120736837387085,2.516404102811491
-0.008288288,-0.0735506,-0.0001423401,-0.001066667,-0.5769945,-0.07287878,-1.115039e-06,-0.007000001,0,Horizontal Slash,0.4992087053251453,3.604902694804121,1.1699489951133728,2.453997843271717
-0.1582883,-0.0735506,-0.0001423433,-0.001066667,-0.4277084,-0.07357173,0.0001416658,-0.002134961,0,Horizontal Slash,0.49195296224206686,3.489040963920829,1.3448801785707474,2.188129545841387
-0.08477955,0.07727849,0.0008434947,-0.005523806,-0.626037,-0.0005440071,-0.001386592,-0.01005499,0,Horizontal Slash,0.5071616028435528,3.5414430406205177,1.2431160509586334,2.292420952305654
-0.2298736,-0.04961195,-0.0001376877,-0.009238099,-0.6441213,-0.04512563,0.0001213332,-0.0001725035,0,Horizontal Slash,0.5031643230468035,3.5530024341156548,1.268309235572815,2.300761130198968
-0.3802395,-0.0736001,-3.730867e-05,-0.002137147,-0.7194361,-0.07297042,0.0001224218,-0.002888178,0,Horizontal Slash,0.5001977967767743,3.5458694328146625,1.3027384877204895,2.2668264397914735
-0.5303772,-0.07354945,-9.747672e-06,-0.002133334,-0.6832605,-0.0735496,3.147126e-05,-0.001066674,0,Horizontal Slash,0.4751220177859068,3.409455224352469,1.4507195390760899,2.003178032771347
-0.3825869,-0.07301812,0.0004322052,-0.0005333334,-0.6165065,0.08858354,-0.0005766877,-0.007466679,0,Horizontal Slash,0.472908690571785,3.3428278492834327,1.4788123834878206,1.9027860402990395
-0.5303087,-0.07301611,-2.342604e-05,-0.0005333334,-0.7004542,-0.06434944,1.211268e-05,-0.00506667,0,Horizontal Slash,0.4769770000129938,3.4165348349952405,1.4442740269005299,2.0148367174423605
-0.5560061,-0.07355102,0.0003380338,-0.002133334,-0.7233084,-0.02808287,0.0002815432,-0.01226667,0,Horizontal Slash,0.4704412594437599,3.3775680106820274,1.4751178622245789,1.946921529736473
-0.5823082,-0.07354953,7.003736e-05,-0.002133334,-0.7086519,-0.07244948,5.9362e-05,0.001933332,0,Horizontal Slash,0.4680578224360943,3.3805558745671225,1.4784949347376823,1.950381459730731
-0.5551927,-0.07354943,4.856418e-06,-0.002133334,-0.7029372,-0.03286602,4.0613e-06,-0.001366665,0,Horizontal Slash,0.46768641471862793,3.364716006178739,1.4851095778867602,1.925938415888414
-0.6270083,-0.07354947,7.082407e-05,-0.002133334,-0.7048773,-0.06748746,0.0002231311,-0.01398518,0,Horizontal Slash,0.45141564309597015,3.3063408700714363,1.5365468449890614,1.8272291771209814
-0.4911343,-0.07318685,0.0001023414,-0.0005686878,-0.6655615,-0.07378743,6.68283e-05,-0.002171078,0,Horizontal Slash,0.47985783219337463,3.4294855923205523,1.430350624024868,2.0408891116120067
-0.6405741,-0.07301612,-9.70235e-06,-0.0005333335,-0.6364299,0.03806306,0.000101843,-0.01534845,1,Vertical Slash,0.39794761687517166,3.0418946811576344,1.691915675997734,1.4223514428524937
-0.4906712,-0.07301611,9.732414e-06,-0.0005333334,-0.6149979,-0.07242148,1.391592e-06,-0.001440414,0,Horizontal Slash,0.4693130347877741,3.376128546105407,1.473426816985011,1.951712270455768
-0.4878504,-0.07301614,7.081254e-05,-0.0005333334,-0.7112157,0.02740853,9.4449e-05,-0.01584042,0,Horizontal Slash,0.4762222673743963,3.3841408430954516,1.4598545841872692,1.9622812567078967
-0.4651528,-0.06544869,8.38838e-05,0.007970655,-0.6653081,-0.0418972,3.040323e-05,0.0002758134,0,Horizontal Slash,0.48084402829408646,3.420837639870049,1.432003065943718,2.027533067462015
-0.6145664,-0.07360509,-9.708341e-06,-0.002139048,-0.7167611,-0.07265523,6.735159e-06,-0.0001167426,0,Horizontal Slash,0.4609116241335869,3.350584638853425,1.504164908081293,1.8988218131844967
-0.465323,-0.07354983,0.0001416252,-0.002133335,-0.7167396,-0.07337167,3.18059e-08,-0.001066667,0,Horizontal Slash,0.49208861216902733,3.4954842637158423,1.3674742877483368,2.160023916889128
-0.6139098,-0.07354978,-0.0001410023,-0.002133334,-0.677141,0.05758048,0.0002282044,-0.006665563,1,Vertical Slash,0.42159968614578247,3.135415469565284,1.6348945051431656,1.5637711374361327
-0.7027137,-0.07354943,4.890661e-06,-0.002133334,-0.6220617,-0.03380039,8.07594e-06,-0.00666722,1,Vertical Slash,0.3840121850371361,3.0106999894992286,1.7202761322259903,1.371693246426704
-0.552738,-0.07354945,9.737149e-06,-0.002133334,-0.4229709,-0.06034732,1.297944e-05,-0.008666391,1,Vertical Slash,0.37717166543006897,2.980418919439687,1.7283432334661484,1.3377046036004459
-0.4027379,-0.07354945,9.738724e-06,-0.002133334,-0.1730604,-0.07316957,1.623015e-05,-0.0005729124,1,Vertical Slash,0.33804474771022797,2.839768568353721,1.7973872125148773,1.1430223680410416
-0.3562215,-0.07354943,-4.869362e-06,-0.002133334,-0.2076883,-0.05196024,8.110336e-06,-0.007313543,1,Vertical Slash,0.3697692006826401,2.9554038161116534,1.7324485778808594,1.3182638267283415
0.291,-0.061,0.0,0.0,-0.327,-0.065,0.0,0.0,0,Horizontal Slash,0.49116691015660763,3.5918649348147995,1.1586580276489258,2.481214298912053
0.291,-0.061,0.0,0.0,-0.327,-0.065,0.0,0.0,0,Horizontal Slash,0.49116691015660763,3.5918649348147995,1.1586580276489258,2.481214298912053
0.1417084,-0.07355104,-0.0001416711,-0.001066699,-0.1777084,-0.07354025,0.0001416711,-0.002132813,0,Horizontal Slash,0.4861779287457466,3.4957813648227245,1.3162295371294022,2.255047772431271
0.1951441,-0.07368568,0.0007949438,-0.002736716,-0.2289846,0.3495741,-0.0007849946,0.010462,0,Horizontal Slash,0.47330211102962494,3.3174711136221844,1.4565156698226929,1.9207274782833752
0.2722909,0.004150692,0.001449919,-0.002523967,-0.3228188,0.5020562,-0.001763546,0.004262002,0,Horizontal Slash,0.4858799949288368,3.319610859528333,1.4337045326828957,1.9219447665654612
0.1304253,-0.0734545,-0.000134824,-0.0007577479,-0.1823032,0.1627442,0.0001333429,-0.034138,0,Horizontal Slash,0.46942048519849777,3.342648834923909,1.4502554573118687,1.965381847208508
0.3668164,-0.07355015,0.0001101821,-0.001066667,-0.03168538,-0.05438351,9.778834e-06,0.008265501,0,Horizontal Slash,0.48026363365352154,3.5091988515320454,1.2848070114850998,2.3293871366670396
0.2180731,-0.07355057,-0.0001411508,-0.001066667,-0.1298974,-0.02401152,-9.31988e-05,-0.0187345,0,Horizontal Slash,0.4831745773553848,3.4789546938214797,1.3283824920654297,2.234000524254617
0.349867,-0.07343965,0.001155958,-0.002721997,-0.1823425,0.4416455,-0.0007861037,0.01396255,0,Horizontal Slash,0.4769723694771528,3.3401511071120917,1.4300135299563408,1.975734110924702
0.2063278,-0.0735505,-0.0001362122,-0.001066667,-0.03696277,0.3351468,0.0001379588,-0.02443745,1,Vertical Slash,0.41992463916540146,3.109210970682723,1.601835884153843,1.6036300572401325
0.3549415,-0.07355057,0.0001410278,-0.001066667,0.1130154,0.07721834,0.0001423225,0.002618723,0,Horizontal Slash,0.44861115887761116,3.3335270257525145,1.4597234539687634,2.0053803213512205
0.2063518,-0.07355057,-0.0001410051,-0.001066667,0.2630153,-0.01288598,0.0001423432,-0.01090936,1,Vertical Slash,0.3692127764225006,3.045936156198435,1.6718610674142838,1.5362754977780904
-0.1546594,-0.07354999,-9.666681e-05,-0.001066667,0.3201185,-0.07390501,4.844686e-06,-0.001077486,1,Vertical Slash,0.19515058398246765,2.3891557432065507,2.0,0.5148476386592715
0.1196504,-0.07352619,-0.000435771,-0.001066667,0.1701444,-0.07354945,-3.424845e-07,-0.001066667,1,Horizontal Slash,0.3946230709552765,3.1339104326115965,1.620766542851925,1.6588636674731299
-0.2492598,-0.07355051,-9.642723e-05,-0.001066707,0.2232434,-0.07354943,4.867836e-06,-0.001066667,1,Vertical Slash,0.20194530487060547,2.389388218444363,2.0,0.5027906657636692
0.02236646,-0.07358977,-0.0008070838,-0.001066667,0.0732694,-0.07354943,-3.424841e-07,-0.001066667,1,Horizontal Slash,0.4027065634727478,3.1415881351233668,1.6165037974715233,1.652452733277702
-0.4587592,-0.06835252,-0.001956527,-0.003052003,0.4140918,0.3399646,0.001395302,0.009928638,1,Walk Forward,0.0,1.026846589607837,2.0,0.0
-0.1160413,-0.07308875,0.005999909,-0.0005333334,0.2710724,-0.01785569,-3.266082e-07,-0.01456432,1,Vertical Slash,0.22406882047653198,2.4736532360777224,1.9700684547424316,0.6392985712030034
-0.1413227,0.1085436,-5.19291e-05,-0.01771808,0.1212833,-0.07373057,-9.735667e-06,-0.002156411,1,Vertical Slash,0.3106745034456253,2.71042435038501,1.8294772803783417,0.9882626753243634
0.2408369,0.05089043,0.003516154,-0.01611809,0.02685191,-0.06829871,-0.0008688393,0.001778206,0,Horizontal Slash,0.4675055183470249,3.3784783436410493,1.4128085896372795,2.068376663527448
0.2857797,-0.06465072,0.0005066734,-0.002525713,-0.1101807,0.3159862,-0.0009961186,0.008506203,0,Horizontal Slash,0.4657367579638958,3.309220279061807,1.4626394398510456,1.9262919739298114
0.2880791,-0.07237346,2.990874e-06,-0.001605268,0.03398272,0.1068289,0.0001712087,-0.0282938,0,Horizontal Slash,0.45178675279021263,3.3195476731706535,1.4699755292385817,1.9641935364077363
0.5056583,-0.07311442,0.00143829,-0.0003054934,-0.08404525,0.6349726,-0.0009985744,0.02594221,0,Horizontal Slash,0.4588790014386177,3.2468767260425824,1.4907016474753618,1.842172545903701
0.362896,-0.07301608,-9.268811e-06,-0.0005333325,-0.2389878,0.560892,-1.005962e-05,-0.0316578,0,Horizontal Slash,0.4750709142535925,3.300259063185482,1.4547975324094296,1.9043036598111265
0.3901023,0.08884217,0.0005113221,0.005114384,-0.3292802,0.2500561,-0.001696979,-0.0378578,0,Horizontal Slash,0.49968674904084764,3.479386687678615,1.274352714419365,2.2275397162560306
0.2433552,-0.0318512,-0.0001392564,0.002242808,-0.1884333,0.1128069,0.0001336573,-0.002671103,0,Horizontal Slash,0.48766384925693274,3.448353115965787,1.3444365411996841,2.166964749271228
0.09337053,-0.07089184,-0.0001423287,-0.0008803509,-0.2860289,-0.05360772,-9.261376e-05,0.01003555,0,Horizontal Slash,0.4930451959371567,3.5222162008883253,1.2836663872003555,2.2935806601321396
-0.05662943,-0.0735506,-0.0001423432,-0.001066667,-0.1371981,-0.07008066,0.0001412337,-0.007417777,0,Horizontal Slash,0.45168808475136757,3.312560343400322,1.49725401843898,1.9054335241087954
-0.05673866,-0.07354973,7.117163e-05,-0.001066667,-0.4360288,0.3792771,-0.001019913,0.01220419,0,Horizontal Slash,0.4671502038836479,3.2454036026467943,1.512741002254188,1.7720041366620924
-0.2056762,-0.07355057,-0.000141335,-0.001066667,-0.590396,0.2305777,-0.0001464875,-0.02619581,0,Horizontal Slash,0.48526640236377716,3.365488380111213,1.4405898936092854,1.951668219066565
-0.3563339,-0.07354943,-9.781428e-06,-0.001066667,-0.5627149,0.7267414,-0.0001056462,0.01125473,1,Walk Forward,0.30383868515491486,2.5022420727232357,1.8708059787750244,0.6590912676482563
-0.2064313,-0.07354944,9.732388e-06,-0.001066667,-0.4132916,0.1239116,9.701282e-06,-0.04634527,0,Horizontal Slash,0.45796797797083855,3.26473573737066,1.5227107182145119,1.7967269372545436
0.291,-0.061,0.0,0.0,-0.327,-0.065,0.0,0.0,0,Horizontal Slash,0.49116691015660763,3.5918649348147995,1.1586580276489258,2.481214298912053
0.291,-0.061,0.0,0.0,-0.327,-0.065,0.0,0.0,0,Horizontal Slash,0.49116691015660763,3.5918649348147995,1.1586580276489258,2.481214298912053
0.1417084,-0.07355104,-0.0001416711,-0.001066699,0.0711111,0.06939992,0.0003777895,-0.01440001,1,Horizontal Slash,0.41213444620370865,3.152076635524008,1.596230573952198,1.67790328880121
-0.008288288,-0.0735506,-0.0001423401,-0.001066667,0.01261908,-0.001962516,-5.56352e-05,0.0009225005,1,Vertical Slash,0.4029090628027916,3.1115418556134364,1.6296804994344711,1.5959526280501046
0.1409516,-0.07354944,9.689372e-06,-0.001066667,-0.2375778,-0.0184812,-1.624399e-05,0.003938751,0,Horizontal Slash,0.49039635714143515,3.5029833222303015,1.3030176311731339,2.2621555881346107
-0.008291855,-0.07355057,-0.0001416253,-0.001066667,-0.2376585,-0.07235687,-7.67101e-08,0.000107656,0,Horizontal Slash,0.48219709284603596,3.4512989882503353,1.3742122203111649,2.1451798626889738
0.03721247,-0.07323511,0.00020739,-0.002486235,-0.3408384,-0.07293513,-0.0001120749,-0.001458545,0,Horizontal Slash,0.49488077545538545,3.532924620788425,1.2757398337125778,2.3059440734036425
-0.1075576,-0.07358126,-0.0008385875,-0.002134712,0.04735801,0.09572811,0.002248646,-0.003058549,1,Vertical Slash,0.3222036212682724,2.768456812561425,1.81256902217865,1.0653127682442909
0.03819029,-0.07301612,1.182928e-05,-0.0005333334,-0.09134251,-0.06945886,-1.12573e-05,-0.005164637,0,Horizontal Slash,0.4597386568784714,3.3584821962526763,1.4569732695817947,1.9964826897462926
-0.006054367,-0.07301612,4.865862e-06,-0.0005333334,-0.3076199,-0.07339783,-0.0002051878,6.837025e-05,0,Horizontal Slash,0.49081515800207853,3.4977139147154706,1.3235514611005783,2.229773510239659
-0.1553218,-0.07301633,-0.0001416481,-0.0005333334,-0.7067522,0.06264301,-0.0003787584,-0.01433163,0,Horizontal Slash,0.5049384231679142,3.564147856904394,1.2411290407180786,2.328826499645686
-0.3053183,-0.07301633,-0.00014234,-0.0005333334,-0.7004628,-0.06813291,2.960395e-05,0.004172093,0,Horizontal Slash,0.5025593794416636,3.5663007105565323,1.2666735649108887,2.319067174182036
-0.4558434,-0.07301612,-3.731444e-05,-0.0005333333,-0.7221012,-0.05591233,8.566468e-05,0.001392481,0,Horizontal Slash,0.49282940244302154,3.49427998955299,1.3663168102502823,2.158132937276523
-0.4898378,-0.07355051,0.0002164418,-0.002133334,-0.7022208,0.1529448,-0.0005770783,-0.005007523,0,Horizontal Slash,0.4546402841806412,3.2465454277626793,1.549362275749445,1.7409758782677287
-0.6380522,-0.07354978,-0.0001406489,-0.002133334,-0.5558009,-0.01443978,0.0001389459,-0.00229624,1,Vertical Slash,0.38257407397031784,2.992478993721617,1.7232159525156021,1.348971343259662
-0.4888039,-0.07354945,9.689918e-06,-0.002133334,-0.2396773,-0.07253354,0.0001668115,-0.007675525,1,Vertical Slash,0.3261369317770004,2.78902836659208,1.8256230652332306,1.0608111001374594
-0.3388041,-0.07354945,9.738707e-06,-0.002133334,-0.02579013,-0.02019927,0.0001521786,-0.01777663,1,Vertical Slash,0.275809571146965,2.605431351816616,1.9048283994197845,0.8047802128861786
-0.07508882,-0.07324091,0.0006108085,-0.0005333334,-0.02503062,-0.07337167,1.737575e-09,-0.001066667,1,Horizontal Slash,0.4091258719563484,3.1470421627780105,1.6143183782696724,1.6443876366483405
-0.151591,-0.07301611,-4.966892e-06,-0.0005333334,0.07699273,-0.06950496,8.112971e-06,-0.009466667,1,Vertical Slash,0.3289075344800949,2.841247777488719,1.7930351197719574,1.1742610291652378
-0.2358961,-0.06693293,-0.0001417665,-0.006091177,0.2175948,-0.07308669,0.0002009344,-0.0005418742,1,Vertical Slash,0.21346554160118103,2.427959586742389,1.9937930405139923,0.5602518408751134
0.145834,0.03819056,0.003512203,-0.004491181,0.2185553,-0.07301463,8.837193e-06,-0.0005332666,1,Vertical Slash,0.38120535761117935,3.0469278742160424,1.6581594794988632,1.5319945576768947
0.5450305,0.165714,0.003672906,-0.002891185,0.2185975,-0.07301613,3.88664e-07,-0.0005333339,0,Horizontal Slash,0.4621579833328724,3.3887304969472427,1.3772668167948723,2.1559206306336423
0.4168072,-0.06649809,4.271818e-06,0.004077205,0.3643862,-0.07301553,-4.867844e-06,-0.0005333334,0,Horizontal Slash,0.40000472217798233,3.2253558552119297,1.5540528297424316,1.8671514390834363
0.4879596,-0.07292745,7.082545e-05,-0.0005193531,-0.05474583,-0.07270792,-0.001930998,0.004862177,0,Horizontal Slash,0.48049178905785084,3.559516890246044,1.2032912075519562,2.46180256974133
0.3390204,-0.07301621,-0.0001413366,-0.00053333,-0.06393702,-0.07293066,-9.118887e-06,-0.0005247571,0,Horizontal Slash,0.48227852769196033,3.518975497945754,1.2741829603910446,2.3437029487037875
0.1890253,-0.07301631,-0.0001423385,-0.0005333333,0.184837,0.01198728,0.0002360753,0.00226238,1,Vertical Slash,0.39453621953725815,3.1203599308073775,1.6220002174377441,1.6436891868922476
0.3376087,-0.07301632,0.0001409989,-0.0005333333,0.584123,0.2006843,0.0003789043,-0.01213763,1,Vertical Slash,0.19904103875160217,2.4545967736367134,1.9756711423397064,0.6744513925333976
0.488265,-0.0730161,9.781322e-06,-0.0005333333,0.6856741,-0.07390502,-7.677269e-05,0.0009342639,1,Vertical Slash,0.2709058076143265,2.837100158963759,1.8091847896575928,1.2946148782261402
0.5344575,-0.07301611,-4.869368e-06,-0.0005333333,0.516923,0.03736166,-1.296829e-05,-0.00046713,1,Vertical Slash,0.34890009462833405,3.0605816397501817,1.6625456511974335,1.6273140894437108
0.3851417,-0.07301631,-0.0001416941,-0.0005333333,0.3675668,-0.001888918,-0.0001417323,-0.0003291956,0,Horizontal Slash,0.37911662459373474,3.126065198671827,1.6202251389622688,1.696258299578227
0.2344822,-0.0730161,-9.781547e-06,-0.0005333333,0.1169395,-0.02718748,-1.627193e-05,-0.000235402,0,Horizontal Slash,0.4372032433748245,3.2963068437025336,1.4993355753831565,1.931246795540877
0.2079688,-0.07301614,7.085862e-05,-0.0005333333,-0.08464219,-0.07362667,-0.0009285359,-0.001075141,0,Horizontal Slash,0.4796451535075903,3.4750590248998035,1.3371334969997406,2.23124878705086
0.291,-0.061,0.0,0.0,-0.327,-0.065,0.0,0.0,0,Horizontal Slash,0.49116691015660763,3.5918649348147995,1.1586580276489258,2.481214298912053
0.291,-0.061,0.0,0.0,-0.327,-0.065,0.0,0.0,0,Horizontal Slash,0.49116691015660763,3.5918649348147995,1.1586580276489258,2.481214298912053
0.1417084,-0.07355104,-0.0001416711,-0.001066699,-0.1777084,-0.07354025,0.0001416711,-0.002132813,0,Horizontal Slash,0.4861779287457466,3.4957813648227245,1.3162295371294022,2.255047772431271
0.1658557,0.3715109,0.0006600022,0.0117851,-0.3315002,-0.05536764,-0.00125732,-0.01328042,0,Horizontal Slash,0.5043227230198681,3.4490218450781818,1.302466332912445,2.151873988566186
0.01984848,0.2127533,-0.0001385543,-0.0266149,-0.1885925,-0.07319731,0.0001357335,-0.002930026,0,Horizontal Slash,0.48047025315463543,3.3389446327204477,1.4319029077887535,1.9567849915606776
-0.1301327,0.03494344,-0.0001423254,-0.005892552,-0.2846262,-0.07355563,-9.113168e-05,-0.002181877,0,Horizontal Slash,0.47400171495974064,3.356251562172099,1.448898509144783,1.963586179634603
-0.2807043,-0.0733662,-9.781751e-06,-0.001061185,-0.5694679,-0.07398833,-0.0001843174,-0.002222369,0,Horizontal Slash,0.49584812903776765,3.5096373524487974,1.3332921266555786,2.2089740920889778
-0.3084722,-0.0723497,0.0004196744,-0.00159881,-0.7226855,-0.05528646,0.0006294295,-0.01327762,0,Horizontal Slash,0.5029479917138815,3.566673064169412,1.2654954344034195,2.3189737814918554
-0.4553074,-0.07239391,-0.0001396892,-0.001599995,-0.6771119,-0.07335122,4.440013e-05,-0.001045981,0,Horizontal Slash,0.48824272584170103,3.470989584717,1.3897153362631798,2.116839417829975
-0.3960094,-0.07302166,0.0006343379,-0.0005334386,-0.6192215,-0.05056773,0.0007353,-0.01301365,0,Horizontal Slash,0.4860974056646228,3.4487992942766192,1.4028736725449562,2.0834439239164646
-0.3169879,-0.07354681,0.0007107155,-0.001063942,-0.650081,-0.04730413,0.0007361156,-0.01240048,0,Horizontal Slash,0.4985429859953001,3.521879659510026,1.321381226181984,2.2262843686971947
-0.3138203,-0.07292599,0.000547823,-0.0005200982,-0.6845462,-0.06921294,0.0006272561,-0.01344719,0,Horizontal Slash,0.5013154897606,3.5526686547266895,1.2856989651918411,2.2893642259407314
-0.4603859,-0.0730162,-0.000139084,-0.0005333301,-0.5982865,-0.02695035,0.0006651526,-0.01130886,0,Horizontal Slash,0.46555184945464134,3.3432116955807434,1.492569784168154,1.8997744186243368
-0.6110322,-0.0730161,-9.780699e-06,-0.0005333333,-0.6670885,-0.07354964,-4.601801e-05,-0.001066672,0,Horizontal Slash,0.4480968080461025,3.2899589495729775,1.546773087233305,1.8025662274329892
-0.3839532,-0.07344191,0.0008142233,-0.0009962216,-0.5713159,-0.05057006,0.0007351933,-0.01301373,0,Horizontal Slash,0.4800030291080475,3.4162377572950478,1.4304007813334465,2.028969301915516
0.291,-0.061,0.0,0.0,-0.327,-0.065,0.0,0.0,0,Horizontal Slash,0.49116691015660763,3.5918649348147995,1.1586580276489258,2.481214298912053
0.291,-0.061,0.0,0.0,-0.327,-0.065,0.0,0.0,0,Horizontal Slash,0.49116691015660763,3.5918649348147995,1.1586580276489258,2.481214298912053
0.1417084,-0.07355104,-0.0001416711,-0.001066699,-0.3789729,-0.07335039,-4.956705e-05,-0.001045078,0,Horizontal Slash,0.49535065377131104,3.5786326652376585,1.1976232826709747,2.422484387615511
-0.008288288,-0.0735506,-0.0001423401,-0.001066667,-0.6280389,-0.06003232,-0.0002363525,-0.01944508,0,Horizontal Slash,0.49898866517469287,3.615187360001708,1.1517006158828735,2.4772176535328736
-0.1582883,-0.0735506,-0.0001423433,-0.001066667,-0.6291448,-0.07297003,-1.116144e-06,-0.0005923413,0,Horizontal Slash,0.5022114950697869,3.5858469345637904,1.2196356356143951,2.384703556840832
-0.3082883,-0.0735506,-0.0001423433,-0.001066667,-0.706017,-0.0739055,-7.312893e-05,-0.002510865,0,Horizontal Slash,0.5025716305244714,3.5693757877658414,1.2634952068328857,2.3255709100487403
-0.4582882,-0.0735506,-0.0001423433,-0.001066667,-0.6822641,-0.07340629,4.728592e-05,7.385817e-05,0,Horizontal Slash,0.4885471137240529,3.4735612308535266,1.3878329321742058,2.121072096263736
-0.6082881,-0.0735506,-0.0001423433,-0.001066667,-0.7054023,-0.05799939,-2.1957e-05,0.003773123,0,Horizontal Slash,0.4576004333794117,3.3298590102906616,1.5175153389573097,1.8656652547550365
-0.6038423,-0.07354973,7.117163e-05,-0.001066667,-0.6863154,0.1210734,0.0002119079,-0.003443476,1,Vertical Slash,0.4137907549738884,3.0831451381476005,1.6593414098024368,1.485998689947238
-0.4535352,-0.07354944,9.75866e-06,-0.001066667,-0.611995,-0.02993508,4.82524e-06,-0.008803915,0,Horizontal Slash,0.4712494667619467,3.3711992845990224,1.4710830226540565,1.9459361783383464
-0.4251217,-0.07354973,7.081249e-05,-0.001066667,-0.6935056,-0.05984296,-0.0001889062,0.006801959,0,Horizontal Slash,0.4938118923455477,3.4986538571364165,1.358899250626564,2.1696956077081575
-0.5747193,-0.07354944,-9.712583e-06,-0.001066667,-0.444531,-0.0593712,1.616463e-05,0.01299902,1,Vertical Slash,0.3793615773320198,2.9894753420246105,1.724746122956276,1.3490425464084161
-0.5745139,-0.07354945,-4.866205e-06,-0.001066667,-0.2536196,-0.06662945,0.0001603751,-0.007844284,1,Vertical Slash,0.2852524369955063,2.632179954551858,1.9030094146728516,0.8250467075356
-0.3033341,-0.07352436,-0.0004315545,-0.001066667,-0.252862,-0.07301612,1.831161e-09,-0.0005333335,1,Vertical Slash,0.416784442961216,3.1487934808931537,1.6195320188999176,1.6153008929087123
-0.3766732,-0.07354945,-4.797758e-06,-0.001066667,-0.01332813,-0.07355231,0.0002273069,-0.001066667,1,Vertical Slash,0.26773814857006073,2.5903183079433907,1.9188515841960907,0.7801558140154113
-0.2267458,-0.07354943,9.734003e-06,-0.001066667,0.003416488,-0.03709287,1.087252e-06,-0.003377473,1,Vertical Slash,0.32412801682949066,2.799448860807491,1.811431497335434,1.1014871043077312
-0.1478666,0.1019172,-0.001759433,0.0005333293,0.003421685,-0.07212313,4.781784e-08,-0.0004443683,1,Vertical Slash,0.3631989359855652,2.894948855222729,1.7348123341798782,1.258728210373807
-0.006723914,-0.06088277,9.164592e-06,-0.003466667,-0.1465294,-0.07354944,-9.735548e-06,-0.001066667,0,Horizontal Slash,0.4657195396721363,3.372839953076593,1.444756180047989,2.012193025516266
-0.06670222,-0.07354988,7.081389e-05,-0.001066676,-0.4003517,-0.07358768,-0.00116927,-0.00106667,0,Horizontal Slash,0.49534931033849716,3.519906639451535,1.3016426414251328,2.2615043204124103
-0.2162996,-0.07354943,-9.712583e-06,-0.001066667,-0.5561475,-0.07354944,-1.011501e-05,-0.001066667,0,Horizontal Slash,0.4989539015805349,3.534169482150469,1.298056110739708,2.2657974817312403
-0.3662994,-0.07354944,-9.738716e-06,-0.001066667,-0.662517,-0.06825187,-6.970255e-05,-0.001086032,0,Horizontal Slash,0.49681739206425846,3.5170540428237214,1.3337171971797943,2.2116958687304713
-0.313983,-0.0735733,0.0007873852,-0.001066662,-0.7101279,-0.07360849,-0.0007642583,-0.002144434,0,Horizontal Slash,0.502541072666645,3.5691364777747623,1.2646511942148209,2.3242630846925647
-0.4593562,-0.07355052,-0.0001379527,-0.001066667,-0.3158201,0.00932503,0.0003741804,-0.01654444,1,Vertical Slash,0.3527775853872299,2.8641136317947606,1.7779191136360168,1.172811499712232
-0.6512678,-0.008651203,-0.00139502,-0.008473452,-0.382913,-0.06862766,3.581544e-05,-0.00653611,1,Vertical Slash,0.30852633714675903,2.6921081478987996,1.8672867715358734,0.9110053395776544
-0.5085067,-0.07287693,2.266321e-05,-0.0005143494,-0.1329321,-0.06847443,3.964249e-05,-0.002234027,1,Vertical Slash,0.2590646743774414,2.5427087274646922,1.9417549669742584,0.6995842783218289
-0.6293762,-0.07354976,-7.423713e-05,-0.001066667,-0.2826854,-0.07354945,-9.722698e-06,-0.001066667,1,Vertical Slash,0.2732829302549362,2.5889455992445636,1.925835132598877,0.758498915210076
-0.2772473,-0.07363536,0.00599993,-0.001066667,-0.1327357,-0.07354945,3.424288e-07,-0.001066667,1,Vertical Slash,0.37633776664733887,2.996136651723469,1.710073247551918,1.3884623837857275
-0.2703987,-0.07354945,-7.301659e-06,-0.001066667,0.02678336,-0.07310322,5.635156e-05,-0.0005427701,1,Vertical Slash,0.30103372037410736,2.723255288867957,1.8543567657470703,0.9856750190123771
-0.1204838,-0.07354944,9.733193e-06,-0.001066667,0.1770163,-0.07301612,9.753849e-06,-0.0005333334,1,Vertical Slash,0.2935400456190109,2.726587699219081,1.8536042273044586,1.0099835212047796
0.02951617,-0.07354943,9.738724e-06,-0.001066667,0.1909108,-0.07354747,9.370806e-05,-0.001066194,1,Vertical Slash,0.3523847311735153,2.9649263243966315,1.7253910303115845,1.3865428948255933
0.1795162,-0.07354943,9.738724e-06,-0.001066667,0.5912494,-0.03329219,2.599192e-05,0.0005330991,1,Vertical Slash,0.18774008750915527,2.4492752160181928,1.997885912656784,0.6561335983923172
0.3295161,-0.07354943,9.738724e-06,-0.001066667,0.5913767,-0.073905,8.434864e-09,-0.001066703,1,Vertical Slash,0.2623080760240555,2.754310090447951,1.8511920273303986,1.1348311503182302
0.4788563,-0.07355057,0.0001417171,-0.001066667,0.702329,-0.01367526,-0.0002844331,-0.01083553,1,Vertical Slash,0.24239996075630188,2.7215683687723926,1.8690216541290283,1.1148839697238067
0.2190467,-0.07255079,-0.0001046499,-0.0001129973,0.6513432,-0.073905,4.913933e-06,-0.001077522,1,Vertical Slash,0.17970404028892517,2.4519141329796765,2.0,0.6721363773380082
0.3678176,-0.07355057,0.0001411769,-0.001066667,0.6094154,-0.06136559,-0.0001180708,-0.01947753,1,Vertical Slash,0.2608163356781006,2.7573783797173723,1.8494632542133331,1.1463436368080742
0.291,-0.061,0.0,0.0,-0.327,-0.065,0.0,0.0,0,Horizontal Slash,0.49116691015660763,3.5918649348147995,1.1586580276489258,2.481214298912053
0.291,-0.061,0.0,0.0,-0.327,-0.065,0.0,0.0,0,Horizontal Slash,0.49116691015660763,3.5918649348147995,1.1586580276489258,2.481214298912053
0.1417084,-0.07355104,-0.0001416711,-0.001066699,-0.1777084,-0.07354025,0.0001416711,-0.002132813,0,Horizontal Slash,0.4861779287457466,3.4957813648227245,1.3162295371294022,2.255047772431271
0.2528472,-0.02042956,0.001060802,-0.0112426,-0.2705229,-0.07357968,-0.0009763758,-0.001066578,0,Horizontal Slash,0.4931864603422582,3.5597599921207843,1.2069856822490692,2.4040834529141497
0.1088885,-0.07357952,-0.0001366616,-0.001074667,-0.3674242,-0.06789501,-9.196661e-05,-0.001196644,0,Horizontal Slash,0.49594154627993703,3.5643872605222295,1.2231261730194092,2.384440559280214
-0.04108321,-0.0735506,-0.0001423164,-0.001066667,-0.4599151,-0.07390515,-8.779011e-05,-0.0005854194,0,Horizontal Slash,0.4988716092193499,3.556737205455301,1.2497070133686066,2.340658253377149
-0.1910831,-0.0735506,-0.0001423431,-0.001066667,-0.5522695,-0.07186096,-8.777036e-05,-0.003476355,0,Horizontal Slash,0.4996908335015178,3.541770078882974,1.2856722921133041,2.2847887331359473
-0.2019364,-0.04568863,0.0004987539,-0.01275604,-0.6462259,-0.07358103,-0.0009774592,-0.001066677,0,Horizontal Slash,0.5034714862704277,3.5742352037114493,1.2366338670253754,2.3523596786627663
-0.1103442,-0.07265637,0.0009590847,0.0004223468,-0.7126941,-0.07352593,0.0004908302,-0.002131797,0,Horizontal Slash,0.5004621865227818,3.6240398635097266,1.1507464945316315,2.4830829017297176
-0.2548631,-0.07355053,-0.0001371419,-0.001066667,-0.5609599,-0.07354978,0.000143989,-0.002133333,0,Horizontal Slash,0.4970518045593053,3.5181381236371814,1.3211092799901962,2.22877544900926
-0.2885728,-0.06722801,0.0003933521,-0.002987492,-0.6537629,-0.07357968,-0.0009763646,-0.001066578,0,Horizontal Slash,0.5013578537618741,3.5511588296421284,1.283672571182251,2.2900007006353142
-0.4359069,-0.07355062,-0.0001398135,-0.00106667,-0.7096689,-0.06789495,4.598328e-05,-0.001196644,0,Horizontal Slash,0.49445745861157775,3.5061630039339504,1.3530340045690536,2.182834625035254
-0.5865571,-0.07354943,-9.780938e-06,-0.001066667,-0.6688212,-0.07307424,6.886203e-05,-0.0005403539,0,Horizontal Slash,0.4565131403505802,3.32590306914412,1.5194275882095098,1.8615846495814519
-0.419244,-0.07373069,0.0008015549,-0.00228034,-0.6061938,-0.07356311,0.0005416083,-0.001066666,0,Horizontal Slash,0.4830542076379061,3.440198365864856,1.414373405277729,2.0668882789702567
-0.2231667,-0.06250422,0.001160788,0.001080285,-0.6717017,-0.07353102,0.0005954151,-0.002131797,0,Horizontal Slash,0.5031875062268227,3.5797326391931317,1.2352879345417023,2.3608600987508113
-0.2746599,-0.0711049,0.000287788,-0.01409154,-0.7038682,-0.0735598,0.0004871164,-0.001066578,0,Horizontal Slash,0.503314696950838,3.581295035701789,1.2410074472427368,2.3569980886483033
-0.4225194,-0.07316124,-0.000140312,-0.0005649099,-0.6596285,-0.07354973,6.968535e-05,-0.001066667,0,Horizontal Slash,0.4905207334086299,3.4818190640139957,1.376230649650097,2.1398591477112667
-0.2791527,0.02104362,0.001065143,-0.008801335,-0.6640953,-0.07353099,0.0005948579,-0.002131797,0,Horizontal Slash,0.5043590553104877,3.534791374477638,1.286909744143486,2.2580258991336306
-0.4230394,-0.06450697,-0.0001366411,-0.001000333,-0.6797833,-0.0735495,6.943096e-05,-0.002133333,0,Horizontal Slash,0.4930231855250895,3.493281787882455,1.3635435849428177,2.1607302371444876
0.291,-0.061,0.0,0.0,-0.327,-0.065,0.0,0.0,0,Horizontal Slash,0.49116691015660763,3.5918649348147995,1.1586580276489258,2.481214298912053
0.291,-0.061,0.0,0.0,-0.327,-0.065,0.0,0.0,0,Horizontal Slash,0.49116691015660763,3.5918649348147995,1.1586580276489258,2.481214298912053
0.1417084,-0.07355104,-0.0001416711,-0.001066699,-0.5758194,-0.02660005,-0.0002361185,-0.0184,0,Horizontal Slash,0.4952041506767273,3.6222347396333574,1.120736837387085,2.516404102811491
-0.008938855,-0.07354946,-1.222692e-05,-0.001066667,-0.7217011,-0.07301469,6.132617e-06,-0.0006375,0,Horizontal Slash,0.4961378138978034,3.6476057182650257,1.097339004278183,2.557157957630269
-0.1582914,-0.07355058,-0.0001417288,-0.001066667,-0.5251118,0.04608525,0.0001888803,-0.0150375,0,Horizontal Slash,0.49623626633547246,3.4803921922362013,1.345218613743782,2.1638077954628585
-0.3082884,-0.0735506,-0.0001423403,-0.001066667,-0.2753523,0.00034557,0.0002370104,-0.001159376,1,Vertical Slash,0.40731533616781235,3.086927846386868,1.6508204489946365,1.5182981480807447
-0.08041379,-0.07359777,0.004282741,-0.00106237,-0.2742691,-0.0630537,2.035904e-05,0.004579688,0,Horizontal Slash,0.4786232989281416,3.4235795696710025,1.4045302048325539,2.083936915605833
-0.2089584,-0.07354945,-8.345733e-06,-0.001066667,-0.4241187,-0.07354943,-9.728959e-06,-0.001066667,0,Horizontal Slash,0.48611031472682953,3.453985795298062,1.384560264647007,2.117519101272947
-0.3582916,-0.0735506,-0.0001417105,-0.001066667,-0.6713449,-0.07301929,-0.00113888,-0.0005327739,0,Horizontal Slash,0.49838819075375795,3.529775016680486,1.3189999461174011,2.2375493528547157
-0.5082885,-0.0735506,-0.0001423403,-0.001066667,-0.6367592,-0.07356389,0.0005082595,-0.001066839,0,Horizontal Slash,0.4701892677694559,3.382443717683366,1.4701727628707886,1.96040088032553
-0.4798665,-0.07354945,4.890878e-06,-0.001066667,-0.6906057,-0.06940584,-8.195439e-06,-0.009466581,0,Horizontal Slash,0.48537877947092056,3.4571012256396694,1.404904656112194,2.089674269652515
-0.4049063,-0.07094162,0.0006767615,-0.01424237,-0.6606625,-0.02998137,0.0004824304,-0.01177208,0,Horizontal Slash,0.4902420053258538,3.465616017434925,1.385913036763668,2.1114068188775654
-0.3251936,0.009173725,0.0008134681,-0.01037667,-0.6967248,0.3686773,-0.0006141783,0.01036368,0,Horizontal Slash,0.46357516199350357,3.1921226106167544,1.5474438667297363,1.6681618987132119
-0.1714526,-0.07386787,9.999549e-06,-0.003181432,-0.7081863,-0.03260897,1.852107e-06,-0.04074685,0,Horizontal Slash,0.5032981827389449,3.5916430862139146,1.2094779908657074,2.393568044573756
-0.3206945,-0.0735506,-0.0001416238,-0.001066667,-0.7081771,0.008009046,8.746332e-09,-0.01562658,0,Horizontal Slash,0.5007202413980849,3.523448422638164,1.3159933239221573,2.2262667200534865
-0.4706909,-0.0735506,-0.0001423399,-0.001066667,-0.6806831,-0.07274943,2.632321e-05,-0.004057521,0,Horizontal Slash,0.48602977860718966,3.460470056799295,1.4011452868580818,2.0965913208383187
-0.5974847,-0.07354973,7.117163e-05,-0.001066667,-0.6872811,0.07460974,-0.0003167417,-0.0056746,1,Vertical Slash,0.42770523577928543,3.1560155614703698,1.620065063238144,1.5958698766260329
-0.4471776,-0.07354945,9.75866e-06,-0.001066667,-0.6888635,-0.0737895,-1.027886e-07,-0.002222669,0,Horizontal Slash,0.4909362578764558,3.4867445336367187,1.374118685722351,2.14606060959276
-0.5970802,-0.07354945,-9.732396e-06,-0.001066667,-0.661369,-0.0735497,-6.508747e-05,-0.001066668,0,Horizontal Slash,0.4511260986328125,3.302307628333586,1.5370570123195648,1.8232122615488957
-0.5433633,-0.07354943,4.869362e-06,-0.001066667,-0.684673,-0.07210091,6.604799e-05,-0.003484175,0,Horizontal Slash,0.47185041941702366,3.3943206931384955,1.4640224128961563,1.9766913977023959
-0.5946029,-0.07354973,7.082403e-05,-0.001066667,-0.720969,-0.02132117,4.718469e-05,-0.01788418,0,Horizontal Slash,0.45724889263510704,3.31708899941988,1.5226803068071604,1.846125022860231
-0.63436,-0.07354973,7.066828e-05,-0.001066667,-0.7131657,-0.07390535,0.000150386,-0.001794274,0,Horizontal Slash,0.4537676274776459,3.320009264786368,1.5281910356134176,1.8482037007140788
-0.6029487,-0.07354973,7.066867e-05,-0.001066667,-0.720036,-0.07341024,-0.0004503047,-0.0008322509,0,Horizontal Slash,0.46495041996240616,3.368800286202539,1.489611721597612,1.9293877192457443
0.291,-0.061,0.0,0.0,-0.327,-0.065,0.0,0.0,0,Horizontal Slash,0.49116691015660763,3.5918649348147995,1.1586580276489258,2.481214298912053
0.291,-0.061,0.0,0.0,-0.327,-0.065,0.0,0.0,0,Horizontal Slash,0.49116691015660763,3.5918649348147995,1.1586580276489258,2.481214298912053
0.1417084,-0.07355104,-0.0001416711,-0.001066699,-0.1777084,-0.07354025,0.0001416711,-0.002132813,0,Horizontal Slash,0.4861779287457466,3.4957813648227245,1.3162295371294022,2.255047772431271
-0.008288288,-0.0735506,-0.0001423401,-0.001066667,-0.326295,-0.07354977,-0.000141002,-0.002133333,0,Horizontal Slash,0.49230769788846374,3.506904691696794,1.312856987118721,2.246742798198616
0.04162813,-0.06134351,0.0007787415,-0.0008201251,-0.2592723,-0.06504951,-0.000234804,0.003049573,0,Horizontal Slash,0.48901795875281096,3.486561633766776,1.3304311484098434,2.216858260861968
0.1168242,-0.06581928,0.0008784449,0.0008905243,-0.1927165,-0.06745689,-0.000235247,-0.00119829,0,Horizontal Slash,0.4863379867747426,3.4868716787728236,1.3264982551336288,2.232447818115317
0.05216466,-0.07355224,0.000232266,-0.001066655,-0.1261629,-0.06849731,-0.0002352491,0.005108013,0,Horizontal Slash,0.4705333411693573,3.405671041491778,1.4150306656956673,2.0775474043827575
-0.09662573,-0.07354945,-9.660187e-06,-0.001066667,-0.3217413,-0.07354964,-5.199422e-05,-0.001066669,0,Horizontal Slash,0.48477258812636137,3.4547062063803606,1.3761847540736198,2.1360751755107787
0.09678085,-0.07191648,0.001236999,0.001037929,-0.3481844,-0.06744061,-0.0004465221,0.002916239,0,Horizontal Slash,0.4956275071017444,3.5534669164574946,1.2406747341156006,2.3588852295638687
0.1164597,-0.07333177,0.0006143149,0.0001838615,-0.2826822,-0.06675884,-0.0002362468,-0.001181624,0,Horizontal Slash,0.4929945752955973,3.53310040502483,1.2687493711709976,2.3210867501454815
0.1899073,-0.07357691,0.000873382,-0.001066671,-0.2161335,-0.06842862,-0.0002352538,0.005109055,0,Horizontal Slash,0.4903598986566067,3.5320557410760975,1.2649125456809998,2.3347090687925887
0.04496189,-0.07355052,-0.0001375466,-0.001066667,-0.3664307,-0.07377866,-0.000142782,-0.002170171,0,Horizontal Slash,0.49610964045859873,3.546662404633693,1.2560393959283829,2.3353592129937044
-0.05890566,-0.06451894,7.011786e-05,-0.002840137,-0.2994169,-0.06506696,-0.0002348124,0.003048998,0,Horizontal Slash,0.4856533110141754,3.456649757417063,1.3695904612541199,2.144980531323165
0.04192176,-0.07375897,0.0009228618,-0.001233205,-0.320342,-0.06743275,-0.0004460903,-0.001198219,0,Horizontal Slash,0.49369790544733405,3.5229532307200047,1.28839673101902,2.286509780184465
0.291,-0.061,0.0,0.0,-0.327,-0.065,0.0,0.0,0,Horizontal Slash,0.49116691015660763,3.5918649348147995,1.1586580276489258,2.481214298912053
0.291,-0.061,0.0,0.0,-0.327,-0.065,0.0,0.0,0,Horizontal Slash,0.49116691015660763,3.5918649348147995,1.1586580276489258,2.481214298912053
0.1410609,-0.07354945,-1.216946e-05,-0.001066667,-0.4769391,-0.07301586,-1.216946e-05,-0.0005333252,0,Horizontal Slash,0.49506545858457685,3.608419503053301,1.1473551988601685,2.489424897373578
-0.008951284,-0.07354944,-9.739511e-06,-0.001066667,-0.3270487,-0.0730161,9.731613e-06,-0.0005333333,0,Horizontal Slash,0.4923695153556764,3.5070353244296,1.3126952797174454,2.2468340842867622
-0.1582914,-0.07355058,-0.0001417171,-0.001066667,-0.0781808,-0.04741615,0.0002361644,-0.01893334,1,Vertical Slash,0.392571397125721,3.0628779998142246,1.6657735854387283,1.5026689808574816
-0.009704983,-0.07355057,0.0001410018,-0.001066667,0.3211056,-0.07382385,0.0003789047,-0.003033333,1,Vertical Slash,0.26610077917575836,2.661410743057243,1.889158457517624,0.9317897774472041
0.1409511,-0.07354944,9.781322e-06,-0.001066667,0.3737215,-0.07354576,0.0001180552,-0.00213313,1,Vertical Slash,0.30418360233306885,2.830779182526862,1.8032125234603882,1.2075967658010467
0.2909513,-0.07354943,9.738736e-06,-0.001066667,0.6241529,-0.07148008,1.626425e-05,0.003266718,1,Vertical Slash,0.22796791791915894,2.630297494974146,1.9163545668125153,0.9451255514042894
0.4402915,-0.07355057,0.0001417171,-0.001066667,0.6727344,-0.07356622,-7.087392e-05,-0.002134505,1,Vertical Slash,0.25969982147216797,2.7846220807440165,1.8380061388015747,1.2053200907626787
0.5909513,-0.07354944,9.781551e-06,-0.001066667,0.6810924,-0.07270721,-4.913665e-05,-0.0001450997,1,Vertical Slash,0.30780385434627533,2.988427834163132,1.7189566940069199,1.5473221618931339
0.5659391,-0.07354974,-7.085862e-05,-0.001066667,0.6426967,-0.06367354,0.0003070899,0.004087211,1,Vertical Slash,0.3182801157236099,3.0095517743571736,1.7042288333177567,1.5715803382406917
0.5314559,-0.07354973,-7.066822e-05,-0.001066667,0.5960854,0.05440523,-0.0006517888,-0.006694443,1,Vertical Slash,0.30468857288360596,2.9129991343121624,1.7539520263671875,1.4019436888333383
0.680396,-0.07355058,0.0001413373,-0.001066667,0.1947308,0.02813852,-0.0003808675,-0.02109445,0,Horizontal Slash,0.46202613040804863,3.4838551885067535,1.300965502858162,2.3516959117684966
0.5314636,-0.07354975,-7.219385e-05,-0.001066667,0.04319372,-0.06357498,-7.345648e-05,-0.002873611,0,Horizontal Slash,0.4753085393458605,3.5332650242704537,1.2425311505794525,2.4193289786486334
0.3822121,-0.07355218,-0.0002218937,-0.001066667,0.04288711,-0.073905,-5.420133e-07,-0.001066694,0,Horizontal Slash,0.4734553974121809,3.4850041994762435,1.3170947879552841,2.290809074055883
0.2318163,-0.0735506,-0.0001427189,-0.001066667,-0.02061507,-0.07355393,-6.036641e-05,-0.001067209,0,Horizontal Slash,0.472520237788558,3.4474872791230644,1.3665755242109299,2.1875021529422405
0.08181436,-0.0735506,-0.000142345,-0.001066667,-0.2596245,-0.07354333,-0.001100101,-0.002131882,0,Horizontal Slash,0.4907805807888508,3.5122041534006456,1.2997844964265823,2.273969740035744
-0.06818566,-0.0735506,-0.0001423433,-0.001066667,-0.4143908,-0.07354979,-0.0001468661,-0.002133333,0,Horizontal Slash,0.49621822498738766,3.5260336446544667,1.2939844578504562,2.2732416047459867
-0.2181856,-0.0735506,-0.0001423433,-0.001066667,-0.6784006,0.009650123,0.0001892415,-0.01653334,0,Horizontal Slash,0.5034491636324674,3.5519939803152205,1.2691095471382141,2.2970787430299047
-0.3681856,-0.07355059,-0.0001423433,-0.001066667,-0.6218578,-0.06848297,0.0001176124,-0.008933332,0,Horizontal Slash,0.4920281432569027,3.4861996727239317,1.3661409765481949,2.1539895319556313
-0.4463836,-0.07354946,1.194062e-05,-0.001066667,-0.7009875,-0.07354625,9.298029e-05,-0.002133167,0,Horizontal Slash,0.49252464016899467,3.4963381397403492,1.3645688146352768,2.163672411172131
-0.5897275,-0.07359828,0.0003376356,-0.001066667,-0.6469746,-0.07089303,-0.001302013,-0.0006656073,0,Horizontal Slash,0.44888099655508995,3.2905650072748567,1.5443946234881878,1.8052567795509988
-0.4387557,-0.07355061,0.0001432655,-0.001066667,-0.6917714,0.04753236,9.291022e-05,-0.01506561,0,Horizontal Slash,0.48066929168999195,3.3973388452795037,1.4437465406954288,1.987960829130878
-0.5873345,-0.07355057,-0.0001409945,-0.001066667,-0.6548725,0.3925456,0.0003891985,0.01251997,1,Vertical Slash,0.3325180560350418,2.6831240051703364,1.8341937959194183,0.9034481622537422
-0.3594538,0.04671609,0.004282857,0.001333331,-0.653159,0.4425453,3.34319e-05,-0.005080028,1,Vertical Slash,0.41506554931402206,2.950866768793993,1.6732392460107803,1.310174240850333
-0.1113538,0.1933827,0.004662863,0.003733328,-0.7212665,0.4811219,-0.001280035,-0.006093039,0,Horizontal Slash,0.4933989755809307,3.2585032499225415,1.4692042097449303,1.7795745855788196
-0.2379983,-0.02274874,-8.222379e-06,-0.009066666,-0.4777458,-0.02622758,1.581055e-05,-0.04369304,0,Horizontal Slash,0.4850201113149524,3.4125383066495076,1.4128253385424614,2.0390763103415575
-0.387157,-0.07334919,-0.0001417099,-0.001041667,-0.4776676,0.03992625,7.466323e-08,-0.01415348,0,Horizontal Slash,0.4413124807178974,3.2121105890705723,1.5733737125992775,1.699214470806053
-0.5378166,-0.07354944,-9.781551e-06,-0.001066667,-0.6210008,-0.0726461,5.148463e-05,-0.001713756,0,Horizontal Slash,0.4580388329923153,3.327372236809422,1.5140313701704144,1.8682934748595246
-0.6871571,-0.07355058,-0.0001417172,-0.001066667,-0.7218098,0.02069593,4.719329e-05,-0.01611376,1,Vertical Slash,0.41437456756830215,3.123988307040954,1.650908812880516,1.5418760133934744
-0.5385708,-0.07355057,0.0001410018,-0.001066667,-0.7215791,-0.06530889,2.228641e-07,-0.00402844,0,Horizontal Slash,0.47950585186481476,3.4312715227117216,1.4330156743526459,2.0390600192858264
-0.5595871,-0.07354973,7.05026e-05,-0.001066667,-0.7087287,-0.02759152,-9.444711e-05,-0.01842844,0,Horizontal Slash,0.46531854942440987,3.3528588561894197,1.4940834720619023,1.9064607266673337
0.291,-0.061,0.0,0.0,-0.327,-0.065,0.0,0.0,0,Horizontal Slash,0.49116691015660763,3.5918649348147995,1.1586580276489258,2.481214298912053
0.291,-0.061,0.0,0.0,-0.327,-0.065,0.0,0.0,0,Horizontal Slash,0.49116691015660763,3.5918649348147995,1.1586580276489258,2.481214298912053
0.1417084,-0.07355104,-0.0001416711,-0.001066699,-0.1777084,-0.07354025,0.0001416711,-0.002132813,0,Horizontal Slash,0.4861779287457466,3.4957813648227245,1.3162295371294022,2.255047772431271
-0.008288288,-0.0735506,-0.0001423401,-0.001066667,-0.326295,-0.07354977,-0.000141002,-0.002133333,0,Horizontal Slash,0.49230769788846374,3.506904691696794,1.312856987118721,2.246742798198616
0.1506752,0.2816174,0.001281159,0.006497249,-0.4506774,0.5105079,-0.001116674,0.01992873,0,Horizontal Slash,0.48659429233521223,3.2121239601418172,1.4825375396758318,1.7324888351026004
-0.0917687,0.4759514,-0.0002300683,-0.01190276,-0.3069428,0.5471975,0.0001363977,-0.01847127,1,Walk Forward,0.3292589634656906,2.5206356577241666,1.8001396358013153,0.7247000304137158
0.349226,-0.05462494,0.006004008,-0.02189355,-0.156266,-0.03881693,1.050101e-06,-0.02116437,0,Horizontal Slash,0.487833596765995,3.5423460706924876,1.232113391160965,2.3871180972789903
0.2298126,-0.07373471,-0.0001133179,-0.001968347,-0.3055524,-0.07060937,-0.0001416661,-0.0003544547,0,Horizontal Slash,0.49248628690838814,3.575985836815202,1.193886935710907,2.43474874377803
0.07995706,-0.07354886,-0.0001422062,-0.002133293,-0.1569658,-0.0735505,0.0001410021,-0.001066662,0,Horizontal Slash,0.4793234243988991,3.4505850842276526,1.3702849000692368,2.1607569207702535
0.162159,-0.0739188,0.0007814861,-0.0007696813,-0.3688613,0.5009003,-0.001328848,0.0193954,0,Horizontal Slash,0.4798406008630991,3.300408058466019,1.4608587324619293,1.8779298917978269
0.01675629,-0.07355052,-0.0001379806,-0.001066667,-0.3234988,0.6703744,4.329174e-05,-0.01294461,1,Vertical Slash,0.38867833465337753,2.8599650770022302,1.7110406309366226,1.1974298596571682
0.1653613,-0.07355057,0.0001410195,-0.001066667,-0.1739918,-0.06990939,0.0001418754,0.02327231,0,Horizontal Slash,0.4874305045232177,3.507230887318437,1.3001186102628708,2.281612585842378
0.01677141,-0.07355057,-0.0001410051,-0.001066667,-0.02399407,0.04702588,0.0001423411,-0.0151277,1,Vertical Slash,0.41368168592453003,3.139272818627927,1.6072781011462212,1.6386949952298329
0.1653614,-0.07355057,0.0001410052,-0.001066667,0.02894759,-0.06687822,5.023924e-05,0.002533076,0,Horizontal Slash,0.4533771723508835,3.355364237988628,1.4555161893367767,2.0165689060749696
0.01677145,-0.07355057,-0.0001410052,-0.001066667,-0.3930665,0.5127628,-0.001399113,0.01999553,1,Vertical Slash,0.4529400132596493,3.1552892021631607,1.5605661682784557,1.63796447245777
0.1653614,-0.07355057,0.0001410052,-0.001066667,-0.2507374,0.5510554,0.0001350639,-0.01840448,1,Vertical Slash,0.4399373270571232,3.11427293933975,1.5819000005722046,1.5926950927721133
0.3153548,-0.0735506,0.0001423369,-0.001066667,-0.1007736,0.03126858,0.0001423089,0.01640224,0,Horizontal Slash,0.4840094894170761,3.488883577342189,1.3072991371154785,2.2674007931327385
0.1667714,-0.07355057,-0.0001409989,-0.001066667,0.04922628,-0.01667773,0.0001423431,-0.02199776,0,Horizontal Slash,0.43940016999840736,3.286134752976982,1.5076478370465338,1.8993974070802928
0.3742791,-0.07347857,0.0009394935,-0.0009980698,0.03230698,-0.06088039,-7.117163e-05,-0.003099441,0,Horizontal Slash,0.4739071950316429,3.4810922863122156,1.3213077038526535,2.2796994166883464
0.402483,-0.07356659,0.0006590087,-0.001066506,-0.09172799,0.5205687,-0.001116345,0.0204872,0,Horizontal Slash,0.4574724845588207,3.24677092780709,1.497433230979368,1.832642582588191
0.2558257,-0.07354943,-9.521702e-06,-0.001066667,0.05264343,0.2501079,9.373288e-06,-0.0371128,1,Horizontal Slash,0.41596560925245285,3.133425723964393,1.5937010273337364,1.6549307994705342
0.1058268,-0.07354943,-9.738656e-06,-0.001066667,-0.09703975,-0.03843873,-9.732523e-06,-0.0222436,0,Horizontal Slash,0.4679247587919235,3.3935013185739704,1.4217710196971893,2.0640209127215146
0.2616253,-0.07301645,0.0009946969,-0.0005327698,-0.05512871,-0.07247799,-7.081254e-05,-0.0067609,0,Horizontal Slash,0.4789152294397354,3.4821740966768164,1.3259952664375305,2.256099107286445
0.2810171,-0.07356628,0.0006174035,-0.001066667,-0.1791619,0.5065139,-0.001116343,0.01957184,0,Horizontal Slash,0.45835041627287865,3.225755717536372,1.5130690233781934,1.7805687378921111
0.1341517,-0.07354943,-9.535205e-06,-0.001066667,-0.03479043,0.2030999,9.373291e-06,-0.03802817,1,Vertical Slash,0.4211767390370369,3.1395014824155485,1.5931653380393982,1.6468771955256034
-0.01518737,-0.07355059,-0.0001417161,-0.001066667,0.1145479,0.1598802,0.0001417153,-0.007385919,1,Vertical Slash,0.3117666095495224,2.730959647453988,1.8260618150234222,1.0194154338989452
0.1340556,-0.07354944,9.689573e-06,-0.001066667,0.2985932,0.06760621,0.0001276447,-0.01878179,1,Vertical Slash,0.3032672554254532,2.7733498873262006,1.818661093711853,1.1102007125216318
0.2840554,-0.07354944,9.738707e-06,-0.001066667,0.4825683,0.5773902,0.0001276401,0.005705026,1,Walk Forward,0.13110485672950745,2.0991148896350884,2.0,0.13365622167240185
0.4340555,-0.07354944,9.738724e-06,-0.001066667,0.5356704,-0.007069072,3.447646e-06,-0.04583498,1,Vertical Slash,0.30830730497837067,2.9113777763532385,1.7574273645877838,1.3826535457100197
0.4650069,-0.07354974,-7.085853e-05,-0.001066667,0.5879208,-0.01642619,4.958333e-05,-0.01611251,1,Vertical Slash,0.29947562515735626,2.8980920927111873,1.7671734392642975,1.3719669174376286
0.1563959,-0.07368735,-9.72592e-05,-0.002154717,0.6095067,-0.07308782,4.859738e-06,-0.0005404053,1,Vertical Slash,0.17643269896507263,2.420469773870191,2.0,0.61384651179971
0.3058612,-0.07354946,9.704001e-06,-0.002133334,0.6797553,-0.07301611,-4.86857e-06,-0.0005333334,1,Vertical Slash,0.2015899121761322,2.552135631127354,1.9579859673976898,0.8355638947843782
0.1088497,-0.06794158,-9.791522e-05,-0.008058006,0.5297796,-0.07301611,-9.737145e-06,-0.0005333334,1,Vertical Slash,0.20319876074790955,2.488476505137806,1.9789803326129913,0.702297207234779
0.291,-0.061,0.0,0.0,-0.327,-0.065,0.0,0.0,0,Horizontal Slash,0.49116691015660763,3.5918649348147995,1.1586580276489258,2.481214298912053
0.291,-0.061,0.0,0.0,-0.327,-0.065,0.0,0.0,0,Horizontal Slash,0.49116691015660763,3.5918649348147995,1.1586580276489258,2.481214298912053
0.1417084,-0.07355104,-0.0001416711,-0.001066699,-0.1777084,-0.07354025,0.0001416711,-0.002132813,0,Horizontal Slash,0.4861779287457466,3.4957813648227245,1.3162295371294022,2.255047772431271
0.1381835,-0.07356291,0.0005325064,-0.001066675,-0.3181626,-0.07358676,-0.001195869,-0.001066484,0,Horizontal Slash,0.4943512547761202,3.5569236163286333,1.2326740324497223,2.3751751617735026
-0.008458233,-0.07355054,-0.0001391564,-0.001066667,0.07399734,0.0352175,0.0003721422,-0.01546649,1,Vertical Slash,0.3650083690881729,2.9612536744103037,1.7161519080400467,1.3673852920802565
0.1407975,-0.07354945,9.690404e-06,-0.001066667,0.3489579,-0.05707262,0.0001269546,-0.004854546,1,Vertical Slash,0.31279049813747406,2.8532302000790017,1.7889125049114227,1.2393150065816607
0.168231,-0.07354943,-4.869354e-06,-0.001066667,0.4906763,-0.07338564,0.0001557866,-0.001463213,1,Vertical Slash,0.25122980773448944,2.664824187366614,1.8933142125606537,0.9694421991245574
0.3174984,-0.07355058,0.0001416481,-0.001066667,0.6788241,-0.07371408,0.0008645587,-0.001228696,1,Vertical Slash,0.20685192942619324,2.573002273289614,1.9477843940258026,0.8683397200062006
0.467495,-0.07355059,0.00014234,-0.001066667,0.6326841,-0.01377643,-0.0003948789,-0.01088444,1,Vertical Slash,0.2768082618713379,2.826235429192726,1.8092832267284393,1.2658191264474952
0.6181577,-0.07354944,9.781756e-06,-0.001066667,0.5443394,-0.07280054,-1.291668e-05,-0.003921111,0,Horizontal Slash,0.377286858856678,3.2135575964528096,1.563210353255272,1.9025733437136587
0.6572016,-0.07354973,7.081243e-05,-0.001066667,0.1461641,-0.03250728,-0.0003778505,-0.01832112,0,Horizontal Slash,0.4671288914978504,3.5187890870724217,1.2571385651826859,2.420437893959407
0.5082622,-0.07355059,-0.0001413367,-0.001066667,-0.005007938,-0.07386332,-0.0001434554,-0.006980279,0,Horizontal Slash,0.4780321326106787,3.546959388707129,1.2229415476322174,2.4416683228862746
0.3582672,-0.0735506,-0.0001423385,-0.001066667,0.1435698,-0.07357223,0.0001409936,-0.002134942,0,Horizontal Slash,0.45524962246418,3.4055299459688686,1.404830813407898,2.1453473609573774
0.2900953,-0.07354944,7.641997e-06,-0.001066667,-0.149519,-0.07354737,-0.0001681886,-0.002133124,0,Horizontal Slash,0.4871415914967656,3.538317639029282,1.249293029308319,2.370175961079585
0.1454098,-0.07358371,-0.001055263,-0.001066667,-0.3915342,0.02645576,-0.001765137,-0.006133127,0,Horizontal Slash,0.49743659724481404,3.551193939676031,1.2327816188335419,2.353548083090295
-0.009133263,-0.07355066,-0.0001466544,-0.001066667,-0.00220717,0.01366066,0.0003694539,-0.02053313,1,Vertical Slash,0.4022623673081398,3.1032179044074573,1.6333856731653214,1.5820419631293603
0.1394286,-0.07355057,0.0001409785,-0.001066667,-0.0003686241,-0.04314596,1.744697e-06,-0.0003332818,0,Horizontal Slash,0.4532742351293564,3.3423918996958113,1.465382520109415,1.9873053950179875
0.004023867,-0.07354945,4.844906e-06,-0.001066667,-0.2130695,-0.07298895,-0.0001540938,-0.0006169871,0,Horizontal Slash,0.4797858465462923,3.4415659719054226,1.3833641931414604,2.130444602780538
-0.1452437,-0.07355058,-0.0001416482,-0.001066667,-0.4626558,-0.04939669,-0.0002368461,-0.01901699,0,Horizontal Slash,0.4948601727373898,3.500873794359998,1.3289103657007217,2.210333599415058
-0.2952403,-0.0735506,-0.00014234,-0.001066667,-0.712654,-0.0735512,-0.0002372369,-0.001066526,0,Horizontal Slash,0.5030327700078487,3.576939659402884,1.251245453953743,2.343899471266884
-0.34324,-0.07391778,0.0003284297,-0.001233969,-0.7200158,-0.053722,0.0003111081,-0.01322861,0,Horizontal Slash,0.5015429019695148,3.551206953795264,1.2902231067419052,2.281724329376945
-0.4915496,-0.07354945,-9.628981e-06,-0.001066667,-0.7184955,-0.07354195,1.009604e-07,-0.002132955,0,Horizontal Slash,0.4884680761024356,3.476868268353484,1.388307809829712,2.1234956716839513
-0.540478,-0.07354974,7.085829e-05,-0.001066667,-0.6874583,-0.06769104,-0.0001180595,0.007866479,0,Horizontal Slash,0.4735243711620569,3.4009636753996566,1.4581454433500767,1.9877056494044751
-0.6165941,-0.07354944,4.856284e-06,-0.001066667,-0.6515154,0.1025837,7.880609e-05,-0.01275287,1,Vertical Slash,0.398289792239666,3.023198822171493,1.6949838250875473,1.3962279625675398
-0.4666186,-0.07354944,9.73714e-06,-0.001066667,-0.6844949,-0.07157829,4.854994e-06,-0.0002058919,0,Horizontal Slash,0.4874016009271145,3.4673899870078784,1.394311897456646,2.1091449368668154
-0.5222954,-0.07354973,7.081254e-05,-0.001066667,-0.6669999,-0.03811976,-0.0001180707,-0.0186059,0,Horizontal Slash,0.4669140391051769,3.3589049210608612,1.486946445889771,1.9197996839341593
0.291,-0.061,0.0,0.0,-0.327,-0.065,0.0,0.0,0,Horizontal Slash,0.49116691015660763,3.5918649348147995,1.1586580276489258,2.481214298912053
0.291,-0.061,0.0,0.0,-0.327,-0.065,0.0,0.0,0,Horizontal Slash,0.49116691015660763,3.5918649348147995,1.1586580276489258,2.481214298912053
0.1417084,-0.07355104,-0.0001416711,-0.001066699,-0.1777084,-0.07354025,0.0001416711,-0.002132813,0,Horizontal Slash,0.4861779287457466,3.4957813648227245,1.3162295371294022,2.255047772431271
0.2665338,-0.06156657,0.001123861,0.001142809,-0.2556848,-0.07357819,-0.0009080113,-0.001066665,0,Horizontal Slash,0.49120153952389956,3.566453790304347,1.2042686641216278,2.4223027517067894
0.1229714,-0.07306309,-0.0001363638,-0.0005392859,-0.1109118,-0.07355052,0.0001373831,-0.001066667,0,Horizontal Slash,0.4764339178800583,3.4441937004694365,1.3747354298830032,2.1581612125571588
-0.02699884,-0.07301637,-0.000142315,-0.0005333348,-0.4059494,-0.07359239,-0.001113993,-0.0010675,0,Horizontal Slash,0.49691756325773895,3.538378964555165,1.274050772190094,2.3051222177300548
-0.05211932,-0.06238696,0.0004330198,-0.0008805761,-0.4901744,-0.07303661,-0.0009139407,-0.0005340239,0,Horizontal Slash,0.4999833727870282,3.561990509167915,1.2408672869205475,2.3497447769644717
-0.02245211,-0.07375145,0.0006749716,-0.001232715,-0.573404,-0.07357807,-0.0009129962,-0.001066645,0,Horizontal Slash,0.49959497633972205,3.6015772128330203,1.1773914694786072,2.4438738884026456
-0.1683848,-0.07355053,-0.0001384836,-0.001066667,-0.6456956,-0.07317992,-6.860143e-05,-0.0005688539,0,Horizontal Slash,0.5024000573903322,3.5891253222760837,1.2159176170825958,2.3905821000371805
-0.1620197,-0.07355454,3.888665e-05,-0.002133579,-0.4960871,-0.07301612,9.713299e-06,-0.0005333335,0,Horizontal Slash,0.49768552370369434,3.5271631578517963,1.301148846745491,2.260128802910871
-0.1835597,-0.06259733,0.000446217,0.001075412,-0.5747201,-0.0735779,-0.0009086343,-0.001066645,0,Horizontal Slash,0.5011828331043944,3.5528553932936715,1.2683796733617783,2.3088491244221063
-0.1307895,0.2833463,0.0007811746,0.0063254,-0.6579232,-0.0730366,-0.000912971,-0.0005340239,0,Horizontal Slash,0.5113948555663228,3.5163624687826007,1.2572619318962097,2.233609351663566
-0.2761938,-0.006444129,-0.0001379821,-0.0320746,-0.5131747,-0.07301632,0.0001373597,-0.0005333335,0,Horizontal Slash,0.4927472756244242,3.459443416001299,1.3723732382059097,2.1180546463234053
-0.4261722,-0.05635861,-0.0001423226,-0.0175627,-0.6617828,-0.07301633,-0.0001410224,-0.0005333334,0,Horizontal Slash,0.49157206900417805,3.4798177218614903,1.3750179335474968,2.1362512406274545
-0.5761221,-0.06835096,-0.0001423432,0.0003953375,-0.6314558,-0.0735607,0.0004895914,-0.001066645,0,Horizontal Slash,0.44891875982284546,3.2874230220442744,1.5446914248168468,1.801647023338735
-0.3154257,-0.07368346,0.000658326,-0.0007595314,-0.4797277,-0.07355063,0.0001439831,-0.001066667,0,Horizontal Slash,0.47882906533777714,3.4152367234151115,1.4277087226510048,2.036433226989384
-0.2089778,-0.07354956,4.289655e-05,-0.001066667,-0.6036686,-0.07299323,-0.0001365417,-0.002860288,0,Horizontal Slash,0.5014158164849505,3.5593376886330064,1.264503225684166,2.318598057315721
-0.3580559,-0.07355059,-0.0001414685,-0.001066667,-0.6720963,-0.07354729,-6.493475e-05,-0.001066431,0,Horizontal Slash,0.49846826249267906,3.530366620751742,1.3182763457298279,2.2387598063835354
-0.06913603,-0.07369646,0.001879898,-0.001227647,-0.7094529,-0.07302965,0.0004544934,-0.0005340239,0,Horizontal Slash,0.4989687717752531,3.6320532372074776,1.1316101551055908,2.509416737931126
-0.2090726,-0.07355045,-0.0001327935,-0.001066667,-0.697606,-0.07261916,3.107182e-05,-0.0001421265,0,Horizontal Slash,0.502991984365508,3.5965220233383723,1.209930270910263,2.4012445960129365
-0.3590252,-0.0735506,-0.0001422981,-0.001066667,-0.661625,-0.07354973,7.076219e-05,-0.001066667,0,Horizontal Slash,0.4975647949613631,3.523549539535803,1.3261010646820068,2.2253498332214696
0.291,-0.061,0.0,0.0,-0.327,-0.065,0.0,0.0,0,Horizontal Slash,0.49116691015660763,3.5918649348147995,1.1586580276489258,2.481214298912053
0.291,-0.061,0.0,0.0,-0.327,-0.065,0.0,0.0,0,Horizontal Slash,0.49116691015660763,3.5918649348147995,1.1586580276489258,2.481214298912053
0.1417084,-0.07355104,-0.0001416711,-0.001066699,-0.327,-0.07354006,0.0,-0.002132813,0,Horizontal Slash,0.49455501371994615,3.5608573445270597,1.2261541187763214,2.3841449796081338
-0.008288288,-0.0735506,-0.0001423401,-0.001066667,-0.327,-0.07354943,0.0,-0.002133333,0,Horizontal Slash,0.49236745201051235,3.5072651547115257,1.3124104738235474,2.2474280992470126
-0.1582883,-0.0735506,-0.0001423433,-0.001066667,-0.7190896,-0.0391724,0.0009329516,-0.0124092,0,Horizontal Slash,0.5028623659163713,3.6038101641758353,1.188622623682022,2.4244164693744716
-0.3082883,-0.0735506,-0.0001423433,-0.001066667,-0.6035098,-0.07117443,0.0001158564,-0.001702299,0,Horizontal Slash,0.4965761371422559,3.5140677940001854,1.3309812396764755,2.213549069946598
-0.4589511,-0.07354945,-9.781756e-06,-0.001066667,-0.7077987,-0.07354106,7.204052e-05,-0.001065429,0,Horizontal Slash,0.4917820058763027,3.492984476115369,1.36927630007267,2.156116919129846
-0.4662081,-0.07354973,7.085862e-05,-0.001066667,-0.6768747,0.03528858,-0.0001890648,-0.01546543,0,Horizontal Slash,0.4730518255382776,3.363960344622402,1.4730829577893019,1.9309724457359634
-0.6094667,-0.07355064,7.066822e-05,-0.001066667,-0.6687812,-0.07320829,-0.0002348157,-0.0008656796,0,Horizontal Slash,0.44916849955916405,3.2948167153469923,1.5433464832603931,1.8103330116592988
-0.4598235,-0.0735506,0.0001420048,-0.001066667,-0.6699048,-0.07301787,-1.108887e-06,-0.0005334144,0,Horizontal Slash,0.4863947229459882,3.4614521546676134,1.3991723284125328,2.0994446898868784
-0.3724909,-0.07357072,0.0007303482,-0.001066648,-0.5756518,-0.00990617,0.0009222474,-0.01065221,0,Horizontal Slash,0.4787792768329382,3.3982995962472096,1.4415295831859112,1.998287298675498
-0.1126197,-0.07358756,0.001467775,-0.002141203,-0.6873847,-0.06754248,0.0006410932,-0.004270396,0,Horizontal Slash,0.5011380991199985,3.6142918200703043,1.1671575605869293,2.4586274991554675
-0.2546071,-0.07354981,-0.0001347397,-0.002133335,-0.4353749,-0.05224153,0.0002391459,0.004135199,0,Horizontal Slash,0.47972882352769375,3.413898118262548,1.422871582210064,2.0407148722170936
-0.4052044,-0.07354943,-1.528014e-05,-0.002133333,-0.6698964,-0.07354993,6.719207e-05,-0.001066682,0,Horizontal Slash,0.49398563662543893,3.5019095871734978,1.3543703705072403,2.178706480875765
-0.5500005,-0.07302686,-0.001056069,-0.0005333333,-0.5572531,0.1024498,0.001406193,-0.001066686,1,Vertical Slash,0.39265383034944534,2.9938210747675367,1.705893561244011,1.3568831319259886
-0.4053279,-0.07301611,9.392847e-06,-0.0005333333,-0.3003055,-0.022882,1.668227e-05,0.007333344,1,Vertical Slash,0.3837403580546379,2.99615789329398,1.7087827175855637,1.3731434312670092
-0.2553296,-0.07301611,9.738609e-06,-0.0005333333,-0.1377919,0.09711825,1.297804e-05,-0.02626666,1,Vertical Slash,0.3399847000837326,2.806148487256681,1.79301717877388,1.1043351366311378
0.09721939,-0.07308874,0.005999932,-0.0005333334,-0.137727,-0.07116908,1.481832e-10,-0.004941666,0,Horizontal Slash,0.47744258493185043,3.444180077776282,1.375937633216381,2.152752488427803
-0.02221428,-0.07301627,-0.0001133372,-0.0005333334,-0.5358382,-0.05536914,-0.0003777895,-0.01934167,0,Horizontal Slash,0.5001949518918991,3.581120421799848,1.2091417908668518,2.3953668954574012
-0.17207,-0.07301633,-0.0001422063,-0.0005333334,-0.5511115,-0.07369892,-0.0009743196,-0.002254515,0,Horizontal Slash,0.5002417014911771,3.549593249823731,1.2734729647636414,2.3038938814906342
-0.3220693,-0.07301633,-0.0001423426,-0.0005333334,-0.55596,-0.07355019,-4.601096e-06,-0.002133363,0,Horizontal Slash,0.4900134550407529,3.473825866882394,1.3743381053209305,2.1374909993312383
-0.4720693,-0.07301632,-0.0001423433,-0.0005333334,-0.7094294,-0.06909955,-0.0007070038,-0.003079215,0,Horizontal Slash,0.4897141559049487,3.4807079250677413,1.3822283372282982,2.1322784232579504
-0.6219807,-0.07364671,-0.0001423433,-0.002133333,-0.6448525,0.0001562586,6.128047e-05,-0.002061326,1,Vertical Slash,0.42104216665029526,3.149725416031993,1.6316018849611282,1.5849857134512342
-0.6986749,-0.07354943,4.890878e-06,-0.002133333,-0.5627937,-0.0258317,1.297081e-05,0.005830665,1,Vertical Slash,0.3601802885532379,2.9095777551351296,1.7723556458950043,1.2226205131547137
-0.549359,-0.07354977,0.0001416942,-0.002133333,-0.6465093,-0.06374963,-7.944232e-05,0.009024668,0,Horizontal Slash,0.4611946977674961,3.340722885717537,1.5046248068101704,1.8882684860074883
-0.6979454,-0.07354976,-0.0001410019,-0.002133333,-0.6752746,0.2872424,9.435359e-05,-0.005375337,1,Vertical Slash,0.3129119873046875,2.639972322289538,1.8703757524490356,0.834663813955256
-0.5486988,-0.07354943,9.689806e-06,-0.002133333,-0.6726254,-0.0209226,4.852472e-06,-0.01171233,0,Horizontal Slash,0.45897049084305763,3.3189240136384446,1.5171587690711021,1.8527489754830173
-0.6262238,-0.07354946,7.081266e-05,-0.002133333,-0.6894524,-0.07091954,-0.0001643849,0.001550776,0,Horizontal Slash,0.44965170323848724,3.2985934899905303,1.5420752428472042,1.8148353585601193
0.291,-0.061,0.0,0.0,-0.327,-0.065,0.0,0.0,0,Horizontal Slash,0.49116691015660763,3.5918649348147995,1.1586580276489258,2.481214298912053
0.291,-0.061,0.0,0.0,-0.327,-0.065,0.0,0.0,0,Horizontal Slash,0.49116691015660763,3.5918649348147995,1.1586580276489258,2.481214298912053
0.1417084,-0.07355104,-0.0001416711,-0.001066699,-0.1777084,-0.07354025,0.0001416711,-0.002132813,0,Horizontal Slash,0.4861779287457466,3.4957813648227245,1.3162295371294022,2.255047772431271
0.1171087,-0.07355542,0.0004377756,-0.001225182,-0.09965439,-0.07355003,-0.0001891249,-0.002133333,0,Horizontal Slash,0.47390966676175594,3.4322481902281297,1.38718780875206,2.1362483381979853
-0.03000443,-0.07355056,-0.0001396037,-0.001066667,-0.3218299,-0.0735532,-0.0004740292,-0.002133333,0,Horizontal Slash,0.4906502738595009,3.4938361519110845,1.3298769742250443,2.2182569509858827
-0.01888549,-0.07356556,0.0005999381,-0.001066668,-0.2468399,-0.07355004,-0.0001920325,-0.002133333,0,Horizontal Slash,0.48234585858881474,3.451134954171943,1.3751067444682121,2.143111741251986
0.1306637,-0.06854554,0.001042439,-0.003064185,-0.2542337,-0.07355203,-0.0004018472,-0.002133333,0,Horizontal Slash,0.49183430429548025,3.5275483851437737,1.2748677730560303,2.3137141579731386
0.1714943,-0.07357146,0.0007153105,-0.001066747,-0.1788845,-0.07355005,-0.0001916917,-0.002133333,0,Horizontal Slash,0.4874233053997159,3.5092237328427376,1.2975603193044662,2.286756158995703
0.149054,-0.06130894,0.0004297549,0.001159381,-0.1024894,-0.07355003,-0.0001906992,-0.002133333,0,Horizontal Slash,0.4776580836623907,3.449542550287644,1.3659008890390396,2.1725811843611504
0.1899642,-0.06030842,0.00061909,0.001341505,-0.09244167,-0.07355203,-0.0004018503,-0.002133333,0,Horizontal Slash,0.47955203987658024,3.4656466801978665,1.3463123589754105,2.209863967601579
0.3609908,0.3914825,0.001322876,0.01280857,-0.06371479,-0.07355215,-0.0004013517,-0.002133333,0,Horizontal Slash,0.49074038956314325,3.4005693194988647,1.3420914560556412,2.115028582721424
0.2176517,-0.03555305,-9.306266e-06,0.01759572,-0.2156721,-0.07354943,-9.865811e-06,-0.002133333,0,Horizontal Slash,0.4911993211135268,3.528654819345485,1.2605966925621033,2.3326196940817456
0.06831374,-0.05485592,-0.000141715,-0.02080429,-0.06642951,-0.07354976,0.0001416245,-0.002133333,0,Horizontal Slash,0.46212562918663025,3.367008223258781,1.445650402456522,2.0170117606359255
0.04362649,-0.07248983,7.117014e-05,-0.003399465,-0.05883567,-0.05870839,-2.396152e-05,0.001640593,0,Horizontal Slash,0.4520333856344223,3.325088364214104,1.4831515848636627,1.9423569444488882
0.2200141,-0.01307296,0.0007731443,-0.01084123,-0.1717143,-0.07355717,-0.000402244,-0.001066607,0,Horizontal Slash,0.4899311428889632,3.5098648888751742,1.2813039273023605,2.296956091978139
0.291,-0.061,0.0,0.0,-0.327,-0.065,0.0,0.0,0,Horizontal Slash,0.49116691015660763,3.5918649348147995,1.1586580276489258,2.481214298912053
0.291,-0.061,0.0,0.0,-0.327,-0.065,0.0,0.0,0,Horizontal Slash,0.49116691015660763,3.5918649348147995,1.1586580276489258,2.481214298912053
0.1417084,-0.07355104,-0.0001416711,-0.001066699,-0.327,-0.07354006,0.0,-0.002132813,0,Horizontal Slash,0.49455501371994615,3.5608573445270597,1.2261541187763214,2.3841449796081338
-0.008938855,-0.07354946,-1.222692e-05,-0.001066667,-0.4053495,-0.07309864,-7.634384e-05,-0.0005422231,0,Horizontal Slash,0.497193202143535,3.5446024755379493,1.2637985348701477,2.32105000164333
-0.1582914,-0.07355058,-0.0001417288,-0.001066667,-0.6545489,-0.04771205,-0.000236479,-0.01894223,0,Horizontal Slash,0.5027720748912543,3.5837669225286546,1.2209258079528809,2.378391709012749
-0.3082884,-0.0735506,-0.0001423403,-0.001066667,-0.6557243,-0.06992023,-1.116741e-06,-0.001832222,0,Horizontal Slash,0.5003283554688096,3.543221059550714,1.2969071716070175,2.270753707743662
-0.4587668,-0.07354956,-4.664305e-05,-0.001066667,-0.6822477,-0.07354947,2.321226e-05,-0.001066667,0,Horizontal Slash,0.48841468524187803,3.4729263946271924,1.3884958401322365,2.119909439194402
-0.607268,-0.07355577,-0.0003464143,-0.001066667,-0.6203809,0.00111716,0.0002880967,-0.01306667,1,Vertical Slash,0.416226826608181,3.1270963540350154,1.6437967270612717,1.5520967388305709
-0.4597004,-0.07355057,0.0001400351,-0.001066667,-0.3701279,-0.06021683,0.0002374789,-0.005866665,1,Vertical Slash,0.39694301038980484,3.0590287639123845,1.6793129295110703,1.4628263484519173
-0.4847419,-0.07354974,-7.116617e-05,-0.001066667,0.08981813,-0.04246264,0.002041069,-0.01244784,1,Walk Forward,0.1359328329563141,2.114426796740337,2.0,0.08667038264932408
-0.3351463,-0.07354945,9.712469e-06,-0.001066667,0.2496595,-0.07390501,1.039793e-05,-0.00106671,1,Walk Forward,0.1391087770462036,2.1636485363490774,2.0,0.17023479125950522
-0.1851464,-0.07354945,9.738716e-06,-0.001066667,-0.1500954,0.01524536,-2.595814e-05,-0.006666644,1,Vertical Slash,0.40023239701986313,3.0669222778060647,1.6579329520463943,1.5020986359117539
-0.03514642,-0.07354944,9.738724e-06,-0.001066667,-0.4000667,-0.07261391,-1.623436e-05,-0.01146668,0,Horizontal Slash,0.49621137068606913,3.5305070842940407,1.2852498292922974,2.2877239787835677
-0.1843896,-0.07355057,-0.0001416251,-0.001066667,-0.47255,-0.07354973,-6.878345e-05,-0.001066667,0,Horizontal Slash,0.4944249731488526,3.502811329877558,1.3318965882062912,2.2098069489065217
-0.2887697,-0.07354943,9.552268e-06,-0.001066667,-0.6831235,-0.0735368,-0.0001993769,-0.002132506,0,Horizontal Slash,0.502314466284588,3.5661238496124215,1.265285611152649,2.3213376230410585
-0.4345011,-0.07357569,-0.0008441563,-0.001066667,-0.6840923,-0.07354934,-5.611961e-06,-0.00213333,0,Horizontal Slash,0.492029526270926,3.4920495661326156,1.3675078302621841,2.157111375730098
-0.5865135,-0.07355005,7.282873e-05,-0.001066667,-0.6388692,-0.07356689,-0.0002540346,-0.001066827,0,Horizontal Slash,0.44800200685858727,3.2867013470007547,1.5468997992575169,1.799515188893559
-0.5154327,-0.07354972,7.066356e-05,-0.001066667,-0.5979868,-0.05604851,3.879565e-05,0.003851064,0,Horizontal Slash,0.4562104009091854,3.3120751812485136,1.5218765567988157,1.845448663167135
-0.5168656,-0.07354974,7.066869e-05,-0.001066667,-0.688297,-0.04864601,-8.57003e-05,0.002424468,0,Horizontal Slash,0.47623623721301556,3.4070041928857417,1.4496715106070042,1.9995180692106025
-0.6225424,-0.07354973,7.066867e-05,-0.001066667,-0.7121933,-0.07295239,-0.0002877102,-0.002631873,0,Horizontal Slash,0.4569550193846226,3.333124922237575,1.5176752861589193,1.870112830002969
-0.5947554,-0.07354974,7.066867e-05,-0.001066667,-0.7167578,-0.0643988,2.968464e-05,0.005715938,0,Horizontal Slash,0.4656449668109417,3.368371943788929,1.488440384157002,1.9290792190811883
-0.6277298,-0.07354943,4.856315e-06,-0.001066667,-0.6890118,-0.07301255,-3.191159e-05,-0.0005330195,0,Horizontal Slash,0.4490177184343338,3.2965510105816356,1.5438161380589008,1.8115452440965027
-0.4779378,-0.07354956,4.643029e-05,-0.001066667,-0.6655276,-0.07354943,2.323607e-05,-0.002133333,0,Horizontal Slash,0.4824437405914068,3.4418438093070374,1.418474219739437,2.063423480384631
-0.6240134,-0.07354944,1.186584e-05,-0.001066667,-0.684425,-0.07293993,-8.821497e-05,-0.00140702,0,Horizontal Slash,0.448799941688776,3.2950207046439655,1.5445185601711273,1.8094517498083482
-0.4809775,-0.06646128,0.0006468233,0.002267032,-0.6478068,-0.07302998,0.0001793498,-0.0005357041,0,Horizontal Slash,0.478297496214509,3.4175236037700003,1.4384251832962036,2.0215862235463815
-0.582317,-0.07356464,0.0001082941,-0.001069076,-0.6905348,0.011199,0.0005174418,-0.007111966,0,Horizontal Slash,0.44774362817406654,3.2618190649309744,1.5569031201303005,1.7595814810600519
-0.7192695,-0.07354944,4.85021e-06,-0.001066667,-0.5379971,-0.07342997,9.903482e-06,-0.002081938,1,Vertical Slash,0.35050953924655914,2.8867942689686226,1.7901228964328766,1.187752878926364
0.291,-0.061,0.0,0.0,-0.327,-0.065,0.0,0.0,0,Horizontal Slash,0.49116691015660763,3.5918649348147995,1.1586580276489258,2.481214298912053
0.291,-0.061,0.0,0.0,-0.327,-0.065,0.0,0.0,0,Horizontal Slash,0.49116691015660763,3.5918649348147995,1.1586580276489258,2.481214298912053
0.1417084,-0.07355104,-0.0001416711,-0.001066699,-0.1777084,-0.07354025,0.0001416711,-0.002132813,0,Horizontal Slash,0.4861779287457466,3.4957813648227245,1.3162295371294022,2.255047772431271
-0.008288288,-0.0735506,-0.0001423401,-0.001066667,-0.2672814,-0.07390567,-8.521448e-05,-0.002511475,0,Horizontal Slash,0.48618848621845245,3.471909654858757,1.3528026044368744,2.1820150632172144
-0.1582883,-0.0735506,-0.0001423433,-0.001066667,-0.4169971,-0.0735506,-0.0001420735,-0.001066667,0,Horizontal Slash,0.49079593643546104,3.4823068828250356,1.352112129330635,2.1757777422877616
-0.06363252,-0.04043541,6.120598e-05,0.001986678,-0.5253015,0.2509621,-0.0001817905,-0.006477308,0,Horizontal Slash,0.4946181611157954,3.404719887266672,1.3938283398747444,2.030638760620887
-0.2129115,-0.07236647,-9.715701e-06,-0.00160474,-0.376349,-0.07178573,9.676567e-06,-0.01596135,0,Horizontal Slash,0.47617726027965546,3.403746051959666,1.4303376972675323,2.0306410076630566
-0.3620743,-0.07239728,-0.0001417169,-0.001600018,-0.7006269,0.2765659,0.0007388448,0.006184039,0,Horizontal Slash,0.47060356102883816,3.2817121058531202,1.5085169998928905,1.8028902696392193
-0.5118933,-0.07239728,-0.0001423403,-0.0016,-0.5476584,0.004862684,0.0001451601,0.01370798,1,Horizontal Slash,0.4310823157429695,3.1816399687155,1.6032138988375664,1.6418090855384797
-0.1301659,0.09560268,0.003512178,-4.097819e-09,-0.6338979,0.1981744,-0.0007934681,0.001807979,0,Horizontal Slash,0.5041418075561523,3.4240447542135204,1.365029975771904,2.054992484536956
-0.2619796,-0.02425888,-0.0001250853,-0.002399998,-0.7209437,0.05196586,4.481528e-05,-0.02609203,0,Horizontal Slash,0.5044320076704025,3.518728744627488,1.3036091178655624,2.222012179771949
-0.1806656,0.2220776,0.0009230872,0.00299002,-0.6482916,0.5589935,0.0006249846,0.02059539,1,Vertical Slash,0.44595470651984215,3.0066132868830895,1.6092726215720177,1.4036599141038668
0.1764501,-0.06999522,0.005999941,0.002626248,-0.4951684,0.05406351,3.496757e-07,0.01370231,0,Horizontal Slash,0.4978190779220313,3.585261626891948,1.173593819141388,2.4300252738836927
0.05701652,-0.07355614,-0.0001133371,-0.001067313,-0.345875,-0.05868112,0.0001416727,-0.02469769,0,Horizontal Slash,0.4950178642757237,3.5327981778529978,1.2732835561037064,2.3077193771578837
-0.09283915,-0.0735506,-0.0001422063,-0.001066667,-0.4944615,-0.07132833,-0.000141002,-0.0005127884,0,Horizontal Slash,0.4995641379209701,3.552735457417861,1.2605295777320862,2.323117514506397
-0.06009503,-0.0735698,0.0006996202,-0.001066671,-0.6479654,0.2979558,-0.001250847,0.007421178,0,Horizontal Slash,0.5040786657482386,3.474221650591231,1.3281334042549133,2.1497458523779147
-0.2065494,-0.07354943,-9.508523e-06,-0.001066667,-0.5042663,0.02418345,9.329638e-06,0.003489411,0,Horizontal Slash,0.4911408955231309,3.4533869117464437,1.3776992559432983,2.1103246808193146
-0.3558884,-0.07355057,-0.000141716,-0.001066667,-0.3549282,-0.002170968,0.0001417151,-8.191187e-05,1,Vertical Slash,0.4204113706946373,3.1377477490226564,1.6222543939948082,1.5900577674654999
-0.2073019,-0.07355057,0.0001410018,-0.001066667,-0.5035145,-0.07242729,-0.0001410018,0.0006102389,0,Horizontal Slash,0.49557753279805183,3.5090019310552316,1.326891914010048,2.2180402986700156
-0.3558918,-0.07355057,-0.0001410052,-0.001066667,-0.6535078,-0.07354524,-0.0001423369,-0.002133111,0,Horizontal Slash,0.49709699489176273,3.5200465880466703,1.3296669721603394,2.218994214884455
-0.291925,-0.06899919,0.0008434522,0.002823811,-0.6815553,0.3181929,0.0006254265,0.008616057,0,Horizontal Slash,0.47680759616196156,3.2983209425006903,1.4897143030539155,1.8333893964159844
-0.4370193,-0.07355081,-0.000137688,-0.001066684,-0.5291513,0.08337826,0.0001446246,-0.02978395,1,Vertical Slash,0.4297596961259842,3.150970669456082,1.6111271902918816,1.6007668456787354
-0.1322809,-0.07352771,0.0008603751,-0.001059636,-0.37914,-0.03034734,0.0001423541,-0.01390803,0,Horizontal Slash,0.48537248093634844,3.4419428664160203,1.3876759633421898,2.104622202739642
0.03177445,-0.07293171,0.001176221,-0.0005198804,-0.6080165,0.3555015,-0.001463024,0.009703388,0,Horizontal Slash,0.5042657102458179,3.469465762432257,1.323740467429161,2.1490796980013394
-0.1116639,-0.07301619,-0.0001361165,-0.0005333301,-0.7058004,0.3987828,-9.279243e-05,-0.01819661,0,Horizontal Slash,0.5001786782668205,3.4138679938534597,1.3845734596252441,2.0337440324593516
-0.2616329,-0.07301631,-0.0001423138,-0.0005333333,-0.5569705,0.04251045,0.0001412328,0.006698306,0,Horizontal Slash,0.49023456405848265,3.4419696670752327,1.3912288025021553,2.0823627221257843
-0.4122957,-0.0730161,-9.781748e-06,-0.0005333333,-0.5927769,0.06739409,-0.0001671643,-0.01791234,0,Horizontal Slash,0.4617232233285904,3.296535398319894,1.5159268360584974,1.8272094920953068
-0.561636,-0.07301631,-0.0001417172,-0.0005333333,-0.5625272,0.541927,0.0007671561,0.02130554,1,Walk Forward,0.2548922896385193,2.3604228149819018,1.952654480934143,0.4443777746665768
-0.2098443,-0.07362209,0.005999929,-0.002133334,-0.4086933,0.04448773,3.512992e-07,0.01334723,0,Horizontal Slash,0.4725914094597101,3.353954804194339,1.462912604212761,1.9416882387431829
-0.3292779,-0.07354967,-0.0001133372,-0.002133334,-0.4991948,0.1752212,-8.588184e-05,-0.01455277,1,Horizontal Slash,0.44081518426537514,3.1711257277837333,1.5857298895716667,1.6385628586172412
-0.1798931,-0.07354945,9.698781e-06,-0.002133334,-0.3499486,-0.04895995,9.707693e-06,0.002361808,0,Horizontal Slash,0.4758816957473755,3.397857912020717,1.4318903759121895,2.0238652392536762
-0.329796,-0.07354945,-9.732418e-06,-0.002133334,-0.6863152,0.1924268,-0.0001866781,-0.008991545,0,Horizontal Slash,0.48505435418337584,3.3762012940956527,1.4425012171268463,1.9584001467469456
-0.4791362,-0.07354977,-0.000141717,-0.002133334,-0.5379525,-0.01037261,0.0001407895,-0.002704229,0,Horizontal Slash,0.4408969581127167,3.2276654166487195,1.5730081424117088,1.7157381890280987
-0.3305498,-0.07354978,0.0001410018,-0.002133334,-0.627547,-0.06492267,-8.521864e-05,-0.006297886,0,Horizontal Slash,0.4964930631686002,3.5123328667849316,1.334740772843361,2.207090508990181
-0.4791398,-0.07354978,-0.0001410052,-0.002133334,-0.6963655,-0.0735486,7.103674e-05,-0.001066576,0,Horizontal Slash,0.48736377339810133,3.4689366776280366,1.3942812904715538,2.1106678696973664
0.291,-0.061,0.0,0.0,-0.327,-0.065,0.0,0.0,0,Horizontal Slash,0.49116691015660763,3.5918649348147995,1.1586580276489258,2.481214298912053
0.291,-0.061,0.0,0.0,-0.327,-0.065,0.0,0.0,0,Horizontal Slash,0.49116691015660763,3.5918649348147995,1.1586580276489258,2.481214298912053
0.1417084,-0.07355104,-0.0001416711,-0.001066699,-0.327,-0.07354006,0.0,-0.002132813,0,Horizontal Slash,0.49455501371994615,3.5608573445270597,1.2261541187763214,2.3841449796081338
-0.008288288,-0.0735506,-0.0001423401,-0.001066667,-0.07818056,-0.06769372,0.0002361185,0.007866408,0,Horizontal Slash,0.447362020611763,3.3017778764387216,1.503823189297691,1.896385059798223
0.03735469,-0.07354943,4.890878e-06,-0.001066667,-0.2269517,-0.07356612,-9.658938e-06,-0.002134506,0,Horizontal Slash,0.4849704382941127,3.471782767196234,1.3501353710889816,2.190213209320049
0.006652678,-0.07354973,7.082399e-05,-0.001066667,-0.207777,0.009605643,-0.0001888719,-0.01653451,0,Horizontal Slash,0.47137635201215744,3.378479631008959,1.4352162331342697,2.0162420082526493
-0.1422865,-0.07355058,-0.0001413366,-0.001066667,-0.4015574,0.0872997,-0.0006074704,-0.005012747,0,Horizontal Slash,0.47799728624522686,3.3704883532258774,1.442856714129448,1.9747251889904822
-0.2929444,-0.07354943,-9.781431e-06,-0.001066667,-0.554545,-0.07389848,-9.932696e-06,-0.003573407,0,Horizontal Slash,0.49314537877216935,3.4923199133936644,1.3530759662389755,2.1749502690087494
-0.3195519,-0.07354974,7.085862e-05,-0.001066667,-0.5333159,-0.02526033,-0.0001888713,-0.01797341,0,Horizontal Slash,0.48195927031338215,3.4173935562044258,1.4225449040532112,2.037117357703317
-0.4691492,-0.07354943,-9.712568e-06,-0.001066667,-0.7022449,-0.07368815,8.610412e-05,-0.002224376,0,Horizontal Slash,0.4895947901532054,3.480948475613351,1.3820398673415184,2.1331879135761587
-0.6184893,-0.07355057,-0.0001417169,-0.001066667,-0.571147,0.2568284,0.0007505937,0.005005467,1,Vertical Slash,0.31955794990062714,2.667344619667022,1.8552180528640747,0.8766296203309669
-0.2666976,-0.07363536,0.005999929,-0.001066667,-0.7173923,-0.05220195,-3.339694e-07,-0.001148633,0,Horizontal Slash,0.5035148591268808,3.579507888162778,1.2422362267971039,2.35285571322174
-0.3861311,-0.07355019,-0.0001133372,-0.001066667,-0.6468605,-0.07004174,6.703097e-05,-0.002954901,0,Horizontal Slash,0.4932324271649122,3.494946331183079,1.3592523038387299,2.167898020785733
-0.4441165,-0.07354973,7.110315e-05,-0.001066667,-0.588177,-0.06197779,-0.0001182175,0.005877452,0,Horizontal Slash,0.4737003371119499,3.391098715547339,1.4569538421928883,1.9806631851775722
-0.510783,-0.07354943,4.856245e-06,-0.001066667,-0.6903018,-0.07333694,9.524226e-05,-0.002890341,0,Horizontal Slash,0.48041352815926075,3.434587290906776,1.4279499500989914,2.047642035092661
-0.6600505,-0.07355884,-0.0001416481,-0.002133854,-0.6845389,-0.003458853,-5.891717e-05,-0.006154829,1,Vertical Slash,0.41985511779785156,3.1504458717332935,1.6347103267908096,1.5834421359207487
-0.5114638,-0.07301635,0.0001410022,-0.0005333334,-0.667981,-0.07390525,7.097465e-05,-0.0009846768,0,Horizontal Slash,0.4761263523250818,3.412374225757737,1.4465305097401142,2.009894254563229
-0.4845837,-0.07301615,7.05026e-05,-0.0005333334,-0.7088791,0.03686246,9.453116e-05,-0.01538468,0,Horizontal Slash,0.47528176568448544,3.376512439216096,1.4648486152291298,1.9497801886968074
-0.6335245,-0.07301632,-0.0001413381,-0.0005333334,-0.6471238,0.1847849,0.0003854167,6.042458e-05,1,Vertical Slash,0.3671017289161682,2.8733846469068958,1.7666159570217133,1.1752866166622165
-0.4849362,-0.07301632,0.0001410036,-0.0005333334,-0.7015764,-0.06165503,-5.167308e-05,0.01349979,0,Horizontal Slash,0.4869084106758237,3.46347327547255,1.399001695215702,2.0997732729908263
-0.6335262,-0.07301632,-0.0001410052,-0.0005333334,-0.7018335,-0.05722742,-2.440193e-07,-0.001949894,0,Horizontal Slash,0.44756361469626427,3.2862012279745043,1.5501819401979446,1.7945621930042563
-0.5858403,-0.07301615,7.116847e-05,-0.0005333334,-0.7063684,-0.0656249,-5.902989e-05,-0.0203499,0,Horizontal Slash,0.46314800903201103,3.355783264539909,1.4970649185124785,1.9098509515409505
-0.6171731,-0.07301614,7.06675e-05,-0.0005333334,-0.7011136,-0.06490717,-0.0002629824,-0.001732736,0,Horizontal Slash,0.45419131591916084,3.3168807735121493,1.5280346050858498,1.8444765833618235
-0.6156899,-0.07301615,7.066867e-05,-0.0005333334,-0.6976297,-0.06275396,3.498617e-05,0.005952082,0,Horizontal Slash,0.4541491009294987,3.3156566036634185,1.528570482507348,1.8424807417812963
-0.6189959,-0.07301614,7.066867e-05,-0.0005333334,-0.7071912,0.2144959,2.362217e-05,-0.008447924,1,Vertical Slash,0.3891829252243042,2.9556890500270767,1.7217804193496704,1.297211920620523
-0.6187352,-0.07301611,1.852537e-05,-0.0005333333,-0.7071041,0.1398084,6.19241e-06,-0.01804793,1,Vertical Slash,0.40804022550582886,3.0552157264554975,1.6746418625116348,1.4438225159517284
-0.4693514,-0.07301631,0.0001417585,-0.0005333333,-0.7070733,-0.03138663,2.924284e-08,-0.01017604,0,Horizontal Slash,0.48615166265517473,3.4502156564509314,1.407246708869934,2.0773839788782866
-0.6185939,-0.0730161,-9.689561e-06,-0.0005333333,-0.6814216,-0.07294727,-4.592472e-05,-0.0005268016,0,Horizontal Slash,0.44973939657211304,3.2983955045093545,1.5416251793503761,1.8152103571288862
-0.5626855,-0.07301611,4.869354e-06,-0.0005333333,-0.6867641,-0.07354971,5.806589e-05,-0.001067068,0,Horizontal Slash,0.4677947200834751,3.3768496827950734,1.4794953521341085,1.9461104411399488
-0.6429482,-0.0730161,7.082403e-05,-0.0005333333,-0.7000965,-0.07340868,0.0001767995,-0.002112872,0,Horizontal Slash,0.44693536683917046,3.289095617246007,1.5503169000148773,1.7986156464182899
-0.5790513,-0.07301614,7.066828e-05,-0.0005333333,-0.6438068,0.01028232,9.46561e-05,-0.01651288,1,Horizontal Slash,0.4330386072397232,3.1951408563845196,1.599523663520813,1.657342156598952
-0.7208026,-0.07301611,4.856315e-06,-0.0005333333,-0.4933823,-0.07100752,9.766281e-06,-0.002232055,1,Vertical Slash,0.32774442434310913,2.795651640420877,1.8349509537220001,1.054276654694435
0.291,-0.061,0.0,0.0,-0.327,-0.065,0.0,0.0,0,Horizontal Slash,0.49116691015660763,3.5918649348147995,1.1586580276489258,2.481214298912053
0.291,-0.061,0.0,0.0,-0.327,-0.065,0.0,0.0,0,Horizontal Slash,0.49116691015660763,3.5918649348147995,1.1586580276489258,2.481214298912053
0.1417084,-0.07355104,-0.0001416711,-0.001066699,-0.4762917,-0.07354024,-0.0001416711,-0.002132813,0,Horizontal Slash,0.49503895454108715,3.6083660889883906,1.147429496049881,2.4894602882877517
-0.008288288,-0.0735506,-0.0001423401,-0.001066667,-0.327705,-0.07354976,0.000141002,-0.002133333,0,Horizontal Slash,0.49242694256827235,3.5076254070660533,1.3119640797376633,2.248113119415138
-0.1582883,-0.0735506,-0.0001423433,-0.001066667,-0.4762951,-0.07354976,-0.0001410052,-0.002133333,0,Horizontal Slash,0.4964077863842249,3.518018913368738,1.3119744509458542,2.2428421202454367
-0.3082883,-0.0735506,-0.0001423433,-0.001066667,-0.6262884,-0.07354977,-0.0001423369,-0.002133333,0,Horizontal Slash,0.4984822495607659,3.5288700204466177,1.3143557459115982,2.2423373783980556
-0.2992696,-0.07292508,0.0005903111,-0.0005200209,-0.7055179,-0.07357836,-0.0009086156,-0.001066675,0,Horizontal Slash,0.5027691405266523,3.5722818686786333,1.2582568377256393,2.333138948076473
-0.2094077,-0.07358144,0.000949446,-0.001066814,-0.690716,-0.07355981,0.000456117,-0.001066671,0,Horizontal Slash,0.5029533549677581,3.5941322471774604,1.2138057053089142,2.395710037522074
-0.2111825,-0.0706318,0.0005207053,-0.01422334,-0.7015128,-0.07355968,0.0004528948,-0.001066671,0,Horizontal Slash,0.5031003709882498,3.598458131047887,1.2060165107250214,2.4059509322107298
-0.1305448,-0.03875907,0.0009082141,-0.0119038,-0.6961066,-0.07355967,0.0004529024,-0.001066671,0,Horizontal Slash,0.5025026202201843,3.6082758327945723,1.172602266073227,2.441884038934571
-0.2751604,-0.07284438,-0.0001373822,-0.0005070016,-0.544561,-0.07355062,0.0001438099,-0.001066667,0,Horizontal Slash,0.49389253789559007,3.496472962270534,1.3468951433897018,2.1849639315579887
-0.2989948,0.1040132,0.000394945,-0.003947348,-0.6852041,-0.07358608,-0.001120789,-0.001066671,0,Horizontal Slash,0.5060694236308336,3.51184191147753,1.3035375326871872,2.209408005294633
-0.4463212,-0.02669621,-0.000139806,-0.005226327,-0.5414901,-0.0735505,0.0001363783,-0.001066667,0,Horizontal Slash,0.46312999725341797,3.3241911390010723,1.5016742559382692,1.8728440161335485
-0.2465772,-0.07367919,0.000906806,-0.001105027,-0.6740491,-0.07356396,0.000560386,-0.001066671,0,Horizontal Slash,0.5027865569572896,3.576846734846489,1.244766503572464,2.3508693747570555
-0.1525283,-0.04418819,0.0009629743,-0.01264007,-0.7101062,-0.07355972,0.0004526485,-0.001066671,0,Horizontal Slash,0.5027273606974632,3.609015952309235,1.1754561960697174,2.440257180403669
-0.296955,-0.07390784,-0.0001371235,-0.002304998,-0.6464198,-0.07368306,6.053835e-05,-0.002147448,0,Horizontal Slash,0.5004417620075401,3.5455291463660803,1.2930111736059189,2.2772190098265876
-0.3383376,-0.07357337,0.0003585039,-0.001069124,-0.7228013,-0.07351706,0.0004538287,-0.001066675,0,Horizontal Slash,0.5023052897304296,3.5658177837435496,1.272269383072853,2.3137454761233798
-0.3150578,-0.07357429,0.000646899,-0.002142241,-0.6854647,-0.07355967,0.0004529001,-0.001066671,0,Horizontal Slash,0.5016202429542318,3.557376301699082,1.2801716774702072,2.299168819941426
0.291,-0.061,0.0,0.0,-0.327,-0.065,0.0,0.0,0,Horizontal Slash,0.49116691015660763,3.5918649348147995,1.1586580276489258,2.481214298912053
0.291,-0.061,0.0,0.0,-0.327,-0.065,0.0,0.0,0,Horizontal Slash,0.49116691015660763,3.5918649348147995,1.1586580276489258,2.481214298912053
0.1410487,-0.07354944,-9.735565e-06,-0.001066667,-0.4769513,-0.07354919,-9.735565e-06,-0.002133325,0,Horizontal Slash,0.495057272259146,3.6084033524377057,1.147426813840866,2.4894243356130357
-0.008291407,-0.07355058,-0.000141717,-0.001066667,-0.4769998,-0.07354943,-4.597494e-08,-0.002133333,0,Horizontal Slash,0.499118035484571,3.5727009420432925,1.2222836315631866,2.3808565270194553
-0.009717045,-0.07340454,0.0005421793,-0.0009944874,-0.7023318,0.0804166,-0.00158435,-0.005370755,0,Horizontal Slash,0.502447574166581,3.596917924080656,1.1728114187717438,2.4230608475588102
-0.1563106,-0.07355054,-0.0001391107,-0.001066667,-0.7101876,-0.05330211,-7.481882e-06,-0.009314625,0,Horizontal Slash,0.5024865921586752,3.6064048893079805,1.1852367222309113,2.4317469763195096
-0.3062945,-0.07355059,-0.000142328,-0.001066667,-0.6554652,-0.07390535,7.08532e-05,-0.001068889,0,Horizontal Slash,0.5004998075892217,3.5460495238818925,1.2934804111719131,2.27696813693101
-0.4562944,-0.07355059,-0.0001423432,-0.001066667,-0.5583905,0.03484125,0.0001887274,-0.01546889,0,Horizontal Slash,0.4444851875305176,3.229566548912795,1.5666962340474129,1.719817682383943
-0.307711,-0.07355057,0.0001409989,-0.001066667,-0.6072161,-0.04585146,0.0001884491,0.0005344477,0,Horizontal Slash,0.49599094735458493,3.502696824353658,1.3414070755243301,2.1907418259904836
-0.4563011,-0.07355057,-0.0001410052,-0.001066667,-0.6425455,-0.01032373,0.0006414559,-0.01062899,0,Horizontal Slash,0.4745131228119135,3.382176553732058,1.4612951129674911,1.9630288897698147
-0.6062944,-0.07355059,-0.0001423369,-0.001066667,-0.6205812,0.4026881,0.0005140419,0.0127524,1,Walk Forward,0.30320043861866,2.570304605538067,1.8830732107162476,0.7397034373544086
-0.2545059,-0.07363535,0.005999929,-0.001066667,-0.7010078,0.05618846,1.683352e-07,-0.006376202,0,Horizontal Slash,0.502880246611312,3.528144319452544,1.300031617283821,2.241490618007086
-0.3744301,-0.07354945,-1.521186e-05,-0.001066667,-0.5511318,-0.07206254,1.901488e-05,-0.003402975,0,Horizontal Slash,0.4810307491570711,3.426963849245545,1.4219975024461746,2.0491767180812244
-0.4082676,-0.07354944,4.870249e-06,-0.001066667,-0.6948158,-0.06816319,-5.143213e-05,-0.00108282,0,Horizontal Slash,0.4958895561285317,3.513427223134981,1.3423330336809158,2.1997155293355335
-0.3131646,-0.07358111,0.0009842522,-0.001066667,-0.6564552,-0.06180231,0.0006454795,-0.0008202636,0,Horizontal Slash,0.49994982406497,3.5374010330775363,1.303921952843666,2.2579973897861016
-0.4581963,-0.07354944,-9.416155e-06,-0.001066667,-0.6834098,-0.07354943,4.763046e-06,-0.001066667,0,Horizontal Slash,0.4886651476845145,3.4743237037564407,1.3871283829212189,2.122466198676554
-0.5432284,-0.07355548,0.0003378761,-0.001066667,-0.6257913,-0.0649062,-0.0002328975,0.0009633351,0,Horizontal Slash,0.4566749073565006,3.3194602842962704,1.5196163710206747,1.85493305365864
-0.518141,-0.07354943,4.812957e-06,-0.001066667,-0.7131432,-0.07354964,5.546032e-05,-0.001066667,0,Horizontal Slash,0.48315631598234177,3.450225112753396,1.4152187332510948,2.0738525648550037
-0.6276124,-0.07354973,7.082416e-05,-0.001066667,-0.694255,-0.07313616,-2.238692e-05,-0.003521667,0,Horizontal Slash,0.4502578191459179,3.3024087335278804,1.539782039821148,1.8208582508091853
-0.5779567,-0.07354974,7.066828e-05,-0.001066667,-0.6134111,-0.001197171,0.0001181121,-0.0006804176,1,Vertical Slash,0.4278462380170822,3.1752253128564787,1.6127288416028023,1.6269475406897695
-0.4276521,-0.07354944,9.758494e-06,-0.001066667,-0.7041243,-0.07390501,4.848616e-06,-0.001066825,0,Horizontal Slash,0.4951087017543614,3.511360646539485,1.3471438139677048,2.19377954612372
-0.5768952,-0.07355057,-0.000141625,-0.001066667,-0.6402508,-0.07110344,0.0004270767,-0.004927918,0,Horizontal Slash,0.4506728947162628,3.2970816402273475,1.5386851020157337,1.8167027676366314
-0.5214627,-0.07354944,7.641815e-06,-0.001066667,-0.5751976,-0.07074217,-4.027813e-05,0.002119414,0,Horizontal Slash,0.45023367926478386,3.2895267684623284,1.5393281765282154,1.8096582202143838
-0.4522884,-0.07354973,7.081748e-05,-0.001066667,-0.6495583,0.0173138,0.0004077709,-0.009063598,0,Horizontal Slash,0.47340832464396954,3.368987563123374,1.4692885484546423,1.9408853190812134
0.291,-0.061,0.0,0.0,-0.327,-0.065,0.0,0.0,0,Horizontal Slash,0.49116691015660763,3.5918649348147995,1.1586580276489258,2.481214298912053
0.291,-0.061,0.0,0.0,-0.327,-0.065,0.0,0.0,0,Horizontal Slash,0.49116691015660763,3.5918649348147995,1.1586580276489258,2.481214298912053
0.1417084,-0.07355104,-0.0001416711,-0.001066699,-0.1777084,-0.07354025,0.0001416711,-0.002132813,0,Horizontal Slash,0.4861779287457466,3.4957813648227245,1.3162295371294022,2.255047772431271
-0.008951082,-0.07354943,-9.781535e-06,-0.001066667,-0.261772,-0.073905,-5.484919e-06,-0.001066677,0,Horizontal Slash,0.4854916138574481,3.468208097611183,1.3568035513162613,2.175248095722999
-0.1582914,-0.07355058,-0.0001417172,-0.001066667,-0.6904706,-0.06909889,-0.001428896,0.005075968,0,Horizontal Slash,0.5022194429766387,3.606438782194041,1.1866872608661652,2.432474456221968
-0.3082884,-0.0735506,-0.0001423403,-0.001066667,-0.5486305,-0.07390629,0.0001349233,-0.001078664,0,Horizontal Slash,0.4908622298389673,3.4787615886350163,1.368301197886467,2.148171752524623
-0.4582883,-0.0735506,-0.0001423433,-0.001066667,-0.6289257,-0.04716612,0.0006835236,-0.01186594,0,Horizontal Slash,0.47579182870686054,3.398679252747141,1.450945183634758,1.9914584907082362
-0.261584,-0.07358593,0.001083245,-0.001066759,-0.6371921,-0.06379262,0.0006798244,0.002825877,0,Horizontal Slash,0.5013497465988621,3.551583426985455,1.2803230434656143,2.2940695790575756
-0.3044101,0.03100701,0.0003291318,-0.00824459,-0.7030481,-0.06379037,0.0005711589,0.0009894002,0,Horizontal Slash,0.5053108860738575,3.536569159340942,1.2853294014930725,2.2576472257146483
-0.3729717,0.05155681,0.0002242879,-0.006619652,-0.6698562,-0.0732943,0.0005714155,0.00481896,0,Horizontal Slash,0.49930277169914916,3.4806842140915126,1.3521421551704407,2.143338224377346
-0.5217727,-0.07278346,-9.662776e-06,-0.000478432,-0.7089959,-0.07271428,2.67273e-06,-0.00123237,0,Horizontal Slash,0.48159364610910416,3.4417388771190476,1.4228033795952797,2.0587933095537165
-0.6626044,-0.07301541,7.085835e-05,-0.00053332,-0.7178563,-0.04587448,-7.793518e-05,-0.01178909,0,Horizontal Slash,0.4386551268398762,3.246878446434244,1.5782108083367348,1.731049663109596
-0.4058715,-0.0729735,6.364488e-05,-0.0005296065,-0.6981047,-0.07337037,2.427568e-06,-0.001065368,0,Horizontal Slash,0.4966512320097536,3.5197661056891687,1.335562139749527,2.21228833884923
-0.2835566,0.02106014,0.001108557,-0.00880265,-0.670912,-0.06910443,0.0005727583,0.005075966,0,Horizontal Slash,0.5045923446305096,3.535602182193891,1.2860768288373947,2.2587769261654924
-0.283357,-0.06319495,0.0005264388,-0.0009230996,-0.6859328,-0.04374095,0.0005714117,-0.01242325,0,Horizontal Slash,0.5025351319927722,3.5514259935934365,1.2796950340270996,2.2897545090775906
-0.4300291,-0.07355224,-0.000139185,-0.001066818,-0.7014138,-0.07227437,3.889334e-05,-0.001569273,0,Horizontal Slash,0.4944642442278564,3.506839316813668,1.351991593837738,2.184947640502258
-0.5763902,-0.07354989,7.116418e-05,-0.001066667,-0.6334066,-0.06926247,-0.0003041139,0.005067395,0,Horizontal Slash,0.4496398977935314,3.29171104559481,1.542248860001564,1.8080799539704024
-0.3049774,-0.04811564,6.901572e-05,0.005942441,-0.6900236,-0.07390501,-4.818436e-06,-0.00106667,0,Horizontal Slash,0.5026538248639554,3.554808119752567,1.2777723520994186,2.295175076991716
0.291,-0.061,0.0,0.0,-0.327,-0.065,0.0,0.0,0,Horizontal Slash,0.49116691015660763,3.5918649348147995,1.1586580276489258,2.481214298912053
0.291,-0.061,0.0,0.0,-0.327,-0.065,0.0,0.0,0,Horizontal Slash,0.49116691015660763,3.5918649348147995,1.1586580276489258,2.481214298912053
0.1417084,-0.07355104,-0.0001416711,-0.001066699,0.0711111,0.06939992,0.0003777895,-0.01440001,1,Horizontal Slash,0.41213444620370865,3.152076635524008,1.596230573952198,1.67790328880121
-0.008288288,-0.0735506,-0.0001423401,-0.001066667,0.2222828,-0.07167659,0.0001434551,0.004799999,1,Vertical Slash,0.32138465344905853,2.848165156368172,1.7907871901988983,1.2063472231011492
0.1409516,-0.07354944,9.689372e-06,-0.001066667,0.4277991,0.1713254,0.0001944798,-0.009805283,1,Vertical Slash,0.20870816707611084,2.4295767080905555,1.978350043296814,0.6039129001277683
0.3783286,-0.07358044,-0.0004284977,-0.001066667,0.4287695,-0.07383044,2.220569e-09,-0.002253208,1,Horizontal Slash,0.363260954618454,3.096883802669552,1.645606353878975,1.6586829268702725
0.2269046,-0.07355061,-0.0001436946,-0.001066667,0.3512316,-0.07321223,-7.361443e-05,-0.0005695814,1,Vertical Slash,0.3493707627058029,3.0065620496402814,1.7020826190710068,1.4871644425512274
-0.07939672,-0.07355,-9.718762e-05,-0.001066667,0.3740898,-0.07301612,4.879727e-06,-0.0005333335,1,Vertical Slash,0.20181360840797424,2.4302562042800133,1.9992976486682892,0.5851632993830668
0.07006886,-0.07354943,9.704025e-06,-0.001066667,0.6725332,-0.02874937,-1.298155e-05,0.002666669,1,Vertical Slash,0.08431652188301086,2.084807878513505,2.0,0.1159596410645014
0.2986384,0.04671722,0.004295802,0.001333331,0.6724738,-0.06723834,-1.115107e-06,0.005066666,1,Vertical Slash,0.19934627413749695,2.4920491149342014,1.9662794172763824,0.7448476658950328
0.3325108,-0.07394166,-0.0001195924,-0.003218276,0.6830237,-0.07355205,0.0001425778,-0.001066785,1,Vertical Slash,0.2113213837146759,2.5929248768603057,1.938233107328415,0.9006600510548625
0.4813144,-0.0737841,9.696753e-06,-0.0023,0.4341182,-0.001384162,-1.617967e-05,-0.002366652,0,Horizontal Slash,0.37762197107076645,3.149949601644509,1.604462020099163,1.7563722250045126
0.3314115,-0.07354947,-9.732418e-06,-0.002133334,0.4340374,-0.07312743,-5.250606e-09,-0.0005460613,1,Vertical Slash,0.3459285646677017,3.0258895381363273,1.69119393825531,1.539505895925711
0.03647548,-0.05106153,-8.873288e-05,-0.002259726,0.4752096,-0.07301611,4.867783e-06,-0.0005333334,1,Vertical Slash,0.19912764430046082,2.4457212847598337,1.9929221868515015,0.626990584971688
0.1853576,-0.07337166,9.706769e-06,-0.001066662,0.6219579,-0.02874937,-1.298154e-05,0.002666669,1,Vertical Slash,0.17133131623268127,2.397468769340314,2.0,0.5826136555344522
0.3353574,-0.07354945,9.738713e-06,-0.001066667,0.6218936,-0.07336568,-4.212752e-09,-0.001060677,1,Vertical Slash,0.24729591608047485,2.708059993888643,1.8767523765563965,1.0684352674060573
0.4853575,-0.07354943,9.738724e-06,-0.001066667,0.5486223,-0.0334824,-1.298075e-05,0.0005303401,1,Vertical Slash,0.3327876478433609,3.0178832449620803,1.6951474696397781,1.5594110264028642
0.1759588,-0.07328622,-8.374482e-05,-0.0009796133,0.610445,-0.07390501,4.869887e-06,-0.001066703,1,Vertical Slash,0.18474391102790833,2.4535484816511444,2.0,0.665392442026033
0.5280403,-0.07363535,0.00599993,-0.001066667,0.6293137,-0.0735092,-2.854776e-07,-0.002104167,1,Vertical Slash,0.31321434676647186,2.9843231669129797,1.7205538749694824,1.5248119693046873
0.7056111,-0.07354945,-5.841327e-06,-0.001066667,0.6563202,0.001024527,-6.490399e-06,0.0006739575,0,Horizontal Slash,0.3392777293920517,3.099848587559029,1.641215518116951,1.7379269346269879
0.5556306,-0.07354945,-9.737459e-06,-0.001066667,0.6064079,-0.02990094,-8.111918e-06,0.001663022,1,Vertical Slash,0.3260272741317749,3.0186065116604697,1.6955962181091309,1.5778964841220915
0.4056305,-0.07354943,-9.738724e-06,-0.001066667,0.6793944,-0.05624134,-6.491035e-06,0.01116849,1,Vertical Slash,0.2412155270576477,2.707752898125443,1.8780246078968048,1.0826784250793167
0.5548737,-0.07355059,0.0001416251,-0.001066667,0.281251,0.3462024,-0.0003778201,-0.003231513,0,Horizontal Slash,0.3971121236681938,3.122977693973435,1.5978265777230263,1.6908577209767366
0.4062869,-0.07355058,-0.0001410023,-0.001066667,0.2793707,-0.03158055,-1.784206e-06,0.01361576,0,Horizontal Slash,0.42390885204076767,3.2931012390905203,1.4999418258666992,1.9671395023190412
0.411388,-0.07354944,4.890661e-06,-0.001066667,0.2541761,-0.07058918,-5.639395e-06,-0.009976144,0,Horizontal Slash,0.43460366874933243,3.342919369438472,1.4608758129179478,2.054029626967216
0.3253295,-0.07354974,7.082399e-05,-0.001066667,0.06711651,-0.07357613,-0.0008617601,-0.001066648,0,Horizontal Slash,0.46644148230552673,3.441919787420402,1.3689042180776596,2.199770956375721
0.1763903,-0.07355058,-0.0001413366,-0.001066667,-0.07577341,-0.07360226,-0.000642655,-0.001071234,0,Horizontal Slash,0.47609732300043106,3.4526135079196414,1.3635855466127396,2.1842590625173637
0.02639535,-0.0735506,-0.0001423385,-0.001066667,-0.5478729,0.1261842,-0.001617259,-0.002645903,0,Horizontal Slash,0.5027832507621497,3.538087317206882,1.2546060234308243,2.2964826682809987
-0.1241671,-0.07354949,-2.985155e-05,-0.001066667,-0.7058012,-0.06976648,-3.131223e-05,0.002538525,0,Horizontal Slash,0.5010993030155078,3.6188006506240518,1.1613473892211914,2.467822957474645
-0.2742676,-0.07354943,-9.745248e-06,-0.001066667,-0.5560064,-0.07354945,9.725401e-06,-0.001066667,0,Horizontal Slash,0.49514201981946826,3.5048396833494793,1.3379155993461609,2.2007498709342985
-0.4216134,-0.07356308,-0.0005406077,-0.001066667,-0.7195327,-0.06789725,-0.003074085,-0.001179993,0,Horizontal Slash,0.49689372326247394,3.522026793958766,1.3347817957401276,2.214555510771755
-0.5735954,-0.07355063,-0.000144224,-0.001066667,-0.4860112,-0.05781714,0.0002216015,-0.01958,1,Vertical Slash,0.391801118850708,3.039583387625839,1.6967848092317581,1.4241539334763205
-0.5913238,-0.07354973,-7.049497e-05,-0.001066667,-0.240596,0.02361365,0.001126947,-0.007875002,1,Walk Forward,0.24051693081855774,2.442028177327085,1.976777583360672,0.5484197594500007
-0.3699878,-0.07355323,0.0005451634,-0.001066667,-0.3196534,-0.07301751,-1.805471e-07,-0.0005334357,1,Vertical Slash,0.41714828461408615,3.1467242882344024,1.6237015426158905,1.6045345385268373
-0.4459741,-0.07354945,-4.95624e-06,-0.001066667,-0.1899917,-0.07373926,0.000123044,-0.002163715,1,Vertical Slash,0.3243521600961685,2.785749674592826,1.8260222375392914,1.0595979314326847
0.291,-0.061,0.0,0.0,-0.327,-0.065,0.0,0.0,0,Horizontal Slash,0.49116691015660763,3.5918649348147995,1.1586580276489258,2.481214298912053
0.291,-0.061,0.0,0.0,-0.327,-0.065,0.0,0.0,0,Horizontal Slash,0.49116691015660763,3.5918649348147995,1.1586580276489258,2.481214298912053
0.1417084,-0.07355104,-0.0001416711,-0.001066699,-0.1777084,-0.07354025,0.0001416711,-0.002132813,0,Horizontal Slash,0.4861779287457466,3.4957813648227245,1.3162295371294022,2.255047772431271
-0.008288288,-0.0735506,-0.0001423401,-0.001066667,-0.7002434,-0.07278954,-0.002215206,-0.0004231345,0,Horizontal Slash,0.49668232700787485,3.641840182564464,1.1071598827838898,2.5430794894227016
-0.1582883,-0.0735506,-0.0001423433,-0.001066667,-0.5619755,-0.07301559,0.0001312101,-0.0005333064,0,Horizontal Slash,0.5009437191183679,3.5594876786978373,1.2583557814359665,2.3267883387709616
-0.1186689,-0.06521411,0.0007312996,-0.01387763,-0.6439949,-0.07291071,0.001011518,-0.00127882,0,Horizontal Slash,0.5018549509113654,3.600525831164468,1.1888040006160736,2.4254941133483827
-0.2642404,-0.07319987,-0.0001382176,-0.0005665811,-0.4896696,-0.07355066,0.0001464478,-0.001066667,0,Horizontal Slash,0.4884062996134162,3.464634809020799,1.3784164860844612,2.1286246858765514
-0.2140797,-0.0735643,0.0005807178,-0.001066637,-0.6324414,-0.07389829,0.001118254,-0.002293923,0,Horizontal Slash,0.5021901980508119,3.5701995159745703,1.2500037550926208,2.3412070934271116
-0.2434256,0.04004966,0.0004003883,-0.007688064,-0.6112181,-0.07274424,0.001009188,-0.002677566,0,Horizontal Slash,0.5035122826229781,3.5169718853443896,1.3012731671333313,2.227351900981342
-0.3907248,-0.06514265,-0.0001397803,0.0004779849,-0.6594635,-0.07357436,-4.578282e-05,-0.002134966,0,Horizontal Slash,0.4943818673491478,3.4998671428746375,1.3535907715559006,2.1766030153379825
-0.5407121,-0.07355092,-0.0001423311,-0.001066692,-0.6248139,-0.07390864,-0.0005540229,-0.0003536637,0,Horizontal Slash,0.45857860520482063,3.3305858816191987,1.512073759920895,1.8731796446509663
-0.5332707,-0.07354945,4.890876e-06,-0.001066667,-0.5971674,-0.07302015,0.0001415947,-0.0005335167,0,Horizontal Slash,0.45298756286501884,3.3037102273746086,1.5305370297282934,1.8310611798478476
-0.3336061,-0.03420454,0.0007422344,-0.01205351,-0.5200025,-0.07291459,0.001118248,-0.001278824,0,Horizontal Slash,0.4839318562299013,3.4237482850872483,1.414867877960205,2.0487918652962755
-0.4797665,-0.07300818,-9.494694e-06,-0.0005329037,-0.6055281,-0.07355063,0.0001444543,-0.001066667,0,Horizontal Slash,0.47002010233700275,3.3788991959140926,1.4704052079468966,1.9573839453323634
-0.2461105,-0.05531256,7.52104e-05,-0.004245227,-0.6292731,-0.07354945,-4.891222e-06,-0.001066667,0,Horizontal Slash,0.5020515995565802,3.5529778570919235,1.2737800478935242,2.2998894182772394
-0.1992771,-0.06743743,0.000760577,-0.003125811,-0.6100078,-0.07389572,0.001011839,-0.002293923,0,Horizontal Slash,0.5019881117623299,3.564425694306008,1.2550057768821716,2.3310794871145144
-0.3447838,-0.07355558,-0.0001380793,-0.00213363,-0.7078658,-0.07355063,6.844637e-05,-0.002133373,0,Horizontal Slash,0.5014350389828905,3.5560406691960553,1.285698652267456,2.2923309769921065
0.291,-0.061,0.0,0.0,-0.327,-0.065,0.0,0.0,0,Horizontal Slash,0.49116691015660763,3.5918649348147995,1.1586580276489258,2.481214298912053
0.291,-0.061,0.0,0.0,-0.327,-0.065,0.0,0.0,0,Horizontal Slash,0.49116691015660763,3.5918649348147995,1.1586580276489258,2.481214298912053
0.1417084,-0.07355104,-0.0001416711,-0.001066699,-0.5758194,-0.02660005,-0.0002361185,-0.0184,0,Horizontal Slash,0.4952041506767273,3.6222347396333574,1.120736837387085,2.516404102811491
-0.008288288,-0.0735506,-0.0001423401,-0.001066667,-0.6331047,-0.0730962,-5.46082e-05,-0.0004412501,0,Horizontal Slash,0.4982973481528461,3.622448629959891,1.1401468515396118,2.4958437605849957
-0.1582883,-0.0735506,-0.0001423433,-0.001066667,-0.3845569,-0.04528626,0.0002358606,-0.01884126,0,Horizontal Slash,0.4836589340120554,3.4357503927032056,1.3963073194026947,2.091110363665881
-0.2085746,-0.07354973,7.117163e-05,-0.001066667,-0.5688045,-0.0735328,-0.001100825,-0.002130808,0,Horizontal Slash,0.49994894179326366,3.543772708403389,1.2851926684379578,2.286343124556875
-0.3575121,-0.07355057,-0.000141335,-0.001066667,-0.3254632,0.001947473,0.0002309199,-0.004134594,1,Vertical Slash,0.40685412287712097,3.0816807805569435,1.6556415855884552,1.5052169920895198
-0.2082672,-0.07354944,9.689696e-06,-0.001066667,-0.07443981,-0.05187582,1.630088e-05,-0.007932703,1,Vertical Slash,0.3733886182308197,2.985976182419139,1.7120445370674133,1.3808557130173575
-0.3600071,-0.05871775,-0.0001713796,-0.01938063,0.006179844,-0.07301743,5.294948e-05,-0.0005334001,1,Vertical Slash,0.2700669914484024,2.5946799572350194,1.913627177476883,0.7888744780741939
-0.2109189,-0.07358693,9.679947e-06,-0.002132857,-0.2434744,-0.001320271,-1.620876e-05,0.0005666753,0,Horizontal Slash,0.43144167214632034,3.1915190632822994,1.5824190601706505,1.6887685101127181
-0.06091917,-0.07354943,9.738704e-06,-0.002133333,-0.2980795,-0.073905,-3.546382e-06,-0.0004708328,0,Horizontal Slash,0.485415980219841,3.461666559941311,1.3668556362390518,2.1544526567094935
-0.2101623,-0.07354976,-0.0001416251,-0.002133333,-0.6903847,-0.07345118,0.00085835,-0.0009966613,0,Horizontal Slash,0.5029822669457644,3.5938932648800312,1.2141396701335907,2.3950371420189898
-0.3608215,-0.07354943,-9.781523e-06,-0.002133333,-0.6703862,-0.04889676,-3.15965e-05,0.001687355,0,Horizontal Slash,0.49733928870409727,3.514863691655375,1.3340094834566116,2.207294287626951
-0.4227346,-0.07354964,5.986248e-05,-0.001066667,-0.7185768,-0.05927117,-0.0001668849,-0.002164286,0,Horizontal Slash,0.49625588953495026,3.5148669217784936,1.3418316692113876,2.200412627355321
-0.4729214,-0.0730051,0.0003145561,-0.0005325868,-0.7188241,-0.07356317,-0.0005442693,-0.001066662,0,Horizontal Slash,0.49124292004853487,3.4911544241149293,1.3725991547107697,2.151261669574928
-0.4796858,-0.07301612,7.00928e-05,-0.0005333332,-0.7029642,0.03523685,-0.0001876096,-0.01546667,0,Horizontal Slash,0.47539512254297733,3.377018655684901,1.4641497433185577,1.9510869841586551
-0.6286287,-0.07301632,-0.0001413401,-0.0005333333,-0.5748532,0.5563563,0.0007294397,0.02185288,1,Walk Forward,0.21712151169776917,2.221434034547023,2.0,0.2464649478543652
-0.2768351,-0.07362209,0.005999929,-0.002133334,-0.4212077,0.03771613,3.508686e-07,0.01547357,0,Horizontal Slash,0.46110546216368675,3.3011583364838244,1.506889026146382,1.8494246170330013
-0.5993361,-0.07308875,-0.005999863,-0.0005333334,-0.4934317,-0.02098702,-1.649323e-07,-0.01670678,1,Vertical Slash,0.3738366812467575,2.9557746833997647,1.7404168397188187,1.2975727347355936
-0.4799022,-0.07301627,0.0001133375,-0.0005333334,-0.1659184,-0.05991359,0.000962803,0.001975247,1,Vertical Slash,0.2906753867864609,2.655306606189727,1.888275384902954,0.8655987030661286
-0.09695255,0.109917,0.003523423,0.001066663,-0.1613161,-0.07349377,4.234453e-05,-0.002706188,0,Horizontal Slash,0.4469257891178131,3.2164919292395484,1.5404393710196018,1.7484922928422801
-0.2292921,-0.05683834,-8.592147e-06,0.0002666656,-0.5349805,-0.06784041,-0.000133842,0.001186654,0,Horizontal Slash,0.4968748439569026,3.508056371028861,1.32668037712574,2.21262005844954
0.291,-0.061,0.0,0.0,-0.327,-0.065,0.0,0.0,0,Horizontal Slash,0.49116691015660763,3.5918649348147995,1.1586580276489258,2.481214298912053
0.291,-0.061,0.0,0.0,-0.327,-0.065,0.0,0.0,0,Horizontal Slash,0.49116691015660763,3.5918649348147995,1.1586580276489258,2.481214298912053
0.1417084,-0.07355104,-0.0001416711,-0.001066699,-0.1777084,-0.07354025,0.0001416711,-0.002132813,0,Horizontal Slash,0.4861779287457466,3.4957813648227245,1.3162295371294022,2.255047772431271
0.1249586,-0.06168339,0.0004715749,-0.0008260602,-0.224384,-0.07380677,-0.0007637979,-0.001236288,0,Horizontal Slash,0.4898549458011985,3.509385683725785,1.2980512380599976,2.2770186017530727
0.2758413,-0.06946046,0.001232752,-0.003134255,-0.2755656,-0.07361738,-0.0007680737,-0.002144601,0,Horizontal Slash,0.4909362746402621,3.577404750318645,1.1870328485965729,2.448138306307054
0.1326843,-0.07355448,-0.0001358496,-0.002133626,-0.1300961,-0.07354985,0.0001380439,-0.002133336,0,Horizontal Slash,0.4801599383354187,3.463357833681079,1.3540422469377518,2.194064826852522
0.1406329,-0.07391293,0.0005646658,-0.003266539,-0.2495063,-0.07381649,-0.0009772994,-0.001236288,0,Horizontal Slash,0.49158153124153614,3.5308921711458825,1.2706730365753174,2.3225820630826957
0.1322079,-0.07355927,0.0004970708,-0.001066471,-0.3017504,-0.07361741,-0.000769082,-0.002144601,0,Horizontal Slash,0.49386428436264396,3.5487739220725842,1.2454921305179596,2.356958110023033
-0.01461019,-0.07355055,-0.0001393237,-0.001066667,-0.4548692,-0.07354989,-0.000145303,-0.002133336,0,Horizontal Slash,0.49874792026821524,3.5626915863248785,1.2382140159606934,2.358010568399292
-0.01921022,-0.07358238,0.0005275102,-0.001069288,-0.502973,-0.07380687,-0.0007651531,-0.001236288,0,Horizontal Slash,0.49953699359321035,3.579176543069496,1.2134424149990082,2.393272277648162
-0.007408931,-0.07207566,0.0005909366,-0.004966558,-0.5541615,-0.07361738,-0.0007680803,-0.002144601,0,Horizontal Slash,0.49935517489211634,3.5989511227372555,1.1794656217098236,2.4404691513816825
-0.1537599,-0.07355053,-0.0001388805,-0.001066666,-0.4086922,-0.07354985,0.0001380439,-0.002133336,0,Horizontal Slash,0.4902023943141103,3.4791706439366687,1.355064257979393,2.170761220643785
-0.1006328,-0.07357026,0.0006858616,-0.001066749,-0.5226339,-0.07381647,-0.0009772994,-0.001236288,0,Horizontal Slash,0.5003193579614162,3.562730441429064,1.2474400401115417,2.343206352384272
-0.2465113,-0.07355053,-0.0001384322,-0.001066667,-0.4626847,-0.0739219,5.722096e-05,-0.003197616,0,Horizontal Slash,0.48679047357290983,3.4564673959009737,1.3850079998373985,2.1166296938941316
-0.3478519,-0.07354973,7.116238e-05,-0.001066667,-0.618082,-0.07292178,-0.0009371912,-0.000518982,0,Horizontal Slash,0.4944835342466831,3.5018652314973346,1.3484258949756622,2.1855290158503036
-0.4967895,-0.07355057,-0.000141335,-0.001066667,-0.7078763,-0.07176998,0.0004243638,-0.001056488,0,Horizontal Slash,0.4859516294673085,3.4625281133598973,1.4018880426883698,2.0974329785710273
0.291,-0.061,0.0,0.0,-0.327,-0.065,0.0,0.0,0,Horizontal Slash,0.49116691015660763,3.5918649348147995,1.1586580276489258,2.481214298912053
0.291,-0.061,0.0,0.0,-0.327,-0.065,0.0,0.0,0,Horizontal Slash,0.49116691015660763,3.5918649348147995,1.1586580276489258,2.481214298912053
0.1417084,-0.07355104,-0.0001416711,-0.001066699,-0.327,-0.07354006,0.0,-0.002132813,0,Horizontal Slash,0.49455501371994615,3.5608573445270597,1.2261541187763214,2.3841449796081338
-0.008288288,-0.0735506,-0.0001423401,-0.001066667,-0.327,-0.07354943,0.0,-0.002133333,0,Horizontal Slash,0.49236745201051235,3.5072651547115257,1.3124104738235474,2.2474280992470126
-0.1582883,-0.0735506,-0.0001423433,-0.001066667,-0.5763647,-0.07358101,-0.0009143056,-0.001066987,0,Horizontal Slash,0.5013382068136707,3.5657698000305493,1.2495895624160767,2.340284308109399
-0.3082883,-0.0735506,-0.0001423433,-0.001066667,-0.5809146,-0.07354943,-4.317687e-06,-0.001066667,0,Horizontal Slash,0.4945403221063316,3.5011252992361857,1.345228061079979,2.1892357459762057
-0.4582882,-0.0735506,-0.0001423433,-0.001066667,-0.6808013,-0.0735621,0.0005239911,-0.001066646,0,Horizontal Slash,0.4882846223190427,3.472044266728739,1.389243297278881,2.118382948547082
-0.6082881,-0.0735506,-0.0001423433,-0.001066667,-0.6214999,0.01080032,0.000116822,0.000133324,1,Vertical Slash,0.415760762989521,3.1222586741262295,1.6459421068429947,1.5444574464519514
-0.4590482,-0.07354944,9.689372e-06,-0.001066667,-0.621037,-0.07356595,3.791092e-08,-0.001086979,0,Horizontal Slash,0.47804454155266285,3.4171888413000855,1.4377320297062397,2.023294490542559
-0.6082916,-0.07355059,-0.0001416253,-0.001066667,-0.7227359,-0.07343184,9.623005e-05,-0.003833277,0,Horizontal Slash,0.4638355225324631,3.364144555266943,1.4936066358350217,1.9213917367181197
-0.6160425,-0.07354943,4.890761e-06,-0.001066667,-0.67586,-0.07354952,-3.490422e-05,-0.001066667,0,Horizontal Slash,0.4491012990474701,3.295453096414818,1.5435250960290432,1.8107969790539746
-0.5559851,-0.07354974,7.082399e-05,-0.001066667,-0.6786521,-0.0636497,0.0002205661,0.000652821,0,Horizontal Slash,0.46639883890748024,3.3666670473560067,1.485951160080731,1.9297788918367955
-0.5317506,-0.07354943,4.856288e-06,-0.001066667,-0.7149855,-0.03325697,4.074379e-06,-0.00312641,0,Horizontal Slash,0.47589688189327717,3.4032153989072644,1.4530785121023655,1.9914412633849348
-0.6450458,-0.07354974,7.082407e-05,-0.001066667,-0.7102583,-0.07355051,0.0001226584,-0.001066683,0,Horizontal Slash,0.4494613856077194,3.3013613309965035,1.5421935208141804,1.817752323583421
-0.4379805,-0.07355075,0.0001518829,-0.001066667,-0.6255617,0.09778114,0.0001036981,-0.0128607,0,Horizontal Slash,0.45848508551716805,3.274778178444355,1.530628638342023,1.7899979354103215
-0.5689067,-0.07354943,4.843137e-06,-0.001066667,-0.7123514,0.5100496,5.715645e-05,0.003093058,1,Walk Forward,0.32828547060489655,2.6405045904034985,1.8419108092784882,0.8453190538573384
-0.4189311,-0.07354944,9.737137e-06,-0.001066667,-0.610254,0.03675964,6.628644e-06,-0.04274695,0,Horizontal Slash,0.46681293472647667,3.330007268260487,1.4946967530995607,1.8809123721443906
-0.5681745,-0.07355058,-0.0001416251,-0.001066667,-0.610221,0.05012602,3.130291e-08,-0.01222653,1,Vertical Slash,0.4170652851462364,3.11320912579336,1.6449822187423706,1.5337414544878731
-0.4189311,-0.07354944,9.689603e-06,-0.001066667,-0.70055,-0.07367697,-5.868137e-06,-0.002194171,0,Horizontal Slash,0.49560057325288653,3.5138829045616555,1.3434754461050034,2.199564743443267
-0.431777,-0.07292182,0.0004571159,-0.0005204041,-0.671851,-0.06588656,0.0001754429,-0.004926658,0,Horizontal Slash,0.49007321428507566,3.4779425885775193,1.3803472444415092,2.13157533312571
0.291,-0.061,0.0,0.0,-0.327,-0.065,0.0,0.0,0,Horizontal Slash,0.49116691015660763,3.5918649348147995,1.1586580276489258,2.481214298912053
0.291,-0.061,0.0,0.0,-0.327,-0.065,0.0,0.0,0,Horizontal Slash,0.49116691015660763,3.5918649348147995,1.1586580276489258,2.481214298912053
0.1417084,-0.07355104,-0.0001416711,-0.001066699,-0.1777084,-0.07354025,0.0001416711,-0.002132813,0,Horizontal Slash,0.4861779287457466,3.4957813648227245,1.3162295371294022,2.255047772431271
-0.008288288,-0.0735506,-0.0001423401,-0.001066667,-0.2778499,-0.06796438,-9.502973e-05,-0.001208203,0,Horizontal Slash,0.48726164270192385,3.4757889625046348,1.3481343537569046,2.188459861040341
-0.1589511,-0.07354944,-9.781756e-06,-0.001066667,-0.3796169,-0.07355013,-6.60721e-06,-0.002134016,0,Horizontal Slash,0.48579144943505526,3.4549997028570956,1.3800261840224266,2.12672237742634
-0.08371307,-0.07357167,0.0007083975,-0.001066809,-0.5196485,-0.07357915,-0.0009386954,-0.00106665,0,Horizontal Slash,0.5002950572816189,3.5668010051329526,1.2395785748958588,2.354817381035935
-0.0143836,-0.0685285,0.000852696,-0.003078101,-0.5633957,-0.07357292,-0.0007306376,-0.001066828,0,Horizontal Slash,0.4996194459090475,3.599274088235779,1.1790791451931,2.4399128211911543
-0.1594319,-0.0735556,-0.0001376443,-0.002133653,-0.4177402,-0.07355054,0.0001382207,-0.001066667,0,Horizontal Slash,0.49083295557647943,3.4823762368453375,1.3520782142877579,2.1757547569189004
-0.3094086,-0.07354979,-0.0001423211,-0.002133334,-0.566344,-0.07355057,-0.0001410183,-0.001066667,0,Horizontal Slash,0.49290586076676846,3.490853577937764,1.3560726940631866,2.170080226426214
-0.1392096,-0.0635648,0.001245546,0.003174712,-0.6748888,-0.07358127,-0.0009383781,-0.001066828,0,Horizontal Slash,0.5021635312587023,3.6036553523330146,1.187105506658554,2.4291337599028426
-0.2823029,-0.07355191,-0.0001357891,-0.001066799,-0.6948125,-0.06882499,5.006506e-05,0.000258293,0,Horizontal Slash,0.5028406288474798,3.571955907123883,1.2560380548238754,2.334616378303086
-0.2827662,-0.04200902,0.0005465049,-0.01251383,-0.7183139,-0.07355641,0.000362984,-0.001066647,0,Horizontal Slash,0.5043426840566099,3.5764835566558024,1.2433702051639557,2.345393707496392
-0.1758808,0.230046,0.001028677,0.002267909,-0.7072049,-0.07355822,0.0003622452,-0.001066828,0,Horizontal Slash,0.5110187754034996,3.535103994219505,1.2443440854549408,2.2671333483011593
-0.3200533,-0.03949538,-0.0001368132,0.01086605,-0.6818898,-0.06881923,4.699405e-05,0.000258293,0,Horizontal Slash,0.501677019521594,3.538543092260314,1.2981848865747452,2.259514892264743
-0.4704363,-0.07258692,-9.779962e-06,-0.0007582557,-0.6935538,-0.07354333,3.28056e-06,-0.0006736967,0,Horizontal Slash,0.488246719352901,3.4727557130490485,1.389732040464878,2.118353175238333
-0.3125781,-0.07274319,7.278757e-05,-0.001617631,-0.6418946,-0.07354945,-4.868315e-06,-0.001066667,0,Horizontal Slash,0.4993640510365367,3.5356044292360607,1.3067280054092407,2.255090700299389
-0.247378,-0.06381523,0.0008452418,0.001010599,-0.6809949,-0.07357274,-0.0007262275,-0.001066828,0,Horizontal Slash,0.503177412552759,3.576563420279586,1.2434717416763306,2.3501651142903515
-0.251795,-0.07356358,0.0005104291,-0.001066808,-0.7233447,-0.07377174,0.000364817,-0.001066828,0,Horizontal Slash,0.5033831808250397,3.594451654859215,1.219380646944046,2.389940475870959
-0.2559953,-0.07356182,0.0005175227,-0.001066694,-0.7046944,-0.0735582,0.0003622409,-0.001066828,0,Horizontal Slash,0.5032334439456463,3.5861062338675045,1.2325235605239868,2.3701740885444433
0.291,-0.061,0.0,0.0,-0.327,-0.065,0.0,0.0,0,Horizontal Slash,0.49116691015660763,3.5918649348147995,1.1586580276489258,2.481214298912053
0.291,-0.061,0.0,0.0,-0.327,-0.065,0.0,0.0,0,Horizontal Slash,0.49116691015660763,3.5918649348147995,1.1586580276489258,2.481214298912053
0.1417084,-0.07355104,-0.0001416711,-0.001066699,-0.4762917,-0.07354024,-0.0001416711,-0.002132813,0,Horizontal Slash,0.49503895454108715,3.6083660889883906,1.147429496049881,2.4894602882877517
-0.008288288,-0.0735506,-0.0001423401,-0.001066667,-0.327705,-0.07354976,0.000141002,-0.002133333,0,Horizontal Slash,0.49242694256827235,3.5076254070660533,1.3119640797376633,2.248113119415138
-0.1589511,-0.07354944,-9.781756e-06,-0.001066667,-0.4769516,-0.07354943,-9.689806e-06,-0.002133333,0,Horizontal Slash,0.496418364578858,3.5180383175141414,1.3120081275701523,2.2427791094379264
-0.3082915,-0.07355059,-0.0001417172,-0.001066667,-0.7213703,-0.07358677,-0.001125946,-0.001066768,0,Horizontal Slash,0.5030139063019305,3.5763389501295033,1.2539615482091904,2.3407112461216526
-0.4582884,-0.07355059,-0.0001423403,-0.001066667,-0.4781541,0.01081402,0.0002308012,0.0001333851,1,Vertical Slash,0.4237491190433502,3.146920545643597,1.6208463907241821,1.5937704736117562
-0.6089511,-0.07354944,-9.781756e-06,-0.001066667,-0.3270849,-0.07356595,9.810463e-06,-0.001086979,1,Vertical Slash,0.30763669312000275,2.7164119687533486,1.8661515414714813,0.9454624204762384
-0.6495304,-0.07229967,-0.0001446621,-0.00208647,-0.1369708,-0.07356088,0.0002753719,-0.001067375,1,Walk Forward,0.18181303143501282,2.2621910726755416,2.0,0.28617177464879495
-0.2977532,-0.07363536,0.005999929,-0.001066667,-0.135594,-0.07354944,3.144194e-09,-0.001066667,1,Vertical Slash,0.3686489313840866,2.9649805225856323,1.7280862480401993,1.3395875079052537
-0.3307769,-0.07354944,-5.841327e-06,-0.001066667,-0.04975355,-0.03328269,1.298075e-05,0.0005333353,1,Vertical Slash,0.2999844402074814,2.6964565021909244,1.8630658388137817,0.9386788810460213
-0.4174313,-0.06073729,-0.0001889275,-0.01946473,0.133353,-0.07353981,0.0002675559,-0.001065135,1,Walk Forward,0.16602954268455505,2.2323666437169343,2.0,0.26061859834786255
-0.06587557,-0.07362191,0.005999929,-0.002133326,-0.01530756,-0.07354943,-3.394849e-07,-0.001066667,1,Horizontal Slash,0.40828824788331985,3.1461234853342646,1.6149355247616768,1.6446230201672947
-0.185837,-0.07354943,-7.788472e-06,-0.002133333,-0.01530925,-0.07354943,-1.101692e-10,-0.001066667,1,Vertical Slash,0.3621557801961899,2.9559836349148623,1.7309832721948624,1.3400473557226182
-0.03592457,-0.07354943,9.733036e-06,-0.002133333,0.01935121,-0.04303347,2.250324e-06,-0.00533752,1,Vertical Slash,0.398202545940876,3.1031312235854243,1.6389996856451035,1.581609840535434
-0.3273791,-0.07270255,-0.0002176427,-0.002103482,0.3113855,-0.07355233,0.0002285278,-0.001066666,1,Walk Forward,0.10636648535728455,2.0577907542389777,2.0,0.02141805694804195
0.07137092,-0.03209522,3.236359e-05,0.0002517428,0.4624669,-0.07354945,1.226215e-05,-0.001066667,1,Vertical Slash,0.22226494550704956,2.523495440205586,1.95330011844635,0.7456113793524781
-0.04188015,-0.07348473,-0.0005415671,-0.0009908683,0.3128906,-0.07354975,-7.250595e-05,-0.001066667,1,Vertical Slash,0.2558637857437134,2.6186751374848773,1.9096914231777191,0.864168647978594
0.1053642,-0.07354945,9.559813e-06,-0.001066667,0.4053915,-0.07301239,0.0001647869,-0.000533133,1,Vertical Slash,0.271712526679039,2.712472716576255,1.8661197423934937,1.0267991676553794
0.01257561,-0.07352547,-0.000200791,-0.003537578,0.41332,0.0852889,0.0001212596,-0.01340332,1,Vertical Slash,0.17858335375785828,2.323982017167831,2.0,0.43695766691501964
0.3640719,-0.07363535,0.005999929,-0.001066667,0.5639222,-0.07289828,3.439243e-07,-0.0005175717,1,Vertical Slash,0.2900940179824829,2.8552055373997303,1.79508438706398,1.291486457171989
0.06908198,-0.07355017,-0.0001128554,-0.001066667,0.5460314,-0.0730161,4.867727e-06,-0.0005333333,1,Vertical Slash,0.17277735471725464,2.3801693534359174,2.0,0.5388041978718363
0.217812,-0.07355057,0.0001411381,-0.001066667,0.6620826,-0.04741615,-0.0001180707,-0.01893334,1,Vertical Slash,0.16219672560691833,2.3859846517578633,2.0,0.5745448079831355
0.2267481,-0.07207529,-0.0001247052,-0.002076855,0.660555,-0.07355219,0.0001318972,-0.001066927,1,Vertical Slash,0.1780690848827362,2.4491984888907714,2.0,0.6699392382297737
0.3760762,-0.07354944,9.695096e-06,-0.001066667,0.5905695,-0.07301922,-4.543793e-06,-0.0005334831,1,Vertical Slash,0.28087449073791504,2.8294614561411255,1.8102269768714905,1.2560752025853836
0.5260761,-0.07354944,9.73871e-06,-0.001066667,0.6722189,-0.05901927,-8.732616e-05,-0.0003612431,1,Vertical Slash,0.28821228444576263,2.8997561678780257,1.7716673910617828,1.3953140015716814
0.5516931,-0.07354943,-4.869362e-06,-0.001066667,0.65061,-0.07355,-7.409697e-05,-0.001066693,1,Vertical Slash,0.31084680557250977,2.9847541776891657,1.7206594347953796,1.5315082456714764
0.291,-0.061,0.0,0.0,-0.327,-0.065,0.0,0.0,0,Horizontal Slash,0.49116691015660763,3.5918649348147995,1.1586580276489258,2.481214298912053
0.291,-0.061,0.0,0.0,-0.327,-0.065,0.0,0.0,0,Horizontal Slash,0.49116691015660763,3.5918649348147995,1.1586580276489258,2.481214298912053
0.1417084,-0.07355104,-0.0001416711,-0.001066699,-0.1777084,-0.07354025,0.0001416711,-0.002132813,0,Horizontal Slash,0.4861779287457466,3.4957813648227245,1.3162295371294022,2.255047772431271
-0.008288288,-0.0735506,-0.0001423401,-0.001066667,-0.326295,-0.07354977,-0.000141002,-0.002133333,0,Horizontal Slash,0.49230769788846374,3.506904691696794,1.312856987118721,2.246742798198616
-0.08248425,-0.0739062,0.0002070926,-0.00325567,-0.3370592,0.02967001,-0.0005931951,-0.008281522,0,Horizontal Slash,0.4811460543423891,3.407474503493209,1.4123238921165466,2.0486572300196046
0.01196206,-0.04423924,0.000894852,-0.01274545,-0.4183194,0.1851436,-0.000803635,0.001192573,0,Horizontal Slash,0.4942230791784823,3.429991270435504,1.3709224611520767,2.0886614153944985
-0.1328229,-0.07390787,-0.0001374453,-0.002301705,-0.2730269,-0.02094017,0.000137876,0.006603713,0,Horizontal Slash,0.46525249257683754,3.3453735842149395,1.470774257555604,1.9424531459417809
-0.2827986,-0.07355087,-0.0001423201,-0.002133375,-0.2242404,0.06719039,4.629623e-05,-0.0163279,1,Vertical Slash,0.37788689136505127,2.9535033216798605,1.7194640189409256,1.3198966071516285
-0.05492388,0.03498202,0.004282742,0.0002666239,-0.1798516,-0.0302641,0.0008342567,-0.0184595,0,Horizontal Slash,0.4560675732791424,3.273995224688331,1.5061449422501028,1.8408914275799806
-0.1834684,-0.0700568,-8.345733e-06,0.001216665,-0.1279172,-0.07337166,3.407441e-06,-0.001066666,1,Vertical Slash,0.4114978313446045,3.13867694283588,1.6215449944138527,1.6154283189250889
-0.2502462,-0.07354944,-4.866428e-06,-0.001066667,0.1244524,-0.06169388,0.0001967622,-0.003397789,1,Vertical Slash,0.25410543382167816,2.560360414042576,1.9318626821041107,0.7497184106782466
-0.1003192,-0.07354943,9.733982e-06,-0.001066667,0.1737365,-0.073905,3.200563e-06,-0.002545587,1,Vertical Slash,0.30463968217372894,2.769533801148037,1.831807941198349,1.0760626179843957
0.04968082,-0.07354945,9.738724e-06,-0.001066667,0.426105,-0.06433155,0.0001967621,-0.00496752,1,Vertical Slash,0.231215238571167,2.5595429588265706,1.9410754442214966,0.7930761192379848
-0.04291786,-0.0731025,-6.549798e-05,2.986826e-05,0.2771372,-0.07354944,-9.67171e-06,-0.001066667,1,Vertical Slash,0.27512164413928986,2.682667574729605,1.8774169981479645,0.9574113012807999
0.1060479,-0.07355059,0.0001413618,-0.001066667,0.3251895,-0.0501035,4.559946e-05,-8.638948e-07,1,Vertical Slash,0.31009523570537567,2.83189947348862,1.7993026971817017,1.200686596181888
-0.1519808,0.02912556,-0.001558227,-0.008355873,0.6088895,-0.004105399,0.001588328,-0.01014841,1,Walk Forward,0.0,1.689622538280705,2.0,0.0
0.1927285,-0.07363536,0.005999913,-0.001066667,0.466996,-0.07337166,-3.244043e-07,-0.001066666,1,Vertical Slash,0.27455537021160126,2.7490264282593557,1.8495303690433502,1.0976394190990553
-0.0240939,-0.07355005,-0.0001024977,-0.001066667,0.3835779,-0.07354944,4.867833e-06,-0.001066667,1,Vertical Slash,0.2237958014011383,2.5175948947213254,1.9599270820617676,0.7202726083252431
-0.1279982,-0.07351732,-6.889163e-05,-0.002131186,0.2336509,-0.07354944,-9.733982e-06,-0.001066667,1,Vertical Slash,0.2588832378387451,2.6073027634369934,1.9130769073963165,0.834554411089616
-0.2809179,-0.07385819,-8.410018e-05,-0.003448581,0.08365089,-0.07354943,-9.738724e-06,-0.001066667,1,Vertical Slash,0.26543276011943817,2.5978436989832767,1.9154044389724731,0.8011783915415766
-0.131387,-0.07354945,9.708274e-06,-0.001066667,0.2335536,-0.07354943,9.732402e-06,-0.001066667,1,Vertical Slash,0.2569752186536789,2.6000663513828135,1.9165433645248413,0.8235084199168891
-0.2836651,-0.07336999,-8.408276e-05,-0.00106423,0.08365088,-0.07354945,-9.732405e-06,-0.001066667,1,Vertical Slash,0.26336342096328735,2.5900108376731628,1.9190343618392944,0.7894400773136725
-0.4255071,-0.07354982,-8.060707e-05,-0.001066667,-0.06634913,-0.07354944,-9.738724e-06,-0.001066667,1,Vertical Slash,0.2704269140958786,2.593445254376118,1.9178619384765625,0.7801845574298328
0.291,-0.061,0.0,0.0,-0.327,-0.065,0.0,0.0,0,Horizontal Slash,0.49116691015660763,3.5918649348147995,1.1586580276489258,2.481214298912053
0.291,-0.061,0.0,0.0,-0.327,-0.065,0.0,0.0,0,Horizontal Slash,0.49116691015660763,3.5918649348147995,1.1586580276489258,2.481214298912053
0.1410609,-0.07354945,-1.216946e-05,-0.001066667,-0.4769391,-0.07301586,-1.216946e-05,-0.0005333252,0,Horizontal Slash,0.49506545858457685,3.608419503053301,1.1473551988601685,2.489424897373578
-0.008291339,-0.07355058,-0.0001417285,-0.001066667,-0.6262914,-0.07301631,-0.0001417285,-0.0005333333,0,Horizontal Slash,0.49843156535644084,3.6204299902640162,1.143596202135086,2.4909755437242227
-0.1589511,-0.07354944,-9.781558e-06,-0.001066667,-0.4770487,-0.0730161,9.689569e-06,-0.0005333333,0,Horizontal Slash,0.4964581821113825,3.518145918064708,1.311831995844841,2.2429485738682287
-0.2022486,-0.07354993,9.15173e-05,-0.001066667,-0.4783343,-0.07354949,-3.715442e-05,-0.001066665,0,Horizontal Slash,0.49356382712721825,3.4964881766185587,1.3404517024755478,2.195313948232013
-0.3510848,-0.07355058,-0.0001412389,-0.001066667,-0.6278108,-0.07355059,-0.0001418465,-0.001066667,0,Horizontal Slash,0.49517652997747064,3.5065657394295,1.3437858670949936,2.1939539727721478
-0.5010793,-0.0735506,-0.0001423381,-0.001066667,-0.6648422,-0.07261471,0.0003917559,-0.002660075,0,Horizontal Slash,0.47754035890102386,3.418274864868755,1.440629780292511,2.0208344006870846
-0.6510792,-0.0735506,-0.0001423433,-0.001066667,-0.629437,-0.001827572,0.0001171342,0.0007349806,1,Vertical Slash,0.4034554958343506,3.077640101343578,1.6761688143014908,1.4745879991490218
-0.5018393,-0.07354944,9.689372e-06,-0.001066667,-0.2289813,-0.05357327,2.59995e-05,0.01163251,1,Vertical Slash,0.3118513971567154,2.729320757884802,1.8532231152057648,0.9717960694241322
-0.3524994,-0.07355057,0.0001417168,-0.001066667,-0.4776712,0.264007,-0.0002359956,-0.006767493,1,Vertical Slash,0.40462758392095566,2.9950559531766077,1.681217834353447,1.3719419659068686
-0.2018397,-0.07354944,9.781551e-06,-0.001066667,-0.4730481,0.01210627,3.001538e-07,-0.0008509109,0,Horizontal Slash,0.48804069776088,3.439746312475018,1.391204573214054,2.087918299823609
-0.3516721,-0.07354948,-2.376071e-05,-0.001066667,-0.622786,-0.07387762,-2.376823e-05,-0.002053182,0,Horizontal Slash,0.49457738315686584,3.502770251137892,1.347889319062233,2.186792181243355
-0.4984106,-0.07356872,-0.0006760753,-0.001066667,-0.5960026,0.01035816,0.003422403,0.0008451734,0,Horizontal Slash,0.4486277140676975,3.25690387084484,1.5533249527215958,1.758741075585219
-0.6510665,-0.07355063,-0.0001448638,-0.001066667,-0.7209685,-0.06696749,6.27546e-05,0.001411294,0,Horizontal Slash,0.44960523024201393,3.301140594213359,1.5424352698028088,1.8167703661552383
-0.6054319,-0.07354944,4.891287e-06,-0.001066667,-0.6658747,-0.02597698,4.061577e-06,-0.001105645,0,Horizontal Slash,0.44029562547802925,3.240684088482943,1.5755729153752327,1.7254233503968022
-0.5463125,-0.07354974,7.082399e-05,-0.001066667,-0.6177884,-0.07168648,0.0006186772,-0.001160698,0,Horizontal Slash,0.45446188747882843,3.311298816475519,1.5261449348181486,1.841877738652367
-0.5039066,-0.07354974,7.066828e-05,-0.001066667,-0.6790524,0.03485669,9.517777e-05,-0.0155607,0,Horizontal Slash,0.4637809880077839,3.322275523848012,1.5069995881058276,1.8606733803548594
-0.6531916,-0.07354975,-7.236472e-05,-0.001066667,-0.5289403,-0.05208874,7.27657e-05,-0.003890175,1,Vertical Slash,0.3735375553369522,2.9680398822030973,1.740909144282341,1.3118031591698909
-0.6428425,-0.07354944,-7.587561e-06,-0.001066667,-0.3639309,-0.073556,0.0002409158,-0.001066955,1,Vertical Slash,0.3076983094215393,2.7165844292398775,1.8678678274154663,0.9435168564642594
-0.700858,-0.07389066,-0.0001626733,-0.003552778,-0.3592612,-0.04800718,3.450655e-05,0.00172559,1,Vertical Slash,0.26576530933380127,2.5529235471015026,1.9425015449523926,0.7022814779395907
-0.5517195,-0.07354943,9.682773e-06,-0.001066667,-0.35912,-0.07355312,1.119802e-08,-0.002133563,1,Vertical Slash,0.3531324714422226,2.8901315245044255,1.7774342894554138,1.204338929161931
-0.6906102,-0.07354953,4.502874e-05,-0.001066665,-0.3880585,-0.07354943,4.867781e-06,-0.002133334,1,Vertical Slash,0.2931293249130249,2.662447191258042,1.8958138525485992,0.8617786377507891
-0.5404339,-0.07354945,9.750175e-06,-0.001066667,-0.3017324,0.2705849,0.0001870628,-0.0101944,1,Walk Forward,0.22155961394309998,2.3078228815378283,2.0,0.36192321763474017
-0.3118642,0.0467172,0.004295806,0.001333331,-0.3008775,0.1332026,1.606857e-05,0.009097203,1,Vertical Slash,0.37937868386507034,2.8900946823755174,1.7277820706367493,1.226292086433335
-0.06370497,-0.0510962,0.004663975,0.006933333,-0.6664442,0.4092718,-0.006870569,0.0154972,0,Horizontal Slash,0.5010245144367218,3.410706545960751,1.3814885690808296,2.03217601834527
-0.1895999,-0.07233553,-0.0001196461,-0.003066667,-0.4518155,0.8196045,0.0002036731,-0.002902805,1,Walk Forward,0.3068491965532303,2.5039637751590527,1.8586714267730713,0.6701470896304761
0.0383784,0.02593112,0.00428469,-0.0006666685,-0.5444558,0.8296936,-0.001741109,-0.008682806,1,Vertical Slash,0.4325658455491066,2.9652362289625436,1.6330973505973816,1.3522981828187404
0.09162991,-0.03873335,3.457344e-06,0.007963603,-0.4032071,0.08418626,9.170543e-06,0.0163414,0,Horizontal Slash,0.49929053458618,3.50822625677957,1.2856723815202713,2.2507889253189086
-0.05724614,-0.06149108,-0.0002213355,-0.005581802,-0.4624764,0.225897,-8.811631e-05,-0.0119586,0,Horizontal Slash,0.48868855834007263,3.3871057450183746,1.413408987224102,2.0044184936758085
-0.2076393,-0.07355049,-0.0001427163,-0.001066661,-0.4249409,-0.02044545,3.561951e-05,0.009473356,0,Horizontal Slash,0.48285803757607937,3.4218102112158353,1.410409040749073,2.058389263283568
-0.3583039,-0.07354944,-9.781876e-06,-0.001066667,-0.5744231,-0.07251292,-9.724004e-06,-0.001807915,0,Horizontal Slash,0.48763399943709373,3.4614346698707297,1.389489859342575,2.1109071328750666
-0.5076443,-0.07355058,-0.0001417172,-0.001066667,-0.673371,-0.07210604,0.0001180822,0.007703959,0,Horizontal Slash,0.47854478657245636,3.4238484189039378,1.436579741537571,2.029462153164749
-0.5356228,-0.07354974,7.117014e-05,-0.001066667,-0.7059929,0.1511889,-0.000118338,-0.01069605,1,Horizontal Slash,0.4396361969411373,3.182560050560602,1.593420185148716,1.63997158435918
-0.6845604,-0.07355058,-0.000141335,-0.001066667,-0.4577623,-0.06711631,0.0002355596,-0.02909605,1,Vertical Slash,0.3240755945444107,2.7783863748761233,1.8403520584106445,1.0317006220149132
-0.5353156,-0.07354944,9.689696e-06,-0.001066667,-0.3535218,0.02135829,9.790882e-05,-0.01875711,1,Vertical Slash,0.32833532989025116,2.7654226034315785,1.8288373947143555,1.0222824256406589
-0.6861413,-0.07274835,5.022091e-05,-0.0004427524,-0.3666468,-0.07231884,4.851895e-06,-1.384038e-05,1,Vertical Slash,0.2844951003789902,2.6293670790757324,1.910326600074768,0.8139324624569667
-0.6921533,-0.072898,0.0001106958,0.0001009436,-0.4064143,-0.0735499,8.785949e-05,-0.001066667,1,Vertical Slash,0.30145128071308136,2.693710944353134,1.8814349472522736,0.9072159838386349
-0.5416488,-0.07354944,9.771486e-06,-0.001066667,-0.006104868,-0.03328247,2.599002e-05,0.0005333353,1,Walk Forward,0.15845128893852234,2.179976106515055,2.0,0.17543510222761632
-0.3916485,-0.07354945,9.738733e-06,-0.001066667,0.2439439,-0.02701624,1.623437e-05,-0.0006666662,1,Walk Forward,0.09622010588645935,1.9951446229475824,2.0,0.0
0.005448411,0.06138381,0.0005903679,-0.01226667,0.3929177,-0.07305039,0.0002214808,-0.0005291667,1,Vertical Slash,0.2314472496509552,2.4986695565535975,1.9454784095287323,0.6992159506595034
0.1582215,-0.07304881,9.927147e-06,-0.001666667,0.5439759,-0.07301611,9.807437e-06,-0.0005333333,1,Vertical Slash,0.21611222624778748,2.547704885289005,1.9528212547302246,0.7974042501505815
0.07782036,-0.04453622,-0.0002363128,-0.01793609,0.3942106,-0.07301614,-3.712608e-05,-0.0005333334,1,Vertical Slash,0.269205704331398,2.6846766176828796,1.8745487928390503,0.9817278553743108
0.2263349,-0.07343534,9.658872e-06,-0.002121711,0.6439437,-0.05274938,1.621389e-05,-0.007333333,1,Vertical Slash,0.18121811747550964,2.451562377253353,2.0,0.6710472172729769
0.3763345,-0.07354943,9.738696e-06,-0.002133333,0.662527,-0.07354943,-4.870412e-06,-0.001066666,1,Vertical Slash,0.24097222089767456,2.7025056801520386,1.88144850730896,1.0698897590771879
0.2191634,-0.07358504,-8.547353e-05,-0.002135918,0.5612477,-0.07354945,4.868572e-06,-0.001066667,1,Vertical Slash,0.233396977186203,2.6239076560574213,1.9167561531066895,0.9204570075175622
0.3686875,-0.07354945,9.707825e-06,-0.002133334,0.5789353,-0.03328269,-1.298154e-05,0.0005333353,1,Vertical Slash,0.27577613294124603,2.7959726397575024,1.82511568069458,1.2005682051475692
0.5186873,-0.07354945,9.738713e-06,-0.002133334,0.3289514,-0.02701613,-1.623015e-05,-0.0006666662,0,Horizontal Slash,0.4270460903644562,3.331632394696383,1.4661067612469196,2.057424579992065
0.3694441,-0.07354978,-0.0001416251,-0.002133334,0.6960357,0.09138379,-0.0001888564,-0.01506667,1,Vertical Slash,0.1752851903438568,2.4310929466079756,2.0,0.658200689934977
0.5186875,-0.07354945,9.689603e-06,-0.002133334,0.445173,-0.0637828,-1.628722e-05,0.001233333,0,Horizontal Slash,0.39290326833724976,3.231130870621645,1.5496421866118908,1.9019382734204318
0.291,-0.061,0.0,0.0,-0.327,-0.065,0.0,0.0,0,Horizontal Slash,0.49116691015660763,3.5918649348147995,1.1586580276489258,2.481214298912053
0.291,-0.061,0.0,0.0,-0.327,-0.065,0.0,0.0,0,Horizontal Slash,0.49116691015660763,3.5918649348147995,1.1586580276489258,2.481214298912053
0.1417084,-0.07355104,-0.0001416711,-0.001066699,-0.4097458,-0.07287859,-7.852205e-05,-0.0036,0,Horizontal Slash,0.4954860941506922,3.587997494360381,1.1820362508296967,2.4431381693455654
-0.008288288,-0.0735506,-0.0001423401,-0.001066667,-0.260845,-0.07355054,0.0001413002,-0.001066666,0,Horizontal Slash,0.4854185236617923,3.4677724289038325,1.3571865409612656,2.174547018566036
0.04556014,-0.07369717,0.000673992,-0.002737422,-0.4321713,-0.07293876,-0.001248474,-0.0005202064,0,Horizontal Slash,0.49779506074264646,3.5719938727738763,1.2178154587745667,2.3892702955438296
-0.1010223,-0.07354944,-9.516842e-06,-0.001066667,-0.588363,-0.0730161,-1.014072e-05,-0.0005333333,0,Horizontal Slash,0.5013256641104817,3.58689457116206,1.210739940404892,2.3964716911908637
-0.06014422,-0.07357253,0.0007346807,-0.001066802,-0.6944399,-0.07367936,-0.001035681,-0.001226254,0,Horizontal Slash,0.4989423247752711,3.6297613010077066,1.134418100118637,2.5052281576999467
-0.2057798,-0.07355053,-0.0001382016,-0.001066667,-0.6605538,-0.07354975,7.328096e-05,-0.001066667,0,Horizontal Slash,0.502733237342909,3.5840955992593595,1.228611320257187,2.3732738832176192
-0.174737,-0.05379116,0.0006917086,-0.01320604,-0.7018758,-0.07292686,0.0005176436,-0.0005202064,0,Horizontal Slash,0.5030507147312164,3.6033128656556412,1.1896656155586243,2.423142770971249
-0.3205172,-0.07336721,-0.0001384046,-0.002109328,-0.6940311,-0.07340233,3.803879e-05,-0.000632513,0,Horizontal Slash,0.5018118908628821,3.5593428381046452,1.2782709151506424,2.3025120441829925
-0.2947916,-0.06307913,0.0006672139,-0.0009304414,-0.6849595,-0.07292728,0.0005177268,-0.00052018,0,Horizontal Slash,0.5025194559711963,3.5615725125109625,1.2700520306825638,2.3108543754917195
-0.2366572,0.03513866,0.0008018665,-0.007994322,-0.6909623,-0.07356295,0.0005165943,-0.00122628,0,Horizontal Slash,0.5063146171160042,3.558987899068581,1.247870296239853,2.3137235206488462
-0.3819535,-0.06350219,-0.0001378844,0.002801421,-0.6995438,-0.07390513,3.804126e-05,-0.002511679,0,Horizontal Slash,0.49878822872415185,3.5298043920755178,1.3201292753219604,2.234648374600184
-0.5319315,-0.07347294,-0.0001423222,-0.002126557,-0.6103684,-0.07362418,0.0005690666,-0.002135669,0,Horizontal Slash,0.45717039704322815,3.3228368747733885,1.5167947765439749,1.8616423938838766
-0.4994369,-0.07354944,7.117157e-05,-0.002133332,-0.604112,-0.07293739,0.0005539063,-0.000525314,0,Horizontal Slash,0.4647908993065357,3.355411776974532,1.4900625627487898,1.9170845079790395
-0.6490324,-0.07354943,-9.712467e-06,-0.002133333,-0.7148262,-0.07370168,-3.59278e-05,-0.00216085,0,Horizontal Slash,0.44952359423041344,3.3022668538808806,1.541930217295885,1.8189001408117584
-0.240818,-0.07390601,0.0001155014,-0.001095604,-0.6955089,-0.07354946,2.430976e-06,-0.002133334,0,Horizontal Slash,0.5031284727156162,3.58706890418373,1.2290427386760712,2.374640927497644
-0.3895349,-0.07355057,-0.0001411256,-0.001066667,-0.6626025,-0.07354952,7.082979e-05,-0.002133334,0,Horizontal Slash,0.4948037895374,3.5062009695839436,1.348262533545494,2.188562101459065
-0.2539069,-0.06729667,0.00112475,0.005197247,-0.6746132,-0.07293798,0.0006241536,-0.0005253134,0,Horizontal Slash,0.5028376039117575,3.571738552607338,1.2519657760858536,2.338406529869541
0.291,-0.061,0.0,0.0,-0.327,-0.065,0.0,0.0,0,Horizontal Slash,0.49116691015660763,3.5918649348147995,1.1586580276489258,2.481214298912053
0.291,-0.061,0.0,0.0,-0.327,-0.065,0.0,0.0,0,Horizontal Slash,0.49116691015660763,3.5918649348147995,1.1586580276489258,2.481214298912053
0.1417084,-0.07355104,-0.0001416711,-0.001066699,-0.2290918,-0.05275137,9.30209e-05,-0.00184321,0,Horizontal Slash,0.4901314778253436,3.512809263131609,1.2931236624717712,2.2848778189953025
-0.008288288,-0.0735506,-0.0001423401,-0.001066667,-0.3206592,-0.07390513,-8.691653e-05,-0.0005045987,0,Horizontal Slash,0.49188301526010036,3.504325157505984,1.3159876316785812,2.2418904042597885
-0.03399531,-0.07390981,0.0004309015,-0.0007641305,-0.4113874,-0.0735803,-0.0009626021,-0.001066666,0,Horizontal Slash,0.4970110149588436,3.5384688930553336,1.274748906493187,2.304091153067787
-0.1817808,-0.07354945,-1.199466e-05,-0.001066667,-0.5830225,-0.07337571,-0.0001110758,-0.0006241557,0,Horizontal Slash,0.50125452876091,3.560499222181255,1.2597132176160812,2.3252699000247503
-0.3311322,-0.07355058,-0.0001417277,-0.001066667,-0.3347558,0.01259941,0.0002355939,0.002312079,1,Vertical Slash,0.4192914143204689,3.129555430088261,1.6248999238014221,1.5797523346828595
-0.1825459,-0.07355057,0.0001410018,-0.001066667,-0.3335834,-0.06960642,1.112561e-06,0.00297802,0,Horizontal Slash,0.47415062971413136,3.3958903925342043,1.435350701212883,2.0216423059738684
-0.3311358,-0.07355057,-0.0001410052,-0.001066667,-0.4339072,-0.05467055,-9.520275e-05,-0.0001090104,0,Horizontal Slash,0.46296434476971626,3.3353139860380114,1.491652394644916,1.9019187522415821
-0.3351463,-0.07354973,7.116847e-05,-0.001066667,-0.7110129,0.02591821,0.0007228826,-0.008828626,0,Horizontal Slash,0.49950665346113965,3.508878882089748,1.3324205875396729,2.195701188499267
-0.4840838,-0.07355057,-0.000141335,-0.001066667,-0.3093044,-0.0515689,0.0003812033,-0.02322863,1,Vertical Slash,0.3533129245042801,2.8848548141025425,1.7745789587497711,1.2021151532413095
-0.4144947,-0.07354973,-7.05018e-05,-0.001066667,-0.1495773,-0.07307423,0.0008615203,-0.0005410243,1,Vertical Slash,0.32005904614925385,2.772372728269318,1.8317173719406128,1.0427938946999622
-0.03242384,0.1019169,0.003515337,0.0005333293,0.09354575,0.05375142,0.002236914,-0.002941027,1,Vertical Slash,0.3362991362810135,2.7804392117450187,1.7824344038963318,1.098989329682535
-0.03935457,-0.06088289,-5.438179e-06,-0.003466667,0.2243539,-0.02719466,1.261779e-05,0.008670514,1,Vertical Slash,0.29593855142593384,2.732137518871346,1.8444544970989227,1.027883974076207
0.1105696,-0.07354944,9.733796e-06,-0.001066667,-0.02550195,-0.003056321,-1.622184e-05,-0.02892949,0,Horizontal Slash,0.44651439785957336,3.297517250417975,1.4989278614521027,1.905042000417405
0.05650415,-0.07354945,4.866202e-06,-0.001066667,-0.03307885,-0.03941792,-7.11845e-06,0.0002651412,0,Horizontal Slash,0.4444946348667145,3.292071063882445,1.507231876719743,1.8899996213390806
0.07224314,-0.07354943,4.866991e-06,-0.001066667,-0.1685609,-0.0733523,-0.0001287516,-0.001045264,0,Horizontal Slash,0.4802052229642868,3.4535147824899166,1.367663249373436,2.1643477877842776
-0.0770243,-0.07355057,-0.0001416481,-0.001066667,-0.4180211,-0.0600387,-0.0002367265,-0.01944527,0,Horizontal Slash,0.49543221900239587,3.5145554021510224,1.3080007433891296,2.2481334364214227
-0.009437417,0.02900988,0.0002469483,-0.01473831,-0.3924604,-0.07346885,-3.567786e-05,-0.002120629,0,Horizontal Slash,0.4994816812686622,3.5126260121613275,1.2865642309188843,2.255501909016454
-0.1581062,-0.07390501,-9.655422e-06,-0.003289428,-0.54259,-0.07354943,-9.74714e-06,-0.002133333,0,Horizontal Slash,0.500253615580732,3.5515388606490883,1.2693198323249817,2.3102003457801854
-0.3074459,-0.07355056,-0.0001417166,-0.001066666,-0.6919302,-0.07354976,-0.0001417171,-0.002133333,0,Horizontal Slash,0.5021115767303854,3.563159111536323,1.27168570458889,2.3123693500479194
-0.2572489,-0.07299159,5.2477e-05,-0.0005316222,-0.5426872,-0.07354943,9.689573e-06,-0.002133333,0,Horizontal Slash,0.4952471279539168,3.505470493625259,1.3355180472135544,2.2042715945882243
-0.4062794,-0.07301629,-0.0001414232,-0.0005333329,-0.6552861,-0.06427842,0.0005888059,0.0007753801,0,Horizontal Slash,0.4915703423321247,3.4841623778967103,1.3715521693229675,2.1455249709155453
-0.5562749,-0.07301632,-0.0001423389,-0.0005333333,-0.5909958,0.1658058,0.0007718906,-0.000421294,1,Vertical Slash,0.3863768205046654,2.951098354577613,1.7234879285097122,1.29353559578398
-0.4070351,-0.07301611,9.689372e-06,-0.0005333333,-0.64116,-0.04649704,-3.256904e-06,-0.01010935,0,Horizontal Slash,0.4875686690211296,3.4565491320598984,1.3965549245476723,2.0955512680073722
0.291,-0.061,0.0,0.0,-0.327,-0.065,0.0,0.0,0,Horizontal Slash,0.49116691015660763,3.5918649348147995,1.1586580276489258,2.481214298912053
0.291,-0.061,0.0,0.0,-0.327,-0.065,0.0,0.0,0,Horizontal Slash,0.49116691015660763,3.5918649348147995,1.1586580276489258,2.481214298912053
0.1417084,-0.07355104,-0.0001416711,-0.001066699,-0.1777084,-0.07354025,0.0001416711,-0.002132813,0,Horizontal Slash,0.4861779287457466,3.4957813648227245,1.3162295371294022,2.255047772431271
0.08530045,-0.07355522,0.000288856,-0.001066759,-0.1642115,0.3007144,-0.0004865621,0.007587901,0,Horizontal Slash,0.43905121088027954,3.1686646402181293,1.566762961447239,1.6773657775888533
0.2360296,-0.0735506,0.0001430352,-0.001066667,-0.3159245,0.041224,-0.0001439688,-0.0308121,0,Horizontal Slash,0.4946043179370463,3.5417878679668178,1.2387933433055878,2.3501836055748733
0.08744974,-0.07355057,-0.0001409956,-0.001066667,-0.1673493,-0.04493647,0.0001409912,-0.01579395,0,Horizontal Slash,0.47914319299161434,3.4419439197170374,1.3766404017806053,2.143782155646008
-0.06254356,-0.0735506,-0.0001423369,-0.001066667,-0.4524391,0.3151369,-0.0007699075,0.007218176,0,Horizontal Slash,0.4779110476374626,3.3126142255990176,1.4692454636096954,1.8788412780578658
-0.2125435,-0.0735506,-0.0001423433,-0.001066667,-0.3069788,0.04677304,0.0001380353,-0.03118183,0,Horizontal Slash,0.4391709826886654,3.207524633475686,1.5678171217441559,1.7109771045841067
-0.2659451,-0.0735499,8.896454e-05,-0.001066667,-0.5266334,0.4828994,-0.0008858162,0.02057366,1,Vertical Slash,0.4070271924138069,2.9504949067215875,1.6840404123067856,1.310625662259561
-0.2655024,-0.07354945,4.201233e-07,-0.001066667,-0.3817499,0.535067,0.0001374879,-0.01782635,1,Walk Forward,0.32415254414081573,2.623856769914952,1.8344025313854218,0.8345048825351243
0.1125094,0.09978385,0.00439807,0.002133329,-0.4615498,0.3849244,-0.0009284512,-0.02274943,0,Horizontal Slash,0.4953789575956762,3.339936327331366,1.41599390655756,1.9355075854084487
-0.01489574,-0.03274942,-0.0001209018,-0.001066665,-0.3168784,0.0584734,0.0001372866,0.004174715,0,Horizontal Slash,0.4854304688051343,3.410331875085634,1.3976816162467003,2.0608431269596967
-0.1647146,-0.07272562,-0.000142242,-0.0004166667,-0.1669035,0.002618841,0.0001423194,-0.0001563208,1,Vertical Slash,0.41800083220005035,3.141735760133612,1.6126320585608482,1.6185044465095786
-0.01588769,-0.07354685,9.689407e-06,-0.002133334,-0.0166868,-0.002648928,9.781748e-06,-0.0005354235,1,Horizontal Slash,0.4121352359652519,3.1444850757850733,1.6087234690785408,1.6449870527021395
0.1334522,-0.07354977,0.0001417168,-0.002133334,-0.1657528,-0.07327415,-0.0001416249,-0.001733072,0,Horizontal Slash,0.4845574302598834,3.485459085075483,1.3290338963270187,2.2342276627672764
0.1762722,-0.07354532,4.984319e-05,-0.002158993,-0.09633551,0.2353236,-6.606184e-05,-0.007127743,0,Horizontal Slash,0.4503529667854309,3.250828617831881,1.5147693334147334,1.8224325613226802
0.02722858,-0.07354994,-0.0001414357,-0.00213334,0.0526274,0.05146595,0.0001413591,-0.00363613,1,Vertical Slash,0.3868281841278076,3.041684372054559,1.6675783544778824,1.4924369748590756
0.176473,-0.07354945,9.689664e-06,-0.002133334,0.4220425,0.2713636,0.0002173721,-0.009042846,1,Vertical Slash,0.201338529586792,2.383127303572128,1.989516258239746,0.5365711060888859
0.5290218,-0.07308876,0.005999932,-0.0005333334,0.273273,-0.05435033,-3.400578e-07,-0.009460712,0,Horizontal Slash,0.443969938904047,3.400378157067611,1.4042572602629662,2.178231137830105
0.6036841,0.01665353,0.0007809307,-0.009062269,0.2283566,0.2438194,-0.0006997369,0.004051557,0,Horizontal Slash,0.4405897855758667,3.2851484184979065,1.4732271432876587,1.9635731655153699
0.4585482,-0.068568,-0.0001379832,-0.004665567,0.3741662,-0.0605859,0.0001383666,0.01477422,0,Horizontal Slash,0.40731094032526016,3.2587460124002874,1.5277496054768562,1.9298069798639175
0.5986546,0.05651403,0.001762254,-0.00306557,0.293442,0.2229301,-0.0007427224,0.00825114,0,Horizontal Slash,0.42298474162817,3.2129611881585816,1.5243946518748999,1.8511331649094496
0.4581326,-0.06872869,-0.000133349,-0.01046722,0.2050183,0.3604035,-8.391008e-05,-0.01427194,1,Vertical Slash,0.39865442365407944,3.091946919359975,1.6141174733638763,1.6219827946424543
0.6074175,-0.07354944,9.692288e-06,-0.001066667,0.3545502,0.01383574,9.708332e-06,-0.01206403,0,Horizontal Slash,0.4277765229344368,3.345425453438358,1.4503904096782207,2.097196664636175
0.6788662,-0.07317019,-0.0005699942,-0.002706104,0.301351,0.4378492,-0.0006997606,0.01495322,0,Horizontal Slash,0.4056268110871315,3.163739520232827,1.5661502555012703,1.7717623221552619
0.646836,-0.07354973,-6.948967e-05,-0.001066667,0.4471603,0.3551263,0.0001383665,-0.02344679,1,Vertical Slash,0.34774453938007355,2.987837611086543,1.6865838915109634,1.5062709601972362
0.6612766,-0.07354944,-4.856506e-06,-0.001066667,0.5977752,-0.02506711,9.780464e-06,-0.01707661,0,Horizontal Slash,0.35585786402225494,3.144320099587438,1.6111776307225227,1.798007704477925
0.7014328,-0.07354944,-2.434285e-06,-0.001066667,0.4481466,-0.07235476,-9.732388e-06,-1.65889e-05,0,Horizontal Slash,0.4232962653040886,3.3829152454386753,1.4189252406358719,2.2016017807969064
0.5514693,-0.07354945,-9.736354e-06,-0.001066667,0.2986938,-0.07238762,-9.738724e-06,-3.911555e-09,0,Horizontal Slash,0.44295307621359825,3.4082396915720783,1.396989844739437,2.2009687702923353
0.6276715,-0.07394229,0.0007818796,-0.005090683,0.2454366,0.2832714,-0.0006997146,0.006521201,0,Horizontal Slash,0.4343456104397774,3.293548681362573,1.4780761376023293,1.980384926455551
0.4822709,-0.07355022,-0.0001379787,-0.001066645,0.1572269,0.3792263,-8.370697e-05,-0.01600188,0,Horizontal Slash,0.41746558994054794,3.1601822418179024,1.568774290382862,1.7282891132873295
0.6308758,-0.07355057,0.0001410195,-0.001066667,0.3061021,0.04515197,0.0001412758,0.008000942,0,Horizontal Slash,0.4414837174117565,3.389699440256192,1.406712956726551,2.1726357219471457
0.4822859,-0.07355057,-0.0001410051,-0.001066667,0.4560967,0.01059911,0.0001423382,-0.006400471,0,Horizontal Slash,0.36547034978866577,3.106395675540094,1.6334365010261536,1.6877508106700227
0.6308758,-0.07355057,0.0001410052,-0.001066667,0.6058115,-0.002593808,0.0001423433,-0.000535938,0,Horizontal Slash,0.34282201528549194,3.086996779086763,1.6493424326181412,1.6982457849706853
0.4822859,-0.07355057,-0.0001410052,-0.001066667,0.6816989,-0.07327847,-7.117163e-05,-0.001733008,1,Vertical Slash,0.2703954428434372,2.8332826215708606,1.8112572133541107,1.287363509297518
0.2561967,-0.06868745,-0.001294692,-0.003072378,0.5647399,0.2912286,-0.000846951,0.007059741,1,Vertical Slash,0.1536548137664795,2.251318759137185,2.0,0.3609064310529263
0.3996767,-0.07354959,9.315413e-06,-0.002133338,0.7044109,0.01245291,-4.730356e-06,0.001270129,1,Vertical Slash,0.20621290802955627,2.569054173383977,1.9443925619125366,0.872156976518828
0.5496746,-0.07354945,9.738586e-06,-0.002133334,0.6192853,-0.0297308,-5.526764e-06,-0.003773524,1,Vertical Slash,0.3170040398836136,2.9879926218862223,1.7150645703077316,1.5298862791386312
0.291,-0.061,0.0,0.0,-0.327,-0.065,0.0,0.0,0,Horizontal Slash,0.49116691015660763,3.5918649348147995,1.1586580276489258,2.481214298912053
0.291,-0.061,0.0,0.0,-0.327,-0.065,0.0,0.0,0,Horizontal Slash,0.49116691015660763,3.5918649348147995,1.1586580276489258,2.481214298912053
0.1417084,-0.07355104,-0.0001416711,-0.001066699,-0.4762917,-0.07354024,-0.0001416711,-0.002132813,0,Horizontal Slash,0.49503895454108715,3.6083660889883906,1.147429496049881,2.4894602882877517
-0.008288288,-0.0735506,-0.0001423401,-0.001066667,-0.7222298,-0.06769361,0.0001183937,0.007866408,0,Horizontal Slash,0.4962269014213234,3.6472602355314256,1.097515493631363,2.555985469751443
-0.1582883,-0.0735506,-0.0001423433,-0.001066667,-0.7216846,-0.07370049,5.590986e-07,-0.00220835,0,Horizontal Slash,0.5017517860978842,3.6168700668932043,1.1697379052639008,2.4579324141109566
-0.3082883,-0.0735506,-0.0001423433,-0.001066667,-0.4728624,-0.06670706,0.0002361211,0.007904177,0,Horizontal Slash,0.47884263284504414,3.4130843847101366,1.4284618943929672,2.0332271659469296
-0.4582882,-0.0735506,-0.0001423433,-0.001066667,-0.650129,0.2573931,0.0001883372,-0.00649583,1,Vertical Slash,0.4268247112631798,3.0917599584294444,1.6337787955999374,1.508116437205904
-0.3097049,-0.07355057,0.0001409989,-0.001066667,-0.6388864,0.2279632,1.066858e-05,-0.02122625,0,Horizontal Slash,0.47437940537929535,3.3112378420499753,1.487855133600533,1.8549917108219462
-0.4444365,-0.07354973,7.05026e-05,-0.001066667,-0.5025307,0.03227534,-7.086072e-05,-0.003786877,1,Horizontal Slash,0.4323297515511513,3.1767649609890034,1.5998522117733955,1.639924800239005
-0.2941327,-0.07354943,9.758442e-06,-0.001066667,-0.3530902,-0.07337116,9.712568e-06,-0.001066159,0,Horizontal Slash,0.45353439450263977,3.300400802392346,1.5169241353869438,1.8516271396797674
-0.2324677,-0.07354945,4.866198e-06,-0.001066667,-0.5828475,-0.06206633,-0.0001468953,-0.004141539,0,Horizontal Slash,0.49954257206991315,3.534780466960439,1.2981325536966324,2.263945591289713
-0.3823482,-0.07354946,-1.901168e-05,-0.001066667,-0.7182923,-0.07301877,9.553937e-06,-0.000533456,0,Horizontal Slash,0.5000261307377514,3.5445000946790897,1.3046823889017105,2.2637491623533736
-0.5282184,-0.07357571,-0.0008449605,-0.001066667,-0.708832,-0.05300159,5.479879e-05,-0.01234893,0,Horizontal Slash,0.47722567431628704,3.4148883148453533,1.4446697495877743,2.012007784977397
-0.5460786,-0.07354974,7.283063e-05,-0.001066667,-0.7207068,-0.07390834,-0.0001181886,-0.001321808,0,Horizontal Slash,0.4789679665118456,3.4316034061588563,1.4341135323047638,2.039131596941609
-0.6613959,-0.07354973,7.066356e-05,-0.001066667,-0.7150141,-0.06694219,5.058214e-05,0.002983613,0,Horizontal Slash,0.444458294659853,3.278843592676604,1.5585966669023037,1.7808785020178874
-0.5922033,-0.07354973,7.066869e-05,-0.001066667,-0.6910899,0.1392808,4.719383e-05,-0.01141639,1,Vertical Slash,0.4148060083389282,3.0816379463155825,1.6578844338655472,1.4846404290273614
-0.4418988,-0.07354945,9.758494e-06,-0.001066667,-0.6951669,-0.06221606,2.875828e-06,0.002110902,0,Horizontal Slash,0.4918537177145481,3.4886337109342502,1.3708610087633133,2.1495737663984142
-0.5911419,-0.07355057,-0.000141625,-0.001066667,-0.7009925,-0.07220031,3.459199e-05,-0.007685451,0,Horizontal Slash,0.4627029299736023,3.355915137827246,1.4979684026911855,1.9095436451175474
-0.6056763,-0.07354973,7.116993e-05,-0.001066667,-0.6613712,-0.07351444,0.000337252,-0.001060579,0,Horizontal Slash,0.44827259704470634,3.290195181584418,1.5461720488965511,1.8033835188021696
-0.539271,-0.07354945,4.856233e-06,-0.001066667,-0.6641661,0.4050735,9.635002e-05,-0.00512855,1,Vertical Slash,0.3547997921705246,2.764411153574918,1.7935471832752228,1.0239545995219845
-0.3899552,-0.07355057,0.000141694,-0.001066667,-0.6636865,-0.03825163,4.550004e-07,0.01456428,0,Horizontal Slash,0.4936057277955115,3.4885600266764336,1.3637292683124542,2.154152582953074
-0.5385419,-0.07355057,-0.0001410019,-0.001066667,-0.2655732,0.4456909,0.0003777916,0.0001642708,1,Walk Forward,0.14646372199058533,2.000910252274901,2.0,0.0
-0.1867467,-0.07363535,0.005999929,-0.001066667,-0.6636798,0.0341083,-9.091257e-07,0.01431787,0,Horizontal Slash,0.5038675877731293,3.5513965479783374,1.264605700969696,2.2989084439300056
-0.3061803,-0.07355018,-0.0001133372,-0.001066667,-0.2655733,0.5121371,0.0003777851,-8.213762e-05,1,Walk Forward,0.2564883828163147,2.3866682675246325,1.9383585155010223,0.49025469837888075
-0.05713299,-0.04781572,7.719591e-05,0.001733335,-0.1139193,-0.04333499,4.700738e-05,0.01844107,0,Horizontal Slash,0.4428696818649769,3.258273103650311,1.531469490379095,1.8171919440356492
0.007619991,-0.07355293,4.855255e-06,-0.002133561,-0.2636357,-0.04912924,-9.720309e-06,-0.006820535,0,Horizontal Slash,0.4857850521802902,3.4642550823007996,1.358071729540825,2.168732422444768
-0.1416475,-0.07354977,-0.0001416481,-0.002133334,-0.4129758,-0.07298694,-0.0001417169,-0.0005304286,0,Horizontal Slash,0.49186502397060394,3.48951979456319,1.3429761826992035,2.19158835231456
-0.2922363,-0.07354945,-2.388069e-05,-0.002133334,-0.4471506,-0.07309316,-7.818145e-05,0.0005694678,0,Horizontal Slash,0.4770554918795824,3.4063796790093748,1.4335424304008484,2.0244112236875482
-0.2192624,-0.07356121,0.0004478896,-0.001229586,-0.6553614,-0.07358327,-0.00103781,-0.001066741,0,Horizontal Slash,0.5026213221717626,3.578163314304451,1.2392917573451996,2.3579281768530675
-0.3663252,-0.07355054,-0.000139556,-0.001066667,-0.5860547,-0.07353894,6.576893e-05,-0.001064792,0,Horizontal Slash,0.488293650560081,3.4656767812002656,1.3862768113613129,2.1174987374532837
-0.5163113,-0.0735506,-0.0001423301,-0.001066667,-0.6460903,-0.07353692,0.0006727133,-0.00213208,0,Horizontal Slash,0.4702198337763548,3.3834027365560657,1.4701377656310797,1.9612200208231625
-0.5580366,-0.07354944,4.890876e-06,-0.001066667,-0.6868438,-0.07337093,7.329365e-05,-0.001065354,0,Horizontal Slash,0.4690615702420473,3.382615241902324,1.4746609702706337,1.9560005865899193
-0.5294021,-0.07354974,7.082399e-05,-0.001066667,-0.7158781,-0.06053949,5.911614e-05,-0.01946536,0,Horizontal Slash,0.4786407444626093,3.424693540826658,1.4372895061969757,2.0288181883296
-0.633442,-0.07354973,7.066828e-05,-0.001066667,-0.7084077,-0.07344692,-0.0001928501,-0.001872102,0,Horizontal Slash,0.4526421129703522,3.314499821673091,1.5319536998867989,1.8395118607211978
0.291,-0.061,0.0,0.0,-0.327,-0.065,0.0,0.0,0,Horizontal Slash,0.49116691015660763,3.5918649348147995,1.1586580276489258,2.481214298912053
0.291,-0.061,0.0,0.0,-0.327,-0.065,0.0,0.0,0,Horizontal Slash,0.49116691015660763,3.5918649348147995,1.1586580276489258,2.481214298912053
0.1417084,-0.07355104,-0.0001416711,-0.001066699,-0.1777084,-0.07354025,0.0001416711,-0.002132813,0,Horizontal Slash,0.4861779287457466,3.4957813648227245,1.3162295371294022,2.255047772431271
0.169806,-0.07298905,0.0006782023,-0.002703125,-0.0682901,-0.05566765,-4.461864e-05,-0.01337575,0,Horizontal Slash,0.472630163654685,3.430111393564829,1.385632909834385,2.141320193255392
0.2740863,-0.07392336,0.0009344144,-0.003250754,-0.04925795,-0.06490682,-0.0002576889,-0.01495457,0,Horizontal Slash,0.47845154255628586,3.4805682573528776,1.3269084095954895,2.2550002568520564
0.3221815,-0.02202705,0.0007494014,-0.01143795,0.05817297,-0.06498079,-4.650455e-05,0.00348258,0,Horizontal Slash,0.46907746605575085,3.4292195987037073,1.3723221719264984,2.1745127043595684
0.3965163,-0.07369515,0.0008375712,-0.001181224,0.1022514,-0.02264436,-0.0002576844,-0.01138374,0,Horizontal Slash,0.4631810300052166,3.4293579790506614,1.3762422278523445,2.187953995671875
0.2513927,-0.07355053,-0.0001377157,-0.001066667,-0.02796772,-0.07225557,-0.000272096,-0.001572886,0,Horizontal Slash,0.47508728317916393,3.4624122970613977,1.3493824750185013,2.218176619228314
0.2921166,-0.07357124,0.0007363044,-0.001066665,0.02274655,-0.06592186,-0.0002571518,-0.01394329,0,Horizontal Slash,0.46975437738001347,3.445694350131804,1.3655748516321182,2.1970405660725763
0.3151359,-0.07368219,0.0005967189,-0.001229198,0.07733221,-0.06396513,-0.000257187,0.001335401,0,Horizontal Slash,0.4632163345813751,3.4238426140449993,1.3873431757092476,2.164752629881862
0.3345328,-0.07302336,0.0005431692,-0.000533691,0.09605192,-0.04045025,-0.000257187,-0.01271015,0,Horizontal Slash,0.4591064341366291,3.404251683261239,1.4044281542301178,2.1324104369854235
0.4358641,-0.0630134,0.0009197203,0.001057984,0.115516,-0.02768602,-0.000257187,-0.01288738,0,Horizontal Slash,0.4643722400069237,3.440644567582377,1.3614107519388199,2.2176053087566543
0.291,-0.061,0.0,0.0,-0.327,-0.065,0.0,0.0,0,Horizontal Slash,0.49116691015660763,3.5918649348147995,1.1586580276489258,2.481214298912053
0.291,-0.061,0.0,0.0,-0.327,-0.065,0.0,0.0,0,Horizontal Slash,0.49116691015660763,3.5918649348147995,1.1586580276489258,2.481214298912053
0.1417084,-0.07355104,-0.0001416711,-0.001066699,-0.327,-0.07354006,0.0,-0.002132813,0,Horizontal Slash,0.49455501371994615,3.5608573445270597,1.2261541187763214,2.3841449796081338
-0.00881342,-0.07354952,-3.73136e-05,-0.001066667,-0.4768144,-0.07354947,-3.713823e-05,-0.002133334,0,Horizontal Slash,0.49911952298134565,3.5724898137060928,1.2226735055446625,2.3803023502443397
-0.1568356,-0.07355884,-0.0004328834,-0.001066667,-0.2306004,-0.00768284,0.000720041,-0.01253334,0,Horizontal Slash,0.4432522654533386,3.246363557787065,1.5439996682107449,1.7811431380467546
0.1851074,-0.07354974,6.977643e-05,-0.001066667,-0.07705,-0.07305944,9.96923e-06,-0.0005380209,0,Horizontal Slash,0.47701270692050457,3.4581722455205175,1.3571185618638992,2.195923130726909
0.03616303,-0.07355058,-0.0001413416,-0.001066667,-0.1983977,0.03434696,-0.0007844182,-0.007634141,0,Horizontal Slash,0.4724509622901678,3.3799791571502418,1.4309721738100052,2.0216091621018646
-0.1144948,-0.07354944,-9.781431e-06,-0.001066667,-0.3586545,-0.05038637,-0.0001486104,0.0006065879,0,Horizontal Slash,0.4866406172513962,3.4558507700788903,1.3744237124919891,2.1332959588538207
-0.2638351,-0.07355059,-0.0001417172,-0.001066667,-0.6082135,0.002571672,-0.0002368203,-0.01779342,0,Horizontal Slash,0.49713227804750204,3.4964814120853602,1.340342715382576,2.182207747083271
-0.4138319,-0.0735506,-0.0001423403,-0.001066667,-0.5812454,-0.05222278,0.0001894539,-0.005503292,0,Horizontal Slash,0.4767511188983917,3.4017261717092597,1.4450884200632572,2.0012855551306283
-0.5644947,-0.07354945,-9.781756e-06,-0.001066667,-0.7143903,-0.05646653,4.628639e-05,0.00180601,0,Horizontal Slash,0.47148609906435013,3.391039122116462,1.4675272181630135,1.968818323700119
-0.5803769,-0.07354973,7.085862e-05,-0.001066667,-0.7158821,0.1212776,4.719637e-05,-0.01259399,1,Vertical Slash,0.43243635445833206,3.1629287593299527,1.6110367253422737,1.6073990784178502
-0.4307326,-0.0735506,0.0001420057,-0.001066667,-0.6027648,-0.04676836,0.0001179478,0.008296998,0,Horizontal Slash,0.47794307582080364,3.4070900252152883,1.441680047661066,2.0080961526936396
-0.5793175,-0.07355057,-0.0001410005,-0.001066667,-0.7093638,-0.06901298,7.055704e-05,-0.001525751,0,Horizontal Slash,0.4680660553276539,3.3794191521094983,1.4788690656423569,1.948725389651622
-0.623982,-0.07354973,7.116847e-05,-0.001066667,-0.6732372,0.1850129,0.0002638588,0.0007117245,1,Vertical Slash,0.3829395994544029,2.9376204669066355,1.73380608856678,1.2699318221920666
-0.4743361,-0.0735506,0.0001420071,-0.001066667,-0.6719241,-0.02710463,1.246038e-06,0.004444137,0,Horizontal Slash,0.4797306377440691,3.4147568862851116,1.4378063082695007,2.0158957296916142
-0.6213968,-0.07355002,7.050023e-05,-0.001066667,-0.671918,-0.07277642,5.884254e-09,4.448276e-05,0,Horizontal Slash,0.4460943453013897,3.2821047530655956,1.5530727319419384,1.7893329513682097
-0.5472291,-0.07354943,4.856342e-06,-0.001066667,-0.7071585,-0.0735495,-3.344174e-05,-0.001066667,0,Horizontal Slash,0.47606040351092815,3.416489917558535,1.4467068761587143,2.013389388218146
-0.5175881,-0.07354974,7.082407e-05,-0.001066667,-0.7008986,0.03521358,9.440789e-05,-0.01546667,0,Horizontal Slash,0.4653559885919094,3.3313265160810253,1.5016245003789663,1.8739449965766604
-0.3672827,-0.07354945,9.758544e-06,-0.001066667,-0.1986328,-0.06394902,0.0001228637,-0.001481304,1,Vertical Slash,0.36440153419971466,2.938272343202757,1.743403360247612,1.2919368955002677
-0.2172826,-0.07354945,9.738728e-06,-0.001066667,-0.02198001,-0.07354848,3.453115e-05,-0.002133277,1,Vertical Slash,0.3510451465845108,2.910559899816826,1.7565108239650726,1.2683627313702786
-0.06728257,-0.07354944,9.738724e-06,-0.001066667,0.3780304,-0.03115084,2.59727e-05,-0.00133336,1,Vertical Slash,0.1937994360923767,2.392163970911309,2.0,0.529556214941941
0.08271745,-0.07354943,9.738724e-06,-0.001066667,0.3781567,-0.07337166,8.428633e-09,-0.001066649,1,Vertical Slash,0.27680976688861847,2.72283326626045,1.8600358664989471,1.0377862675979075
0.1546565,-0.07354973,-7.085853e-05,-0.001066667,0.2787884,-0.06057128,0.0001180592,-0.01946665,1,Vertical Slash,0.35195665061473846,2.990075431020726,1.7100593596696854,1.446170604799054
-0.0378651,-0.0736606,-0.0001794148,-0.002158603,0.4520358,-0.07353507,0.000147846,-0.00213242,1,Vertical Slash,0.17647257447242737,2.3598004779276365,2.0,0.49063107794231464
0.18984,0.03459476,0.004279557,0.0002413947,0.4527114,-0.07301573,1.269988e-05,-0.0005333191,1,Vertical Slash,0.2791054844856262,2.7178944548248443,1.8471198976039886,1.0514171062799085
0.3604285,-0.06865276,0.0001618807,-0.009720699,0.6253376,-0.07092494,0.00105507,0.001821103,1,Vertical Slash,0.25737373530864716,2.7465594568372365,1.8554489314556122,1.1306296964079536
0.291,-0.061,0.0,0.0,-0.327,-0.065,0.0,0.0,0,Horizontal Slash,0.49116691015660763,3.5918649348147995,1.1586580276489258,2.481214298912053
0.291,-0.061,0.0,0.0,-0.327,-0.065,0.0,0.0,0,Horizontal Slash,0.49116691015660763,3.5918649348147995,1.1586580276489258,2.481214298912053
0.1417084,-0.07355104,-0.0001416711,-0.001066699,-0.4762917,-0.07354024,-0.0001416711,-0.002132813,0,Horizontal Slash,0.49503895454108715,3.6083660889883906,1.147429496049881,2.4894602882877517
-0.008288288,-0.0735506,-0.0001423401,-0.001066667,-0.4839709,-0.05591935,-7.287256e-06,-0.002142999,0,Horizontal Slash,0.49952025385573506,3.569142563513972,1.226325362920761,2.3715175388816854
-0.02061012,-0.07302667,0.0004919882,-0.0005337871,-0.6189744,0.1879048,-0.001166744,0.0005325917,0,Horizontal Slash,0.5047669042833149,3.5267819331036843,1.2696793675422668,2.2619697858351993
-0.1674534,-0.0730163,-0.0001393477,-0.0005333334,-0.475489,-0.02640101,0.0001361613,0.004533703,0,Horizontal Slash,0.49437587335705757,3.48892704356416,1.3420338481664658,2.1830498261363864
0.009154288,-0.07354142,9.174075e-05,-0.001018245,-0.3253881,-0.07337143,9.779751e-06,-0.001066423,0,Horizontal Slash,0.4930380997247994,3.514328708365459,1.3023695200681686,2.264155876986099
0.02004416,-0.07352276,0.0005946708,-0.01439319,-0.4600245,0.171068,-0.001166663,-5.578622e-06,0,Horizontal Slash,0.4986922275274992,3.4778144135470863,1.3264601826667786,2.176202620511359
-0.1266839,-0.07301948,-9.542582e-06,-0.0005334957,-0.4725851,-0.01662299,-8.334056e-07,0.006393385,0,Horizontal Slash,0.4966662416700274,3.5041272773549097,1.3209662586450577,2.2168503025876167
-0.276023,-0.07301633,-0.0001417161,-0.0005333334,-0.6218809,-0.06646712,-0.000141675,-0.007996693,0,Horizontal Slash,0.49974789936095476,3.53678993123412,1.3007268756628036,2.2620666427153915
-0.2112232,-0.06436656,0.0008473034,-0.002833357,-0.7064329,0.1707753,0.0005836892,-0.0001380825,0,Horizontal Slash,0.5033090531360358,3.491936933143857,1.3273924440145493,2.1713378678405983
-0.3562983,-0.07355063,-0.0001376698,-0.001066673,-0.6585864,-0.02418814,6.945732e-05,0.002469041,0,Horizontal Slash,0.49545830534771085,3.4948168921914253,1.352964848279953,2.1690301555322606
-0.3239097,-0.06118977,0.0006979,0.001165641,-0.6885595,0.07390741,0.0005831906,-0.007669868,0,Horizontal Slash,0.49617645773105323,3.466381439580687,1.3694629818201065,2.1167601627801127
-0.469299,-0.07306948,-0.0001383754,-0.0005379242,-0.5363656,-0.06976987,0.0001444251,0.001682534,0,Horizontal Slash,0.45488957688212395,3.3064984790136243,1.5232639908790588,1.8414787950404785
-0.2466826,-0.07357888,0.0008685848,-0.001066843,-0.6422822,0.1490167,0.0006897782,-0.001380175,0,Horizontal Slash,0.49521349323913455,3.443295632615591,1.3817737102508545,2.0811658444767405
-0.3916519,-0.07355052,-0.0001375693,-0.001066667,-0.6909373,-0.01520378,6.920686e-05,0.0006900866,0,Horizontal Slash,0.49448622623458505,3.488371438980999,1.3624744713306427,2.1527728054340876
-0.4122029,-0.07355975,0.0004539862,-0.001066673,-0.6723727,0.04019687,0.0005831913,-0.009448823,0,Horizontal Slash,0.48356431163847446,3.412235868817472,1.4297128170728683,2.0155686446157794
-0.2231983,-0.06949688,0.001343583,0.002809607,-0.6465714,-0.06099177,0.0006902963,-0.002206135,0,Horizontal Slash,0.5025544271338731,3.566160270420923,1.2552207708358765,2.3302621255252665
-0.1572452,-0.07357473,0.0008255764,-0.001066655,-0.6961381,0.1432617,0.0005817246,-0.00183584,0,Horizontal Slash,0.5051266956143081,3.527478492769619,1.2845475524663925,2.2477966141628523
-0.30307,-0.07354945,-9.467647e-06,-0.001066667,-0.5434721,-0.06001791,9.924344e-06,-0.00165896,0,Horizontal Slash,0.48989492282271385,3.469237734465405,1.3762152791023254,2.1309441015295234
-0.4524088,-0.07355059,-0.0001417158,-0.001066667,-0.5966612,0.1362057,0.0007250022,-0.002109428,1,Horizontal Slash,0.4389149695634842,3.176207732566774,1.5924776419997215,1.6365097935331252
-0.3038224,-0.07355057,0.0001410018,-0.001066667,-0.443943,-0.01950206,0.0001450948,-0.001345287,0,Horizontal Slash,0.46706652268767357,3.3438163605846105,1.4807863626629114,1.9171252824317448
0.291,-0.061,0.0,0.0,-0.327,-0.065,0.0,0.0,0,Horizontal Slash,0.49116691015660763,3.5918649348147995,1.1586580276489258,2.481214298912053
0.291,-0.061,0.0,0.0,-0.327,-0.065,0.0,0.0,0,Horizontal Slash,0.49116691015660763,3.5918649348147995,1.1586580276489258,2.481214298912053
0.1417084,-0.07355104,-0.0001416711,-0.001066699,-0.5758194,-0.02660005,-0.0002361185,-0.0184,0,Horizontal Slash,0.4952041506767273,3.6222347396333574,1.120736837387085,2.516404102811491
-0.008288288,-0.0735506,-0.0001423401,-0.001066667,-0.5769945,-0.07287878,-1.115039e-06,-0.007000001,0,Horizontal Slash,0.4992087053251453,3.604902694804121,1.1699489951133728,2.453997843271717
-0.1587668,-0.07354958,-4.664305e-05,-0.001066667,-0.7216701,-0.07301242,2.321225e-05,-0.0005331299,0,Horizontal Slash,0.5017798350891098,3.616728784116781,1.1699854731559753,2.4574734557477846
-0.3072679,-0.07355576,-0.0003464143,-0.001066667,-0.4744376,0.01232496,0.0005767286,-0.01253313,0,Horizontal Slash,0.4682011492550373,3.339760004741108,1.481651233509183,1.9087305903591245
-0.4582835,-0.07355061,-0.0001433069,-0.001066667,-0.650159,-0.04822239,0.000187533,0.003866568,0,Horizontal Slash,0.4812316130846739,3.4266384494513376,1.4278410822153091,2.038366525896186
-0.6082884,-0.0735506,-0.0001423478,-0.001066667,-0.6730798,0.04327458,0.0002830658,-0.008633473,1,Vertical Slash,0.4253624975681305,3.1553303218645326,1.6237346604466438,1.5942894101532603
-0.7055213,-0.07354943,4.89088e-06,-0.001066667,-0.7050024,-0.002916053,2.837556e-06,-0.001066601,1,Vertical Slash,0.40823355317115784,3.105949544042641,1.664874106645584,1.5133040383417424
-0.6572725,-0.07354944,4.866989e-06,-0.001066667,-0.305118,-0.03260057,2.596242e-05,0.007733303,1,Vertical Slash,0.2580585479736328,2.5202162098524794,1.9526931047439575,0.6572207922954499
-0.3952519,0.1019172,-0.001759326,0.0005333293,-0.3050024,-0.06966764,1.141839e-06,-0.0146667,1,Vertical Slash,0.3911968991160393,2.970951674348071,1.6982340067625046,1.3442001471259062
-0.2543216,-0.05408282,5.462544e-05,-0.009066666,-0.1553915,-0.07305225,5.803067e-05,-0.000536198,1,Vertical Slash,0.39741232246160507,3.069307156117248,1.6631789356470108,1.5015470104657684
-0.2685632,-0.07303111,-9.524696e-06,-0.0005342448,-0.1971058,-0.03678316,-5.291266e-06,-0.0005349027,1,Vertical Slash,0.3996860310435295,3.0725890957946373,1.6615014374256134,1.5025874553587601
-0.3114789,-0.07301612,-4.866236e-06,-0.0005333334,0.05278668,-0.02523761,1.622422e-05,-0.002532548,1,Vertical Slash,0.25135256350040436,2.526925316010823,1.9419937431812286,0.693231515600905
0.08829395,-0.0388827,4.056238e-05,0.005866669,0.2027917,-0.0735469,1.522004e-05,-0.002133138,1,Vertical Slash,0.3671921342611313,3.0154340743271497,1.6897883415222168,1.4729740377039064
0.08971407,-0.07243848,-2.905346e-05,-0.001133334,0.3514749,-0.07356207,0.0008103225,-0.001065276,1,Vertical Slash,0.29457342624664307,2.7834194450494123,1.827702283859253,1.1280778523305477
0.2395202,-0.07354943,9.726135e-06,-0.001066667,0.5141042,-0.07320204,0.0001507474,-0.000567803,1,Vertical Slash,0.2686905413866043,2.7445324843599828,1.853360503911972,1.1006590692681768
