0.291,-0.061,0,0,-0.327,-0.065,0,0
0.291,-0.061,0,0,-0.327,-0.065,0,0
0.1410487,-0.07354944,-9.735565E-06,-0.001066667,-0.327,-0.0735492,0,-0.002133325
-0.008291407,-0.07355058,-0.000141717,-0.001066667,-0.327,-0.07354943,0,-0.002133333
-0.05806416,-0.07278487,0.0003194274,-0.001279242,-0.441678,-0.07358414,-0.00107453,-0.001066683
-0.2057662,-0.07355056,-0.0001401626,-0.001066667,-0.4470254,-0.07354944,-5.074325E-06,-0.001066667
-0.3564181,-0.07354944,-9.781052E-06,-0.001066667,-0.5970017,-0.07354943,-9.73721E-06,-0.001066667
-0.3684003,-0.07354973,7.085862E-05,-0.001066667,-0.5913262,0.03525048,-0.0001888718,-0.01546667
-0.5173394,-0.07355059,-0.0001413364,-0.001066667,-0.717307,-0.07336051,0.0003320525,-0.00104379
-0.657154,-0.07354944,4.890715E-06,-0.001066667,-0.7138642,-0.07357027,1.894101E-05,-0.002134837
-0.4759353,-0.07284336,0.000115375,-0.006346829,-0.7079238,0.0688909,2.488556E-05,-0.01406487
-0.6246529,-0.07355063,-0.0001411262,-0.001066669,-0.4589805,-0.03172467,0.000236236,0.001832432
-0.524893,-0.07354945,-4.844883E-06,-0.001066667,-0.3360807,-0.07336793,0.0001159701,-0.001061467
-0.3756254,-0.07355057,0.0001416482,-0.001066667,0.05340624,-0.0739046,0.001521973,-0.001751548
-0.2249661,-0.07354943,9.78153E-06,-0.001066667,0.06101365,-0.07354938,4.939089E-07,-0.002133332
-0.07496583,-0.07354943,9.738736E-06,-0.001066667,0.01693842,-0.03114942,1.298067E-05,-0.001333332
0.0743743,-0.07355059,0.0001417171,-0.001066667,0.2658225,-0.02474945,0.0002361798,-0.01973334
0.1328755,-0.07354945,-4.890775E-06,-0.001066667,0.3529585,-0.06429784,0.0001176387,0.006042345
-0.1119243,-0.07107105,-0.0001002543,-0.001187493,0.3050217,-0.07337166,4.848694E-06,-0.001066661
0.03752591,-0.0730162,9.703028E-06,-0.0005333358,0.7049161,-0.0333717,2.596307E-05,0.0005333323
0.1875257,-0.07301611,9.738713E-06,-0.0005333334,0.5554396,-0.07359867,-9.727139E-06,-0.002136979
0.3375257,-0.07301611,9.738724E-06,-0.0005333334,0.6568994,-0.07152701,-8.111393E-06,0.003265755
0.4875257,-0.07301611,9.738724E-06,-0.0005333334,0.6734834,-0.07390527,9.288902E-05,-0.003139629
0.1679676,-0.07003756,-0.0001171478,-0.004009604,0.6542755,-0.07354943,4.852708E-06,-0.001066667
0.3173334,-0.07354945,9.697545E-06,-0.001066667,0.610906,-0.07303436,-2.816748E-06,-0.0005344882
0.3861301,-0.07354943,-4.869356E-06,-0.001066667,0.3609731,-0.001346402,-1.622686E-05,0.0005668113
0.5360571,-0.07354943,9.733982E-06,-0.001066667,0.3608927,-0.07337128,-5.265919E-09,-0.001066268
0.6410764,-0.07354957,4.722749E-05,-0.001066667,0.368501,-0.07354944,-4.867781E-06,-0.001066667
0.6175759,-0.07354976,7.068508E-05,-0.001066669,0.1924008,-0.07355323,-0.0002630127,-0.001066666
0.468636,-0.07355058,-0.0001413373,-0.001066667,0.5892031,0.03524669,0.0003765475,-0.01546667
0.6172243,-0.07355057,0.0001410036,-0.001066667,0.5331548,-0.04626785,-5.318725E-05,-0.0009866679
0.291,-0.061,0,0,-0.327,-0.065,0,0
0.291,-0.061,0,0,-0.327,-0.065,0,0
0.1417084,-0.07355104,-0.0001416711,-0.001066699,-0.1777084,-0.07354025,0.0001416711,-0.002132813
0.142082,-0.07391253,0.0005512838,-0.0007629887,-0.3203068,-0.03130495,-0.001205747,-0.01194265
0.1381794,-0.06413858,0.0005181506,-0.00280613,-0.4696105,0.03331042,-0.001212111,-0.009438025
-0.008533771,-0.07355065,-0.0001392242,-0.001066673,-0.3263507,-0.06532634,0.000135947,-0.001159506
-0.1585183,-0.0735506,-0.0001423285,-0.001066667,-0.5479354,-0.0704734,-0.001280702,-0.01560886
-0.01452345,-0.02105523,0.001212193,-0.01127894,-0.697612,-0.06155181,-0.001212465,-0.01480492
-0.1576698,-0.07352962,-0.0001359466,-0.001074383,-0.5543539,-0.07310294,0.0001359454,-0.0005593366
-0.1322836,-0.07356838,0.0006656054,-0.001066671,-0.6969808,-0.05897376,-0.001205775,-0.01353943
-0.278263,-0.07355053,-0.0001385278,-0.001066667,-0.5537279,-0.07372777,0.000135977,-0.002946215
-0.2663646,0.06747861,0.000569611,-0.006099151,-0.7095675,-0.04049778,0.0007096221,-0.01245538
-0.4134539,-0.07390502,-9.550713E-06,-0.001309402,-0.7168802,-0.06356342,8.058756E-05,-0.005907288
-0.5627931,-0.07355057,-0.0001417162,-0.001066667,-0.6128787,-0.01232689,-0.0003193606,-0.01088617
-0.4142068,-0.07355058,0.0001410018,-0.001066667,-0.544134,-0.07342449,6.523562E-05,-0.002659229
-0.3036694,0.09409212,0.0005813894,-0.004534466,-0.6532778,-0.04036827,0.0007095385,-0.0124509
-0.4500678,-0.04109051,-0.0001389255,-0.007332768,-0.5795361,-0.0735365,7.009447E-05,-0.001063565
-0.2497425,-0.07355296,6.656065E-05,-0.00213349,-0.6058819,-0.07354944,-4.879154E-06,-0.001066667
0.291,-0.061,0,0,-0.327,-0.065,0,0
0.291,-0.061,0,0,-0.327,-0.065,0,0
0.1417084,-0.07355104,-0.0001416711,-0.001066699,-0.3937138,-0.07373843,-6.330841E-05,-0.00221625
-0.008288288,-0.0735506,-0.0001423401,-0.001066667,-0.3940288,-0.07354997,-2.989656E-07,-0.002133354
-0.1589236,-0.07354944,-1.528399E-05,-0.001066667,-0.4320087,-0.07355162,-7.587257E-05,-0.00106683
-0.3037197,-0.07358373,-0.001056069,-0.001066667,-0.5251214,-0.06773119,-0.0006791161,0.002183415
-0.3308153,-0.07354975,7.332909E-05,-0.001066667,-0.5493759,0.1190707,-0.0001872912,-0.01221659
-0.4797419,-0.07355057,-0.0001413248,-0.001066667,-0.4010163,-0.02383807,0.0001407866,-0.01549171
-0.6433187,-0.07390509,6.01057E-05,-0.0006731025,-0.3275231,-0.07337159,4.844937E-06,-0.001066581
-0.43405,-0.07357893,-0.0004285696,-0.001066667,-0.3836167,-0.07354943,-1.280967E-07,-0.001066667
-0.5071295,-0.07354973,-6.98236E-05,-0.001066667,-0.206495,0.03525048,0.000188895,-0.01546667
-0.407295,-0.07303669,-0.001526018,-0.0005334394,-0.3553374,-0.07337166,-3.403829E-07,-0.001066662
-0.4756706,-0.07301612,-4.62017E-06,-0.0005333334,-0.2205354,-0.07386051,0.0001818856,-0.00317603
-0.425086,-0.07301617,-7.082462E-05,-0.0005333334,-0.2827269,-0.05741485,0.0001176297,0.005988017
-0.3606459,-0.07301616,-7.066828E-05,-0.0005333334,-0.2037244,0.2219371,0.0003618508,0.001543281
-0.2110478,-0.07301611,9.712629E-06,-0.0005333334,-0.1776981,0.02819999,1.689751E-06,0.0117873
-0.06111812,-0.07301612,2.377616E-05,-0.0005333334,-0.0278962,-0.002409257,2.37698E-05,-0.001673412
0.08895207,-0.07354943,9.743278E-06,-0.002133333,-0.1776816,-0.07390501,-9.727847E-06,-0.0007369265
-0.05829795,-0.0735546,-0.0005402567,-0.002133334,-0.3620956,-0.07332935,-0.003465332,-0.002016191
-0.1028498,-0.07066354,9.267102E-05,0.001737772,-0.2990506,-0.07301365,-1.2958E-05,-0.0005331875
-0.252338,-0.07354945,-9.705491E-06,-0.001066667,-0.6343863,-0.07354978,7.494578E-05,-0.001066667
-0.4016779,-0.07355058,-0.0001417169,-0.001066667,-0.5689421,0.03525014,0.0001887177,-0.01546667
-0.5523376,-0.07354945,-9.781551E-06,-0.001066667,-0.318142,-0.07198285,1.628718E-05,-0.002366666
-0.4839132,-0.07354944,-4.866194E-06,-0.001066667,-0.171489,-0.02968226,6.946475E-05,-0.02246779
-0.3339862,-0.07354944,9.733982E-06,-0.001066667,0.01517933,-0.07358292,0.0001768329,-0.002135233
0.04846819,0.1019172,0.003518866,0.0005333293,0.2550295,0.03092378,0.002206801,-0.004535236
0.4185627,-0.07317799,0.005999972,-0.001966666,0.1162747,-0.07301558,-3.173425E-07,-0.0005333135
0.389276,-0.07354964,5.66685E-05,-0.001066667,0.2076723,0.04858482,-0.000188894,-0.01493332
0.2402664,-0.07355059,-0.0001414034,-0.001066667,0.4555517,-0.04235041,0.0002352264,-0.00253334
0.389511,-0.07354943,9.689675E-06,-0.001066667,0.6020477,-0.07355055,0.0001379786,-0.001066668
0.291,-0.061,0,0,-0.327,-0.065,0,0
0.291,-0.061,0,0,-0.327,-0.065,0,0
0.1417084,-0.07355104,-0.0001416711,-0.001066699,-0.4208508,-0.07328868,-8.931885E-05,0.00153
-0.008288288,-0.0735506,-0.0001423401,-0.001066667,-0.570587,-0.07355057,-0.0001420928,-0.001066666
-0.1582883,-0.0735506,-0.0001423433,-0.001066667,-0.4220024,-0.07355058,0.0001410001,-0.001066667
-0.02831146,-0.06771278,0.001123362,0.002899032,-0.5268372,0.3836856,-0.0009164085,0.0125006
-0.1720128,-0.07355659,-0.0001363661,-0.002133787,-0.3821059,0.2421,0.0001373434,-0.0258994
-0.02339974,-0.07354979,0.0001410271,-0.002133334,-0.5307142,0.04768455,-0.0001410225,-0.003850301
-0.1719896,-0.07354978,-0.0001410051,-0.002133334,-0.3821243,-0.0702085,0.0001410051,0.001437425
-0.3219829,-0.07354978,-0.0001423369,-0.002133334,-0.7141691,0.3814643,-0.0009862452,0.01238759
-0.4726456,-0.07354945,-9.781756E-06,-0.002133334,-0.5691474,-0.02776626,9.415508E-06,0.01540621
-0.4531784,-0.07354952,7.085862E-05,-0.002133334,-0.6192121,-0.0634488,-7.085776E-05,0.006696898
-0.6021175,-0.07354978,-0.0001413364,-0.002133334,-0.6430311,0.3487203,0.0003871187,0.009064165
-0.3540014,-0.0676826,0.000235451,0.007866669,-0.491813,0.1246602,0.0001434991,-0.02933584
-0.08773099,-0.07279883,5.689955E-05,-0.0004804633,-0.3411567,-0.04734976,1.222766E-05,-0.002133959
-0.2367395,-0.07301594,-0.0001414024,-0.0005333205,-0.4352193,-0.07094982,-8.926111E-05,0.002196511
-0.3867348,-0.07301631,-0.0001423388,-0.0005333333,-0.7008854,0.3560013,0.0004936664,0.01086901
-0.2381515,-0.07301632,0.0001409989,-0.0005333333,-0.688782,0.4373376,4.349379E-05,-0.01661099
-0.3873981,-0.07301611,-9.689806E-06,-0.0005333333,-0.5386133,0.06307147,9.749676E-06,-0.008494508
-0.5373977,-0.0730161,-9.738707E-06,-0.0005333333,-0.3886865,-0.07272597,9.738728E-06,-0.003138187
-0.5374461,-0.07354945,-5.748721E-08,-0.002133334,-0.2395236,-0.07355121,0.0001771463,-0.001066666
-0.6822873,-0.07354982,-8.163969E-05,-0.001066667,-0.3885894,-0.07354945,-9.678073E-06,-0.001066667
-0.596759,0.03525009,-0.000188702,-0.01546667,-0.398996,-0.07354974,7.085838E-05,-0.001066667
-0.6415085,0.2779153,0.0004005245,9.337999E-05,-0.4438304,-0.07354952,3.618213E-05,-0.001066667
-0.4902236,0.06153668,0.0001435625,0.00715331,-0.5377737,-0.07349591,-8.914798E-05,-0.003536667
-0.3396014,-0.003032637,9.782158E-06,-0.0004529181,-0.3882679,-0.07354945,9.706636E-06,-0.001066667
-0.4888442,-0.002561568,-0.0001416249,-0.0005333137,-0.5375113,-0.07355059,-0.0001416252,-0.001066667
-0.6388407,-0.07228946,-0.0001423399,-0.002933336,-0.3889244,-0.07355057,0.0001410023,-0.001066667
-0.6526489,-0.0739052,4.937196E-05,-0.00110902,-0.4634717,-0.07354945,4.844901E-06,-0.001066667
-0.6224833,-0.07301642,5.092151E-05,-0.000533343,-0.4871434,-0.07354944,4.866996E-06,-0.001066667
-0.6639918,-0.03008334,-0.0001477243,-0.01733335,-0.4837066,-0.07354989,8.853003E-05,-0.001066667
-0.5861627,-0.06974889,-0.0001885459,0.0004666634,-0.3339743,-0.0735506,0.0001420892,-0.001066667
-0.6763094,-0.06310855,0.0003789446,-0.003670777,-0.4162631,-0.07354951,3.609602E-05,-0.001066667
-0.5527653,-0.07354839,-4.929268E-06,-0.002133287,-0.2984334,0.131974,0.0001819597,-0.01196319
-0.4028386,-0.07354943,9.73396E-06,-0.002133333,-0.4474192,-0.003376719,-9.676513E-06,-0.002476151
-0.06377764,-0.07220896,0.001015827,0.001004994,-0.4853048,-0.07352892,-7.081268E-05,-0.005419037
0.0530957,-0.07072331,7.172649E-05,0.0003213361,-0.3357075,-0.07354944,9.712583E-06,-0.001066667
0.291,-0.061,0,0,-0.327,-0.065,0,0
0.291,-0.061,0,0,-0.327,-0.065,0,0
0.1417084,-0.07355104,-0.0001416711,-0.001066699,0.0711111,0.06939992,0.0003777895,-0.01440001
-0.008288288,-0.0735506,-0.0001423401,-0.001066667,0.07299113,-0.06205014,1.784062E-06,0.006
-0.01995797,-0.07354943,-4.844686E-06,-0.001066667,0.1269106,-0.06556603,3.500712E-06,-0.009203712
0.05057404,-0.07354974,-7.082409E-05,-0.001066667,0.2895022,-0.073592,0.0007490655,-0.002734615
0.154284,-0.07354943,-4.856288E-06,-0.001066667,0.471536,-0.03881401,0.0002370503,-0.01853853
0.1895962,-0.07354945,-4.866994E-06,-0.001066667,0.5001541,0.1216899,0.0001270269,-0.01195355
0.3395231,-0.07354945,9.733982E-06,-0.001066667,0.6091691,-0.01653842,-1.300136E-05,-0.003623222
0.4895232,-0.07354943,9.738724E-06,-0.001066667,0.689118,-0.07287606,0.0001255195,-0.0005042741
0.5945532,-0.07354946,-1.857514E-05,-0.001066667,0.5781924,0.1369317,-0.000179944,-0.01004387
0.6883479,-0.07355204,-0.000216039,-0.001066667,0.5737287,0.1284981,-0.0005751644,-0.01644388
0.5373169,-0.07354944,-9.805671E-06,-0.001066667,0.5708812,-0.001159124,-1.866516E-07,0.0007722577
0.6872193,-0.07354945,9.73238E-06,-0.001066667,0.3209614,-0.01630826,-1.6226E-05,0.004013872
0.537976,-0.07355059,-0.0001416251,-0.001066667,0.3208807,-0.06902257,-7.662512E-08,0.001003468
0.5084923,-0.07354944,4.890761E-06,-0.001066667,0.2900655,-0.0368086,-1.298074E-05,0.006698267
0.3592249,-0.07355059,-0.000141648,-0.001066667,0.2900066,-0.07325412,-6.129984E-08,-0.002037283
0.5481367,-0.07237946,4.912742E-05,-2.487432E-05,0.2232988,-0.07354943,-4.867771E-06,-0.002133333
0.3990894,-0.07355057,-0.0001414391,-0.001066667,-0.169485,-0.07360417,-0.001809604,-0.001066663
0.2490939,-0.0735506,-0.000142339,-0.001066667,0.2196208,0.03519586,0.0003692439,-0.01546667
0.098431,-0.07354944,-9.781756E-06,-0.001066667,-0.2049297,-0.07390596,-0.0001838634,-0.003243145
-0.05090935,-0.07355058,-0.0001417172,-0.001066667,-0.421469,-0.0735731,-0.0009953496,-0.002134028
-0.2009062,-0.07355059,-0.0001423403,-0.001066667,-0.6919718,0.2734921,0.0008311074,0.005982914
-0.3509062,-0.07355058,-0.0001423433,-0.001066667,-0.6878359,-0.02451798,3.924796E-06,-0.03241709
-0.5009062,-0.0735506,-0.0001423433,-0.001066667,-0.5385247,-0.00138359,0.0001416896,0.001052135
-0.3523229,-0.07355057,0.0001409989,-0.001066667,-0.4477006,-0.05304045,8.618787E-05,-0.02215237
0.291,-0.061,0,0,-0.327,-0.065,0,0
0.291,-0.061,0,0,-0.327,-0.065,0,0
0.1417084,-0.07355104,-0.0001416711,-0.001066699,-0.1777084,-0.07354025,0.0001416711,-0.002132813
-0.008288288,-0.0735506,-0.0001423401,-0.001066667,-0.2508707,-0.07355332,-6.951008E-05,-0.001067141
-0.1582883,-0.0735506,-0.0001423433,-0.001066667,-0.6541265,-0.01980421,0.001133546,-0.01123344
-0.1879012,-0.06991682,0.0004127249,-0.0003998045,-0.604785,0.04016707,0.0009890347,-0.008550057
-0.335139,-0.07355057,-0.000139722,-0.001066667,-0.7105249,-0.06548685,6.850023E-05,0.002662487
-0.4851261,-0.0735506,-0.0001423309,-0.001066667,-0.6930646,-0.07155617,3.49278E-05,0.001610622
-0.4224351,-0.07390919,0.0006000817,-0.0003449048,-0.5271053,-0.02235723,0.001098006,-0.0113681
-0.1769863,-0.07264884,3.864566E-05,-0.001613496,-0.3720565,-0.07337159,1.009189E-05,-0.001066576
-0.1035807,-0.07356246,0.0005754092,-0.00106647,-0.6849152,-0.01979253,0.001097977,-0.01123344
-0.250656,-0.07354943,-9.548831E-06,-0.001066667,-0.5296867,-0.07354816,1.009188E-05,-0.001066503
-0.3999951,-0.07355057,-0.0001417161,-0.001066667,-0.6789281,-0.07355057,-0.0001416234,-0.001066667
-0.2744601,-0.06536792,0.001125171,0.0009196948,-0.5603858,-0.01978503,0.001097797,-0.01123344
-0.4181524,-0.07354718,-0.0001363576,-0.00106635,-0.5399381,-0.07298929,0.001095044,-0.0005253159
-0.1895767,-0.06643535,0.001059326,-0.001120106,-0.5741667,-0.03794954,0.001099257,-0.01230111
-0.3335967,-0.0735505,-0.0001366685,-0.001066667,-0.7178174,-0.07263488,-0.0001364799,-0.001368819
-0.4835685,-0.0735506,-0.0001423165,-0.001066667,-0.509985,-0.002851798,0.001044841,-0.0006305508
-0.3343285,-0.07354943,9.689379E-06,-0.001066667,-0.3548111,-0.002560563,1.007463E-05,-0.0005333337
-0.1849887,-0.07355057,0.0001417168,-0.001066667,-0.2054693,-0.002561514,0.0001417186,-0.0005333334
-0.03499184,-0.0735506,0.0001423403,-0.001066667,-0.2787181,-0.05253675,-6.950986E-05,-0.004023333
-0.009019056,-0.07162257,0.0005669327,0.001047543,-0.6745421,-0.03001942,-0.002195765,-0.01215511
-0.1554894,-0.07355072,-0.0001389938,-0.001066677,-0.5361939,-0.07390526,0.0001313019,-0.003880612
0.291,-0.061,0,0,-0.327,-0.065,0,0
0.291,-0.061,0,0,-0.327,-0.065,0,0
0.1417084,-0.07355104,-0.0001416711,-0.001066699,-0.7225794,0.06939993,0.0001888948,-0.01440001
-0.008288288,-0.0735506,-0.0001423401,-0.001066667,-0.7216461,-0.0716788,8.920309E-07,0.004799999
-0.1589511,-0.07354944,-9.781756E-06,-0.001066667,-0.5716904,-0.07354943,9.735852E-06,-0.001066667
-0.3082915,-0.07355059,-0.0001417172,-0.001066667,-0.5716418,-0.07354943,4.597628E-08,-0.001066667
-0.4582884,-0.07355059,-0.0001423403,-0.001066667,-0.6747879,-0.06074948,0.0001180591,-0.01946667
-0.6087667,-0.07354958,-4.664305E-05,-0.001066667,-0.6841792,-0.05862679,8.424021E-05,-0.001376587
-0.571643,-0.07354943,4.87535E-06,-0.001066667,-0.6506962,-0.0002918959,2.865019E-05,-0.02169427
-0.4216674,-0.07354943,9.737146E-06,-0.001066667,-0.6848029,-0.07191554,4.863132E-06,-0.001055892
-0.4502795,-0.07354945,9.504301E-06,-0.001066667,-0.6655532,-0.04547744,-2.535456E-05,0.005327948
-0.5995237,-0.07355059,-0.0001416262,-0.001066667,-0.5952526,0.05920474,0.0007230003,-0.008459616
-0.4502803,-0.07354944,9.689603E-06,-0.001066667,-0.5892657,-0.02441652,1.286344E-05,-0.002970191
-0.5995237,-0.07355059,-0.0001416253,-0.001066667,-0.5913465,0.03869885,0.0001888644,-0.0173702
-0.4509368,-0.07355057,0.0001410023,-0.001066667,-0.6334404,-0.05632023,-4.00611E-05,-0.007813621
-0.2990065,-0.07360331,0.0009785034,-0.00106944,-0.6603902,0.133031,0.0005666036,-0.002890826
-0.4434287,-0.07355051,-0.0001370502,-0.001066667,-0.6816813,-0.02972852,6.949768E-05,-0.003354587
-0.5940651,-0.07354945,-9.780038E-06,-0.001066667,-0.2814637,-0.03081061,2.598406E-05,-0.000722705
-0.4441626,-0.07354944,9.732388E-06,-0.001066667,-0.5312526,-0.02484345,-1.621751E-05,-0.002438647
-0.5940654,-0.07354944,-9.732405E-06,-0.001066667,-0.6944119,-0.04255941,8.115598E-06,-0.006380676
-0.6000367,-0.07354974,7.085852E-05,-0.001066667,-0.6963959,-0.0612957,4.721889E-05,-0.02078068
-0.5948852,-0.07354973,7.066822E-05,-0.001066667,-0.6639481,-0.07314,-0.0002733248,-0.001936996
-0.5488595,-0.07354974,7.066867E-05,-0.001066667,-0.6384358,-0.07356317,0.0005254525,-0.001066716
-0.4977142,-0.07301605,0.0001939306,-0.0005332989,-0.5461721,-0.0006305825,0.0002923119,0.00528541
-0.6450263,-0.07301736,-0.0003436407,-0.0005333333,-0.5447274,-0.04739629,3.370128E-06,-0.001042704
-0.6438397,-0.07301611,-4.812023E-06,-0.0005333333,-0.3097,-0.06123706,0.000223016,-0.004127157
-0.4939125,-0.0730161,9.734E-06,-0.0005333333,-0.3086045,-0.07354798,7.237287E-08,-0.002133273
-0.4268429,-0.07301611,-4.869362E-06,-0.0005333333,-0.2653758,0.2138757,7.295796E-05,-0.008161675
-0.07436703,-0.07362209,0.005999931,-0.002133334,-0.665001,-0.0121534,-9.126064E-07,-0.01271916
-0.1938007,-0.07354967,-0.0001133372,-0.002133334,-0.6650054,-0.07104626,-4.309665E-09,-0.000810105
-0.3436565,-0.07354979,-0.0001422063,-0.002133334,-0.6650054,-0.07302208,-2.035182E-11,-0.0005336902
0.291,-0.061,0,0,-0.327,-0.065,0,0
0.291,-0.061,0,0,-0.327,-0.065,0,0
0.1417084,-0.07355104,-0.0001416711,-0.001066699,-0.1777084,-0.07354025,0.0001416711,-0.002132813
0.2943936,0.04093362,0.001252221,-0.007633128,-0.3297054,0.09362441,-0.00124905,-0.004593863
0.1513335,-0.06459214,-0.0001357576,0.0004917186,-0.1866296,-0.04014386,0.0001357726,-0.007303069
0.1909931,-0.07354958,4.920344E-05,-0.001066667,-0.2223988,0.1216583,-0.0001671049,-0.01199111
0.04194636,-0.07355058,-0.0001414387,-0.001066667,-0.07393876,-0.02539438,0.000140882,-0.00840445
0.2295293,-0.06996602,0.0008362276,0.005040043,-0.3917485,0.160852,-0.001462559,-0.001458337
0.08489405,-0.07233424,-0.0001377221,3.750808E-06,-0.2497351,-0.02018351,0.0001347643,0.0007291678
-0.06454983,-0.07239024,-0.0001423214,1.47149E-08,-0.1508037,-0.04951574,9.388136E-05,0.001135417
0.1624164,0.04067991,0.001062865,-0.007748818,-0.5186594,0.1472318,-0.001462448,-0.00142827
0.01841396,-0.06534971,-0.0001366518,0.0004627962,-0.3766453,-0.01373423,0.0001347649,0.0007141341
-0.1322205,-0.07354945,-9.779907E-06,-0.001066667,-0.4636761,0.005606413,-0.000170433,-0.02085121
-0.1055011,0.04130813,0.000669451,-0.007638594,-0.3154087,-0.06151109,0.0001408662,-0.001612801
-0.1847014,-0.06453275,6.925482E-05,0.0004903522,-0.5750569,0.1251521,-0.001438346,-0.005473366
-0.3343066,-0.07354945,-9.713089E-06,-0.001066667,-0.483587,-0.06434963,5.940977E-06,-0.01256332
-0.2249331,-0.07351433,0.000634621,-0.002129704,-0.6887656,0.0237555,0.00073112,-0.008978905
-0.3710667,-0.07354973,-0.0001386741,-0.002133333,-0.6678004,-0.06496246,6.910923E-05,-0.001044726
-0.5196101,-0.07354917,7.116296E-05,-0.002133333,-0.5704578,-0.07313756,-4.678567E-05,-0.002211182
-0.3237106,-0.06678027,0.00063531,-0.002944043,-0.6224598,0.09355606,0.0007310578,-0.004598761
-0.4704863,-0.07354944,-9.529393E-06,-0.001066667,-0.7006772,-0.07054324,4.749161E-06,0.001774845
-0.2292103,-0.07355785,0.00147095,-0.001060041,-0.6162839,0.06118928,0.0007311186,-0.006547985
-0.3711819,-0.07355048,-0.0001347247,-0.001066667,-0.463354,-0.06621797,0.0001451237,0.001963005
0.291,-0.061,0,0,-0.327,-0.065,0,0
0.291,-0.061,0,0,-0.327,-0.065,0,0
0.1417084,-0.07355104,-0.0001416711,-0.001066699,-0.327,-0.07354006,0,-0.002132813
-0.008288288,-0.0735506,-0.0001423401,-0.001066667,-0.3826318,-0.07354913,-5.30024E-05,-0.001066633
-0.1582883,-0.0735506,-0.0001423433,-0.001066667,-0.572621,-0.06416094,-0.001093852,0.001232416
-0.3082883,-0.0735506,-0.0001423433,-0.001066667,-0.5778351,-0.07305604,-5.16557E-06,-0.0005389359
-0.4017321,-0.07354952,3.643988E-05,-0.001066667,-0.6581926,0.05058397,0.0004419449,-0.01056477
-0.5504447,-0.07355217,-0.0002210922,-0.001066667,-0.7223147,-0.05623727,5.012967E-05,-0.007567617
-0.6314976,-0.07354973,7.135757E-05,-0.001066667,-0.6692359,0.2735139,0.0003001211,0.005792534
-0.481851,-0.0735506,0.0001420081,-0.001066667,-0.6764809,-0.02906527,7.012689E-05,-0.03260747
-0.5858655,-0.07354973,7.050023E-05,-0.001066667,-0.6703485,-0.06636363,-0.0004107573,0.002625469
-0.5635858,-0.07354973,7.066906E-05,-0.001066667,-0.718187,-0.07356523,0.000143252,-0.001069061
-0.602567,-0.07354948,2.315671E-05,-0.001066667,-0.6871991,-0.07231389,-0.0001021043,1.29547E-06
-0.6170995,-0.07355114,0.0001728048,-0.001066667,-0.7095381,0.02371198,7.220477E-05,-0.01199871
-0.7022311,-0.07354973,7.04275E-05,-0.001066667,-0.460655,-0.04832857,0.0002364594,-0.001600645
-0.6551875,-0.06152686,3.983464E-05,-0.006181348,-0.3596941,0.3358409,0.0001587384,-0.002943724
-0.3024881,-0.07363536,0.005999932,-0.001066667,-0.7055694,0.07228713,4.558134E-07,0.003871863
-0.4219218,-0.07355018,-0.0001133372,-0.001066667,-0.5562756,-0.03986351,0.0001416732,-0.001935931
-0.4728564,-0.07354973,7.110315E-05,-0.001066667,-0.6792149,-0.07349955,0.0005893953,-0.001052313
-0.3135094,-0.02267591,0.001025812,-0.01140322,-0.6979185,0.1244248,0.0003493239,-0.002750052
-0.4579644,-0.07337157,-9.402664E-06,-0.001066576,-0.4462536,0.05838085,1.63393E-05,0.0009750266
-0.30806,-0.07354943,9.73251E-06,-0.001066667,-0.196253,-0.02799834,1.623124E-05,0.008712488
0.291,-0.061,0,0,-0.327,-0.065,0,0
0.291,-0.061,0,0,-0.327,-0.065,0,0
0.1417084,-0.07355104,-0.0001416711,-0.001066699,-0.1777084,-0.07354025,0.0001416711,-0.002132813
0.2298255,0.2098642,0.0009547332,0.002276474,-0.1558975,-0.07351856,-0.0004482567,-0.001060181
0.08528501,-0.03670731,-0.0001371625,0.008461763,-0.008836539,-0.07355056,0.0001395542,-0.001066667
0.1028693,-0.07023492,7.11594E-05,0.002115441,-0.06300302,-0.07354973,-7.116504E-05,-0.001066667
-0.04606821,-0.07355021,-0.000141335,-0.001066642,-0.3405861,-0.0731483,-0.0007326038,-0.001996224
-0.05823978,-0.07359151,0.0004939898,-0.001070965,-0.3229526,-0.07312903,-0.0004523854,-0.00199577
0.1748782,-0.049506,0.001569019,-0.01295077,-0.3657648,-0.07314343,-0.0006603641,-0.00199577
0.03339461,-0.07335374,-0.0001342616,-0.002077356,-0.2197594,-0.07355054,0.0001385526,-0.001066667
0.1433425,-0.0729114,0.0009353923,-0.0005186707,-0.2636629,-0.07314445,-0.0006617593,-0.001996224
-0.001933425,-0.07301611,-9.432012E-06,-0.0005333333,-0.4169222,-0.07354945,-9.950317E-06,-0.001066667
-0.09001511,-0.06713382,0.0001415352,-0.002981231,-0.3957152,-0.07312971,-0.0004489727,-0.001996224
-0.2386024,-0.07355064,-0.0001410027,-0.00106667,-0.5834366,-0.07356759,-0.0006471917,-0.00106667
-0.3885958,-0.0735506,-0.0001423369,-0.001066667,-0.6440622,-0.07375224,-5.753096E-05,-0.002162604
-0.2481911,-0.06343454,0.00109618,0.001032715,-0.6909,-0.073527,-0.0006612964,-0.001060188
-0.222737,-0.0735938,0.000643487,-0.0003371838,-0.6729335,-0.07312996,-0.0004520485,-0.001996227
0.291,-0.061,0,0,-0.327,-0.065,0,0
0.291,-0.061,0,0,-0.327,-0.065,0,0
0.1410487,-0.07354944,-9.735565E-06,-0.001066667,-0.4769513,-0.07354919,-9.735565E-06,-0.002133325
-0.008291407,-0.07355058,-0.000141717,-0.001066667,-0.4769998,-0.07354943,-4.597494E-08,-0.002133333
-0.1582883,-0.07355059,-0.0001423403,-0.001066667,-0.7222282,-0.06768276,0.0001180593,0.007866669
-0.3082883,-0.07355058,-0.0001423433,-0.001066667,-0.7216845,-0.07369943,5.575195E-07,-0.002208333
-0.4582883,-0.0735506,-0.0001423433,-0.001066667,-0.5997546,-0.06670776,0.0001180579,0.007904168
-0.5198154,-0.07354973,7.117163E-05,-0.001066667,-0.631039,0.4143618,0.0007110662,0.01261438
-0.1195895,-0.03328254,2.598459E-05,0.0005333353,-0.4775335,-0.04349728,9.966319E-06,0.01769281
-0.2684081,-0.07390756,-0.0001415483,-0.002366667,-0.2286645,0.4195301,0.0002361654,-0.0007071967
0.08338449,-0.07308876,0.005999929,-0.0005333334,-0.2872388,-0.012939,-1.337616E-07,-0.0150964
-0.01304101,-0.07301626,5.666858E-05,-0.0005333334,-0.08467677,-0.0735765,-0.0001180589,0.002425899
0.02916015,-0.07301615,7.070172E-05,-0.0005333334,-0.2952819,-0.07358153,-0.0009681823,-0.001066743
0.08351328,-0.03111294,0.0007953044,-0.0118719,-0.2949811,0.0911122,-0.000527155,-0.004684175
-0.06182064,-0.07343415,-0.0001379154,-0.0004419937,-0.6957155,0.1130919,-0.0003802789,-0.01908418
-0.2117987,-0.07301589,-0.0001423224,-0.000533311,-0.6895515,-0.03522544,4.531195E-05,-0.007887911
-0.3617987,-0.07301631,-0.0001423431,-0.0005333333,-0.6657435,-0.07309039,7.072854E-05,-0.0002035028
-0.5117986,-0.07301631,-0.0001423433,-0.0005333333,-0.7073778,-0.0726368,4.252936E-05,-0.001879562
-0.6617986,-0.07301631,-0.0001423433,-0.0005333333,-0.7118032,0.1149644,0.0001711178,-0.003275219
-0.5125588,-0.07301611,9.689372E-06,-0.0005333333,-0.6898097,-0.0588734,2.552194E-06,-0.01255239
-0.6156977,-0.07301609,7.081266E-05,-0.0005333333,-0.7116565,-0.06657783,0.0002434151,0.002716182
-0.6139676,-0.07301613,7.066833E-05,-0.0005333333,-0.7105156,-0.07350183,-0.000302441,-0.002129444
-0.6152778,-0.07301613,7.066867E-05,-0.0005333333,-0.7234063,-0.07355554,-0.0003402931,-0.001066665
-0.6047665,-0.07301611,4.856315E-06,-0.0005333333,-0.6337851,-0.002213239,2.797543E-05,-0.0006171213
-0.4554507,-0.07301631,0.000141694,-0.0005333333,-0.6336464,-0.07296938,1.321103E-07,-0.00172286
-0.6040372,-0.07301631,-0.0001410019,-0.0005333333,-0.62723,0.3180422,0.0005019466,0.007432446
-0.4547907,-0.0730161,9.689806E-06,-0.0005333333,-0.2248509,0.44161,2.612439E-05,-0.02616756
-0.1022419,-0.07362209,0.005999932,-0.002133334,-0.6247155,-0.06386267,-9.131409E-07,0.00665811
-0.2216755,-0.07354967,-0.0001133372,-0.002133334,-0.47552,-0.07301873,0.0001416668,-0.0005080659
0.291,-0.061,0,0,-0.327,-0.065,0,0
0.291,-0.061,0,0,-0.327,-0.065,0,0
0.1417084,-0.07355104,-0.0001416711,-0.001066699,-0.1777084,-0.07354025,0.0001416711,-0.002132813
0.1553624,0.08368717,0.0006116558,-0.005145705,-0.2027644,0.1069104,-0.0006641886,-0.003738179
0.009114583,-0.05735352,-0.0001387826,-0.009427149,-0.3553612,-0.0306549,-0.0001448076,-0.005330911
0.08222253,-0.07352211,0.0008855282,-0.001058578,-0.3818429,0.06762807,-0.0006655416,-0.005737557
-0.06266238,-0.07355051,-0.0001374892,-0.001066667,-0.2358632,-0.07342239,0.0001385282,-0.01153122
0.138311,0.264649,0.001127453,0.005498338,-0.401018,0.1457643,-0.0008776913,-0.001287636
-0.006004878,0.003447927,-9.369684E-06,-0.00274917,-0.2554537,-0.06177635,9.450737E-06,0.002078091
-0.001711664,-0.07352528,0.0004522872,-0.001057858,-0.3574633,0.08268474,-0.0008773866,-0.005085307
-0.1487526,-0.07355055,-0.0001395352,-0.001066667,-0.2125378,-0.05757708,0.0001375277,-0.009457348
0.1693151,-0.07313808,0.0009218212,-0.002704453,-0.06268568,-0.07352594,0.0001423205,-0.001061789
0.3464668,-0.06819399,0.001193685,0.005127562,-0.1756464,0.1117043,-0.0008777003,-0.003471476
0.2032504,-0.07377798,-0.000136034,-0.002169882,-0.03072249,-0.03625223,0.0001375262,-0.005464262
0.350904,-0.07387604,0.001061877,-0.002743601,-0.1424744,0.08821267,-0.0008776889,-0.004570895
0.2062604,-0.07354945,-9.390964E-06,-0.001066667,-0.2336082,-0.06741817,-5.916898E-06,-0.001037723
0.05692197,-0.07355057,-0.0001417154,-0.001066667,-0.3829293,-0.07355048,-0.000141699,-0.001066661
0.1210271,-0.02039181,0.0008441025,-0.01124115,-0.4093954,0.1117223,-0.0006655268,-0.003471496
-0.02401169,-0.07357959,-0.0001376849,-0.001074679,-0.4990734,-0.03890068,-8.510027E-05,0.006325749
0.05012743,-0.07304789,0.000890259,-0.002699175,-0.350426,-0.07278015,0.0001412692,-0.003218563
-0.09473394,-0.07355052,-0.0001374669,-0.001066667,-0.4990146,-0.07355058,-0.000141004,-0.001066667
0.291,-0.061,0,0,-0.327,-0.065,0,0
0.291,-0.061,0,0,-0.327,-0.065,0,0
0.1417084,-0.07355104,-0.0001416711,-0.001066699,-0.2745222,-0.07335015,5.005781E-05,-0.001044844
-0.008288288,-0.0735506,-0.0001423401,-0.001066667,-0.2743405,-0.07337167,2.363914E-07,-0.001066667
-0.04121595,-0.07354974,7.117163E-05,-0.001066667,-0.2561894,0.03542824,-0.0001888953,-0.01546667
-0.1908116,-0.07354945,-9.712467E-06,-0.001066667,-0.5915908,-0.07302384,-6.698721E-05,-0.0005338039
-0.3401515,-0.07355057,-0.0001417169,-0.001066667,-0.591924,-0.07301611,-3.163382E-07,-0.0005333334
-0.4907991,-0.07354946,-1.222694E-05,-0.001066667,-0.5521148,-0.07337905,-4.292507E-05,-0.002112181
-0.4329468,-0.07354973,7.086438E-05,-0.001066667,-0.6011922,-0.07356592,0.0006836895,-0.001066406
-0.459486,-0.07354973,7.066822E-05,-0.001066667,-0.6308814,-0.06075972,-0.0001196735,-0.01946641
-0.5676221,-0.07354974,7.066867E-05,-0.001066667,-0.6234497,-0.07240568,-0.0003711322,-9.32062E-05
-0.5014147,-0.07354944,4.856315E-06,-0.001066667,-0.7181875,-0.07339237,-6.15721E-06,-0.002083644
-0.6506822,-0.07355059,-0.0001416481,-0.001066667,-0.6980499,0.01272242,1.910967E-05,0.0002169434
-0.5020954,-0.07355057,0.0001410022,-0.001066667,-0.6115755,-0.07014628,-7.088065E-05,0.001254236
-0.6512722,-0.07354947,-2.365675E-05,-0.001066667,-0.7126752,-0.0735625,3.227606E-05,-0.002134189
-0.5932841,-0.07354947,2.322969E-05,-0.001066667,-0.653329,-0.03931625,0.0003308866,-0.01878491
-0.4432167,-0.07354944,9.743101E-06,-0.001066667,-0.6882225,-0.0729373,6.517222E-06,-0.0005258108
-0.3472436,-0.07357863,0.0008893503,-0.001066792,-0.6212586,-0.0338807,0.0007397432,-0.01203229
-0.4921095,-0.07355051,-0.0001374713,-0.001066667,-0.6725423,-0.0727097,0.0004762031,-0.00179207
-0.6205646,-0.07354973,7.116012E-05,-0.001066667,-0.7037038,-0.0735486,-0.0002379961,-0.001066308
0.291,-0.061,0,0,-0.327,-0.065,0,0
0.291,-0.061,0,0,-0.327,-0.065,0,0
0.1417084,-0.07355104,-0.0001416711,-0.001066699,-0.1777084,-0.07354025,0.0001416711,-0.002132813
0.3689023,-0.06403591,0.001595509,-0.01380585,-0.23434,0.1042913,-0.0008096686,-0.003966402
0.2275505,-0.07354928,-0.0001341365,-0.001066571,-0.2983599,-0.02852629,-6.075205E-05,0.0009032015
0.07759127,-0.0735506,-0.0001423045,-0.001066667,-0.1493706,-0.07360177,0.0001413842,-0.002128225
0.2372432,0.302221,0.001079925,0.00770838,-0.2991738,0.1043148,-0.001023178,-0.003966116
0.09332567,0.04562211,-0.0001365713,-0.03069162,-0.1549738,-0.02662178,0.0001368393,-0.005216943
0.01303432,-0.04858154,7.1158E-05,-0.01585419,-0.2912091,0.1794845,-0.001023167,-2.463125E-05
-0.1359032,-0.07179667,-0.000141335,-0.001290887,-0.3562914,-0.06302413,-6.176026E-05,0.01333232
-0.2858982,-0.07355059,-0.0001423385,-0.001066666,-0.5058904,-0.05453331,-0.0001419627,-0.001866158
-0.435898,-0.07355059,-0.0001423433,-0.001066667,-0.6537617,0.1075738,0.000547175,-0.004100022
-0.5858979,-0.07355059,-0.0001423433,-0.001066667,-0.7110295,-0.02856412,-5.434453E-05,0.0009700116
-0.4887539,-0.07292739,0.0004847866,-0.0005206839,-0.6148165,-0.04284656,0.0005113581,-0.01366309
-0.6356331,-0.07301621,-0.0001393817,-0.0005333303,-0.6295248,0.1448082,0.0004411903,-0.003001556
-0.6700145,0.02519534,-3.262663E-05,-0.01590785,-0.4780378,-0.01284303,0.0001437545,-0.0008992219
-0.6376612,-0.05950965,5.39291E-05,-0.006033661,-0.3331748,0.1206226,0.0002119746,-0.01131889
-0.5142981,-0.07301566,-4.876531E-06,-0.000533312,-0.2716804,0.3573271,0.0001695687,-0.002909052
-0.1618224,-0.07362209,0.005999931,-0.002133334,-0.4208309,-0.03837476,-3.406035E-07,-0.001927263
-0.1310226,-0.06085084,0.0005788408,-0.01368072,-0.5309642,0.1890443,-0.001022843,0.0007305298
-0.2771511,-0.07397077,-0.0001389376,-0.003213761,-0.685346,-0.01734603,-0.0001465013,0.006834735
-0.4269119,-0.07399245,-0.0001423272,-0.003200054,-0.7120296,-0.05412129,2.881016E-05,0.005102633
0.291,-0.061,0,0,-0.327,-0.065,0,0
0.291,-0.061,0,0,-0.327,-0.065,0,0
0.1417084,-0.07355104,-0.0001416711,-0.001066699,-0.327,-0.07354006,0,-0.002132813
-0.008288288,-0.0735506,-0.0001423401,-0.001066667,-0.4762917,-0.07354976,-0.0001416711,-0.002133333
0.03028867,-0.07357043,0.0007264965,-0.00106664,-0.7023804,0.01356936,0.0009374508,-0.009302952
-0.1153877,-0.07355054,-0.0001382402,-0.001066667,-0.6616343,-0.07072695,6.862204E-05,-0.004725738
-0.2653672,-0.07355059,-0.0001423239,-0.001066667,-0.7101446,-0.07372999,4.17982E-05,-0.002163527
-0.4153671,-0.0735506,-0.0001423432,-0.001066667,-0.7099366,-0.07354967,1.973865E-07,-0.002133341
-0.565367,-0.0735506,-0.0001423433,-0.001066667,-0.7189928,-0.06709491,0.0001447285,9.919666E-05
-0.6451437,-0.07354973,7.117163E-05,-0.001066667,-0.7089549,-0.06635141,-0.0001234789,0.0008549515
-0.5912417,-0.07354973,7.066748E-05,-0.001066667,-0.719927,-0.007432646,2.958769E-05,-0.01754505
-0.6018798,-0.07354973,7.066867E-05,-0.001066667,-0.7227181,-0.03790503,0.0002288766,-0.0112391
-0.60789,-0.07354944,4.856315E-06,-0.001066667,-0.6453394,0.01110444,7.542896E-05,0.0002828125
-0.4579419,-0.07354946,1.521428E-05,-0.001066667,-0.687601,-0.07336015,7.586785E-06,-0.001055145
-0.6025908,-0.07358371,-0.001054996,-0.001066667,-0.5482571,0.1028126,0.001407242,-0.001055149
-0.4579128,-0.07354944,9.393198E-06,-0.001066667,-0.2913042,-0.02327107,1.668261E-05,0.007327576
-0.3541049,-0.07390501,1.054382E-05,-0.001107292,-0.1415059,-0.07335141,1.522028E-05,-0.001046377
-0.2041009,-0.07354944,9.738986E-06,-0.001066667,0.2584404,-0.03374697,2.596644E-05,0.0005231898
-0.05410085,-0.07354943,9.738724E-06,-0.001066667,0.158317,-0.07278911,-6.500494E-06,-0.002712899
0.09589917,-0.07354945,9.738724E-06,-0.001066667,0.3089272,-0.06329556,0.0001662977,0.0104849
0.2458991,-0.07354944,9.738724E-06,-0.001066667,0.4596732,-0.07390501,9.78953E-06,-0.002277653
0.3958991,-0.07354944,9.738724E-06,-0.001066667,0.6486788,-0.07354235,0.0001793147,-0.001064926
0.2305111,-0.07358851,-0.001196759,-0.001066667,0.599922,0.2297091,-0.0008481414,0.00344269
0.3744805,-0.07354943,9.347192E-06,-0.001066667,0.5956834,-0.001959092,-2.752378E-07,-0.006521347
0.5244787,-0.07354943,9.738595E-06,-0.001066667,0.5813023,-0.07335217,-0.0001254973,-0.002094712
0.291,-0.061,0,0,-0.327,-0.065,0,0
0.291,-0.061,0,0,-0.327,-0.065,0,0
0.1417084,-0.07355104,-0.0001416711,-0.001066699,-0.1777084,-0.07354025,0.0001416711,-0.002132813
0.1573889,-0.003193472,0.0006209926,-0.01025633,-0.2768824,-0.07197828,-0.001006719,0.0004052915
0.234012,-0.07278947,0.0008878916,-0.001736218,-0.3819975,-0.07361302,-0.001012142,-0.00107093
0.08913881,-0.07355052,-0.0001374781,-0.001066667,-0.5363261,-0.07355066,-0.0001464508,-0.001066667
-0.060837,-0.0735506,-0.0001423202,-0.001066667,-0.4503314,-0.07346287,8.175655E-05,7.333364E-05
0.01218036,-0.07197127,0.0008851751,-0.01427436,-0.5500299,-0.07376412,-0.001007002,-0.001231785
-0.1327063,-0.07309833,-0.0001374909,-0.0005432593,-0.4683099,-0.07296145,7.769269E-05,9.397343E-05
-0.1122873,-0.07356741,0.0006427487,-0.001066671,-0.5680286,-0.07376458,-0.001007021,-0.001231795
-0.02752339,-0.03411061,0.0009250031,-0.01204764,-0.6731451,-0.07377048,-0.001012144,-0.00123205
-0.1721402,-0.07283868,-0.0001373028,-0.0005058778,-0.52889,-0.07355051,0.0001368913,-0.001066667
-0.1439836,-0.06557709,0.0006783945,-0.001068164,-0.6283142,-0.0737692,-0.001006742,-0.00123201
-0.2898993,-0.07355035,-0.0001384674,-0.001066655,-0.5465928,-0.07296018,7.769396E-05,9.400137E-05
-0.2085447,0.2268573,0.0008294904,0.003274947,-0.7148865,-0.07377224,-0.001220078,-0.001231795
-0.3537084,-0.04518551,-0.0001377539,0.01276253,-0.6342247,-0.07296039,7.668649E-05,9.397454E-05
-0.5035077,-0.05663387,-0.0001423216,-0.001581263,-0.6868188,-0.07104161,0.0005331244,-0.005332471
-0.5686467,-0.07354958,7.117157E-05,-0.001066651,-0.627678,-0.07359029,0.0005957711,-0.002135787
-0.3114971,-0.07301302,6.553152E-05,-0.0005331547,-0.6883947,-0.07354943,-4.96445E-06,-0.002133334
0.291,-0.061,0,0,-0.327,-0.065,0,0
0.291,-0.061,0,0,-0.327,-0.065,0,0
0.1417084,-0.07355104,-0.0001416711,-0.001066699,0.0711111,0.06939992,0.0003777895,-0.01440001
0.4282698,-0.07386485,0.0001399984,-0.003551437,0.222858,-0.0733479,9.858165E-06,-3.72529E-10
0.2796748,-0.07355056,-0.00014101,-0.001066666,-0.02591233,-0.03494795,-0.0002360718,-0.0184
0.2348449,-0.07354973,7.116848E-05,-0.001066667,0.04853434,-0.06896446,-0.0001883373,-0.001000001
0.08590742,-0.07355057,-0.000141335,-0.001066667,-0.3740788,-0.0736091,-0.00139753,-0.002143537
-0.06408758,-0.07355058,-0.0001423385,-0.001066667,-0.132214,-0.06753051,0.0002295188,0.00787177
-0.01612731,-0.07354973,7.117163E-05,-0.001066667,-0.5562034,0.3708972,-0.001411477,0.01012502
-0.1650648,-0.07355057,-0.000141335,-0.001066667,-0.4139357,0.1722976,0.0001350056,-0.02827499
-0.3150598,-0.0735506,-0.0001423385,-0.001066667,-0.4701515,-0.0041067,-5.334638E-05,-0.00836251
-0.3974851,-0.07354944,4.890878E-06,-0.001066667,-0.5710686,0.2805826,-9.55356E-05,-0.005958631
-0.2475093,-0.07354944,9.737149E-06,-0.001066667,-0.5715461,-0.006872753,-3.10031E-08,-0.01142069
-0.3967525,-0.07355059,-0.0001416251,-0.001066667,-0.6649761,-0.07335092,-0.000430464,-0.0009708637
-0.1703462,-0.0646283,0.001544767,0.00307977,-0.67995,-0.07356385,0.000569193,-0.00106664
-0.3119504,-0.0735521,-0.0001343761,-0.001066804,-0.6771175,-0.07354944,2.687939E-06,-0.001066667
-0.4625736,-0.07354945,-9.779173E-06,-0.001066667,-0.6771041,-0.07354944,8.722864E-10,-0.001066667
-0.611914,-0.07355057,-0.0001417172,-0.001066667,-0.5473947,0.03525048,0.0001888948,-0.01546667
-0.3671134,-0.07307197,0.0008981671,-0.0005291667,-0.6937651,-0.05409421,-0.0005370292,-0.009066666
-0.5100013,-0.0730194,-0.0005242521,-0.0005333415,-0.5404009,0.003461139,0.0007254135,-0.000266665
-0.3628899,-0.07390495,9.565434E-06,-0.001758334,-0.387337,-0.003465629,9.970971E-06,-0.001260615
-0.5127935,-0.07301609,-9.732457E-06,-0.000533333,-0.2374115,-0.07337126,9.7388E-06,-0.001066252
-0.3628908,-0.0730161,9.732405E-06,-0.0005333333,0.01249417,-0.06951241,1.62291E-05,-0.009466873
-0.2128907,-0.07301611,9.738724E-06,-0.0005333333,0.03629423,-0.07354945,1.550274E-06,-0.001066667
-0.06289068,-0.0730161,9.738724E-06,-0.0005333333,0.1862533,-0.07354943,9.736066E-06,-0.001066667
0.006324359,0.1099172,-0.001759433,0.001066663,0.1187401,-0.0733927,-0.0006211714,-0.000226667
0.1468604,-0.02501611,0.0001333624,-0.0005333314,0.5137601,0.0555672,0.0003748561,-0.01462667
0.297235,-0.07337018,9.778844E-06,-0.001065169,0.5156335,-0.07130884,1.216478E-07,-0.0009141669
0.4465753,-0.07355057,0.0001417172,-0.001066667,0.59231,0.08148576,-0.0006916072,-0.00524419
0.5972351,-0.07354944,9.781551E-06,-0.001066667,0.4389018,-0.07213024,-9.96E-06,-0.003544477
0.6255677,-0.07354973,7.081243E-05,-0.001066667,0.3572403,-0.02279775,-0.0001888712,-0.01794448
0.7005951,-0.07355934,-0.0004614986,-0.001066675,0.1762114,0.2156151,-0.001307874,0.0008650962
0.5490069,-0.07355062,-0.0001438504,-0.001066667,-0.07911654,0.2747773,-0.0002422947,-0.01753491
0.3989995,-0.07355059,-0.0001423504,-0.001066667,-0.08032228,0.02457275,-1.144205E-06,-0.0008325467
0.2483366,-0.07354944,-9.781759E-06,-0.001066667,-0.2301886,-0.0739219,-9.735933E-06,-0.002223983
0.09899628,-0.07355059,-0.0001417172,-0.001066667,0.01858236,-0.06640874,0.0002360724,0.007911993
-0.05166339,-0.07354943,-9.781551E-06,-0.001066667,-0.1816738,0.07442284,-1.301906E-05,-0.02568801
-0.2016635,-0.07354943,-9.738736E-06,-0.001066667,-0.4373049,0.2666728,-0.0001099634,-0.009240853
-0.05176087,-0.07354943,9.732402E-06,-0.001066667,-0.5877329,-0.02967902,-9.771248E-06,-0.01457958
-0.2016636,-0.07354945,-9.732405E-06,-0.001066667,-0.7163147,-0.073905,4.869366E-06,-0.001069314
-0.3516635,-0.07354943,-9.738724E-06,-0.001066667,-0.5663389,-0.07354945,9.737145E-06,-0.001066667
-0.5010038,-0.07355057,-0.0001417171,-0.001066667,-0.6720957,-0.07340707,0.0003247338,-0.000325168
0.291,-0.061,0,0,-0.327,-0.065,0,0
0.291,-0.061,0,0,-0.327,-0.065,0,0
0.1417084,-0.07355104,-0.0001416711,-0.001066699,-0.1777084,-0.07354025,0.0001416711,-0.002132813
0.1261281,-0.06094258,0.000476963,-0.01365334,-0.2263292,0.09414945,-0.0007727597,-0.004562979
-0.02049233,-0.0739686,-0.0001394187,-0.003213333,-0.08088306,-0.04077699,0.0001380218,-0.007318512
0.2621127,-0.07354975,7.39249E-05,-0.001066667,-0.1413132,-0.07300694,-4.890177E-06,-0.0005326461
0.2171823,-0.06889046,0.0003378117,0.005090366,-0.1906633,0.06638847,-0.0007734518,-0.006163099
0.06994773,-0.07390638,-0.0001400758,-0.001078692,-0.04522068,-0.06769603,0.0001380185,-0.01131845
0.05850806,-0.07354973,7.116629E-05,-0.001066667,-0.25193,0.08154612,-0.0009382,-0.005375368
-0.06908774,-0.07354945,4.856235E-06,-0.001066667,-0.2541254,0.3208266,-0.000118427,-0.003858119
0.08088786,-0.07354945,9.73714E-06,-0.001066667,-0.104766,0.01417532,9.697133E-06,-0.007670943
0.268813,-0.07356463,0.001135909,-0.001064011,-0.2844675,-0.073612,-0.0009859583,-0.001070897
0.125174,-0.07355051,-0.0001363069,-0.001066667,-0.2416356,-0.0733723,4.089237E-05,-0.001067124
0.2248378,-0.06703912,0.001007835,-0.001155356,-0.2907578,0.084525,-0.0007732356,-0.005096342
0.08056152,-0.0735504,-0.0001369117,-0.00106666,-0.1453141,-0.0583648,0.0001380195,-0.009451831
0.2869925,-0.06839882,0.001299044,0.00285829,-0.2887019,0.03915487,-0.0009862613,-0.008103764
0.1441654,-0.07355331,-0.0001355365,-0.002133708,-0.1443183,-0.06786071,0.0001370136,0.0003740597
0.1335718,-0.0735614,0.0004998264,-0.001066664,-0.1929622,0.09809692,-0.0007727816,-0.004336164
-0.01323256,-0.07355054,-0.0001393107,-0.001066667,-0.3460995,-0.04547257,-0.0001453204,-0.007431919
0.02484982,-0.07324105,0.0007241628,-0.001298844,-0.3961484,0.111701,-0.000774115,-0.004313719
-0.1208381,-0.07355053,-0.0001382513,-0.001066667,-0.250709,-0.0261437,0.0001380154,-0.005043142
0.291,-0.061,0,0,-0.327,-0.065,0,0
0.291,-0.061,0,0,-0.327,-0.065,0,0
0.1417084,-0.07355104,-0.0001416711,-0.001066699,0.0711111,0.06939992,0.0003777895,-0.01440001
0.2902952,-0.07355057,0.000141002,-0.001066667,0.07297786,-0.0716788,1.784062E-06,0.004799999
0.1417052,-0.07355057,-0.0001410052,-0.001066667,-0.1758327,0.08192114,-0.00023611,-0.0136
0.1072667,-0.07391275,0.0003905984,-0.002766851,-0.1546815,-0.03569115,-0.0004444182,-0.01135591
-0.04008119,-0.07355057,-0.0001398265,-0.001066667,-0.4906635,-0.01167573,-0.001539896,-0.01033928
-0.1900687,-0.07355058,-0.0001423314,-0.001066667,-0.7114748,-0.05054835,0.0001216952,-0.00243036
-0.3400686,-0.07355059,-0.0001423432,-0.001066667,-0.7108766,-0.07335026,5.746896E-07,-0.001045253
-0.4900685,-0.07355059,-0.0001423433,-0.001066667,-0.3127626,0.03596356,0.0003777922,-0.01544526
-0.3408286,-0.07354943,9.689372E-06,-0.001066667,-0.4608257,-0.07327498,-9.612962E-06,0.0002346711
-0.4900721,-0.07355058,-0.0001416253,-0.001066667,-0.6555225,0.06675702,0.0001889174,-0.01416533
-0.3414853,-0.07355057,0.0001410023,-0.001066667,-0.6332964,-0.02945201,0.0001176131,0.001882667
-0.4900752,-0.07355057,-0.0001410052,-0.001066667,-0.2346001,0.1501319,0.0003783449,-0.01251734
-0.4330962,-0.07357849,-0.0004286002,-0.001066667,-0.3826651,-0.07370278,-3.382198E-07,-0.002150552
-0.5851899,-0.07354945,-9.87465E-06,-0.001066667,0.01717103,-0.03077138,2.596139E-05,-0.001324722
-0.2028291,0.1019172,0.003518004,0.0005333293,0.399703,0.1410825,0.00351958,0.000275274
0.167261,-0.07360371,0.005999972,-0.001061979,0.267305,-0.07246988,-3.023533E-07,-0.001658602
0.3464109,-0.07355107,0.0001700051,-0.001066667,0.4454398,0.02212359,0.0001888954,-0.01605861
0.4972119,-0.07354944,9.790732E-06,-0.001066667,0.6569661,-0.07390501,-5.980588E-05,0.00103405
0.5290689,-0.07354944,-4.869371E-06,-0.001066667,0.6985925,-0.03480082,8.122674E-06,-0.003317024
0.6332909,-0.07354945,-4.866991E-06,-0.001066667,0.7046055,-0.07229441,-1.671492E-05,-0.002113819
0.590479,-0.07354973,-7.082403E-05,-0.001066667,0.6887103,-0.07303427,0.000322072,-0.000534498
0.5897976,-0.07354945,-4.856288E-06,-0.001066667,0.6911319,-0.05271934,-2.041307E-06,-0.007332751
0.56589,-0.07354944,-4.866994E-06,-0.001066667,0.6457191,-0.06379272,-6.360399E-05,0.0005172368
0.5359828,-0.07354973,-7.082403E-05,-0.001066667,0.6559638,0.177656,-0.0003724664,0.0002216969
0.6855803,-0.07354943,9.712576E-06,-0.001066667,0.654102,0.007841741,-1.208723E-07,-0.003544576
0.6417064,-0.07354943,-4.869358E-06,-0.001066667,0.632712,0.3470124,-9.468344E-05,-0.005423199
0.6636798,-0.07354944,-4.866991E-06,-0.001066667,0.5434459,0.007777122,-1.296539E-05,-0.03902321
0.6783264,-0.07354949,2.901894E-05,-0.001066667,0.5240741,-0.04602497,-2.90017E-05,-0.0204884
0.6399958,-0.07355052,0.0001382168,-0.001066667,0.5228894,-0.07390732,-0.0001826839,-0.001079467
0.291,-0.061,0,0,-0.327,-0.065,0,0
0.291,-0.061,0,0,-0.327,-0.065,0,0
0.1417084,-0.07355104,-0.0001416711,-0.001066699,-0.4762917,-0.07354024,-0.0001416711,-0.002132813
-0.008288288,-0.0735506,-0.0001423401,-0.001066667,-0.6262884,-0.07354977,-0.0001423401,-0.002133333
-0.1582883,-0.0735506,-0.0001423433,-0.001066667,-0.6968529,-0.07354947,7.117163E-05,-0.002133333
-0.3082883,-0.0735506,-0.0001423433,-0.001066667,-0.6621014,-0.0735495,7.066748E-05,-0.002133333
-0.2477711,-0.073507,0.0008287259,-0.0009972267,-0.7140512,-0.07302258,0.0004575384,-0.000533417
-0.3929387,-0.07355052,-0.0001377575,-0.001066667,-0.6891206,-0.07281928,3.69538E-05,0.0001041772
-0.542916,-0.0735506,-0.0001423216,-0.001066667,-0.6373384,-0.07356078,0.0004931668,-0.001066642
-0.3178388,-0.07351741,6.917078E-05,-0.002131192,-0.6922765,-0.07354943,-4.947802E-06,-0.001066667
-0.2022993,-0.05487896,0.00107724,-0.01325211,-0.6989771,-0.0735594,0.000457717,-0.001066642
-0.3460544,-0.0733649,-0.0001365839,-0.002108968,-0.5474079,-0.07355061,0.0001438326,-0.001066667
-0.3218004,-0.07355638,0.0003744232,-0.001066645,-0.7184616,-0.07356517,0.0005641285,-0.001066642
-0.2855795,-0.07342982,0.0007062336,-0.0003260617,-0.6870983,-0.07355936,0.0004563733,-0.001066642
-0.4313568,-0.07301518,-0.0001383359,-0.0005332828,-0.6679372,-0.07354973,6.975797E-05,-0.001066667
-0.3210509,-0.07199658,0.0009091832,0.0004069509,-0.6668255,-0.07356367,0.000564041,-0.001066642
-0.4658181,-0.07355053,-0.0001373776,-0.001066667,-0.7129074,-0.0735336,3.670232E-05,-0.002185415
-0.6157934,-0.07355059,-0.0001423198,-0.001066667,-0.6744824,-0.07295762,-0.0002547836,-0.001752663
-0.401231,-0.0679272,0.0007735442,0.005159971,-0.6041152,-0.07356366,0.0005636579,-0.001066642
-0.3073884,-0.0727389,0.0007078829,-0.0003931606,-0.6891552,-0.07356369,0.000564624,-0.001066642
-0.4531573,-0.07355053,-0.0001383282,-0.001066667,-0.7017602,-0.07353361,3.670094E-05,-0.002185415
0.291,-0.061,0,0,-0.327,-0.065,0,0
0.291,-0.061,0,0,-0.327,-0.065,0,0
0.1417084,-0.07355104,-0.0001416711,-0.001066699,-0.3847266,-0.07265045,-5.496544E-05,-0.0003450001
-0.008288288,-0.0735506,-0.0001423401,-0.001066667,-0.1361807,-0.04253051,0.0002358588,-0.01874501
-0.1582883,-0.0735506,-0.0001423433,-0.001066667,-0.5397326,-0.0133859,-0.0009533187,-0.01064374
-0.3082883,-0.0735506,-0.0001423433,-0.001066667,-0.5444595,-0.07246913,-4.501922E-06,-0.002269533
-0.4582882,-0.0735506,-0.0001423433,-0.001066667,-0.6601123,-0.01134482,0.0007033337,-0.01068945
-0.6082881,-0.0735506,-0.0001423433,-0.001066667,-0.4077927,-0.04651199,0.0002394398,-0.002255275
-0.4597048,-0.07355057,0.0001409989,-0.001066667,-0.008490141,0.03376134,0.0003789202,-0.01665528
-0.0591298,-0.03328213,2.600726E-05,0.0005333353,-0.1564356,-0.07320799,-9.612597E-06,0.000459045
-0.2086074,-0.07359868,-9.727124E-06,-0.002136979,-0.4064025,-0.04651627,-1.622906E-05,-0.005429522
-0.3579475,-0.07354982,-0.000141717,-0.002133335,-0.682712,-0.04242488,0.0001889331,-0.01982953
-0.5079445,-0.07354978,-0.0001423403,-0.002133334,-0.6804547,0.006454451,0.0002929558,-0.01170023
-0.6579447,-0.07354978,-0.0001423433,-0.002133334,-0.6006727,0.4853056,0.0006510522,0.01760259
-0.306156,-0.07308875,0.005999929,-0.0005333334,-0.5974735,0.0856251,7.433707E-09,0.005598708
-0.4255897,-0.07301627,-0.0001133372,-0.0005333334,-0.348654,0.2583941,0.0002361185,-0.0128013
-0.2762049,-0.07301611,9.698781E-06,-0.0005333334,-0.7113897,0.01196887,1.294243E-05,0.006400649
-0.4254484,-0.07301633,-0.0001416253,-0.0005333334,-0.3132143,0.2999844,0.0003778505,-0.007999357
-0.276205,-0.07301611,9.689603E-06,-0.0005333334,-0.311327,0.0008199446,1.226195E-07,0.006400162
-0.4261079,-0.07301611,-9.732422E-06,-0.0005333334,0.0885438,0.08722568,2.596154E-05,-0.02719984
-0.03741419,0.1104505,0.002251527,-0.002133337,-0.05710796,0.02712288,-0.0008436944,-8.009374E-08
0.1228916,-0.02554961,0.0001903795,-0.002133331,-0.06130152,-0.07064848,-4.980295E-06,0.002799981
0.07924632,-0.07390501,4.836891E-06,-0.001067415,-0.3490699,-0.069621,-9.935716E-05,-0.008154904
-0.07002126,-0.07355057,-0.0001416482,-0.001066667,-0.5983838,-0.06458891,-0.0002365876,-0.005922548
-0.2200178,-0.0735506,-0.00014234,-0.001066667,-0.5995319,-0.07304518,-1.117254E-06,-0.0005354712
-0.2531879,-0.07146333,0.0001017136,0.001698648,-0.5851113,-0.07355458,-0.0001190945,-0.001067202
-0.4019734,-0.0730076,-0.0001411907,-0.0005328607,-0.7175101,-0.07354973,7.111674E-05,-0.001066667
-0.5519678,-0.07301631,-0.0001423378,-0.0005333332,-0.6447049,0.3223334,0.0003765361,0.008887222
-0.4033845,-0.07301632,0.0001409989,-0.0005333333,-0.5645369,0.6700266,0.0001880057,-0.005512785
-0.05017926,-0.07362209,0.005999933,-0.002133334,-0.5635968,0.05230527,2.146648E-09,-0.01404361
-0.1696129,-0.07354967,-0.0001133372,-0.002133334,-0.5635968,-0.06061409,1.013726E-11,0.001289098
-0.3201309,-0.07354945,-9.772344E-06,-0.002133334,-0.5635968,-0.07301747,3.28973E-15,-0.0005333889
-0.4694712,-0.07354977,-0.0001417172,-0.002133334,-0.599401,-0.07291412,0.0006658815,-0.0005181556
-0.6194681,-0.07354978,-0.0001423403,-0.002133334,-0.6625634,0.01109937,0.000116487,0.002259079
-0.7182673,-0.07354945,-2.445439E-06,-0.002133334,-0.6619816,-0.07347407,3.780221E-08,-0.002170596
-0.6931827,-0.07354943,3.541487E-05,-0.002133334,-0.2638704,0.008831521,0.0003777897,-0.0165706
-0.5430543,-0.07354945,9.747056E-06,-0.002133334,-0.3790695,-0.07298486,0.0001099477,-0.0005308686
0.291,-0.061,0,0,-0.327,-0.065,0,0
0.291,-0.061,0,0,-0.327,-0.065,0,0
0.1417084,-0.07355104,-0.0001416711,-0.001066699,-0.4762917,-0.07354024,-0.0001416711,-0.002132813
-0.008288288,-0.0735506,-0.0001423401,-0.001066667,-0.5431935,-0.07374179,-6.348667E-05,-0.002163325
-0.1582883,-0.0735506,-0.0001423433,-0.001066667,-0.3942177,-0.07355001,0.0001413713,-0.002133341
-0.08813329,-0.07360952,0.0007181966,-0.002144209,-0.4595591,-0.07349763,-0.0006570675,-0.0003322386
-0.233851,-0.07354985,-0.0001382795,-0.002133336,-0.6121205,-0.07301526,-0.0001447739,-0.0005332843
-0.2455005,-0.07350495,0.0004950116,-0.002129426,-0.5907153,-0.07365807,-0.0004449108,-0.002735523
-0.2345654,-0.07298053,3.952731E-05,-0.0005300075,-0.5168034,-0.07354963,-6.045639E-05,-0.001066665
-0.2442176,-0.06411308,0.0005009769,0.00312485,-0.5475603,-0.07333659,-0.0006565909,-0.0009913931
-0.35886,-0.07337146,1.001208E-05,-0.001066445,-0.5285078,-0.07274833,-0.0004473278,-0.0004171957
-0.5081018,-0.07355058,-0.0001416238,-0.001066667,-0.6814028,-0.07361747,0.0003648408,-0.002733708
-0.4360802,-0.07297385,3.577658E-05,-0.0005295744,-0.712314,-0.07354949,3.748728E-05,-0.001066665
-0.5851938,-0.07301629,-0.0001415021,-0.0005333325,-0.6734957,-0.07124325,0.0002772889,0.001171143
-0.3672939,-0.05772952,0.001014649,-0.01346532,-0.653375,-0.07294228,0.0003286942,-0.0005264016
0.291,-0.061,0,0,-0.327,-0.065,0,0
0.291,-0.061,0,0,-0.327,-0.065,0,0
0.1417084,-0.07355104,-0.0001416711,-0.001066699,-0.2740198,-0.07334994,5.054858E-05,-0.001044609
-0.008951082,-0.07354943,-9.781535E-06,-0.001066667,-0.3250642,-0.0733411,-3.318951E-06,-0.002106017
-0.1589049,-0.07354946,-1.902097E-05,-0.001066667,-0.4580971,-0.07355077,-0.0001525212,-0.001066667
-0.210061,-0.07355845,0.0004224802,-0.001066667,-0.3883183,0.1013825,-0.001123754,-0.002666671
-0.3572502,-0.07355055,-0.000139676,-0.001066667,-0.462693,-0.02850869,-7.057824E-05,0.004543336
-0.5072369,-0.0735506,-0.0001423307,-0.001066667,-0.7118636,0.1189313,-0.0002364517,-0.01385667
-0.6572368,-0.07355059,-0.0001423432,-0.001066667,-0.7130361,-0.03497145,-1.116612E-06,-0.009871668
-0.5086536,-0.07355058,0.0001409989,-0.001066667,-0.5294315,-0.003450676,0.0001888974,-0.007064165
-0.6572436,-0.07355057,-0.0001410052,-0.001066667,-0.6086514,-0.00309518,-7.517621E-05,-0.001066666
-0.507997,-0.07354943,9.689803E-06,-0.001066667,-0.6988813,-0.07322292,-5.858818E-06,-0.0009179165
-0.6572405,-0.07355057,-0.0001416253,-0.001066667,-0.71527,-0.07212786,0.0001736631,0.001028497
-0.5096143,-0.07354848,8.478408E-05,-0.002133277,-0.6505318,-0.06142027,7.989939E-05,0.003624278
-0.266029,-0.07358931,0.001281453,-0.001066477,-0.7184678,-0.06486172,0.0001811548,-0.001084496
-0.4089437,-0.0735505,-0.0001356196,-0.001066667,-0.7176826,-0.07337166,8.554796E-07,-0.001066654
-0.5589103,-0.0735506,-0.0001423115,-0.001066667,-0.6083328,0.1396232,0.0006599252,-0.00185607
-0.410327,-0.07355058,0.000140999,-0.001066667,-0.6050525,-0.02412429,3.11641E-06,-0.001471966
-0.558917,-0.07355057,-0.0001410052,-0.001066667,-0.6810561,-0.07390501,-7.212743E-05,-0.008474018
-0.5954716,-0.07354974,7.116847E-05,-0.001066667,-0.703981,-0.07203058,-5.911476E-05,0.001681495
-0.6087058,-0.07354973,7.06675E-05,-0.001066667,-0.6685296,-0.07355279,-0.00019981,-0.001066752
-0.5488217,-0.07354974,7.066867E-05,-0.001066667,-0.6234841,-0.07356706,0.000584455,-0.001066842
-0.5111955,-0.07354973,7.066867E-05,-0.001066667,-0.7193536,-0.07026142,-9.097568E-05,0.0001982894
-0.5390583,-0.07354973,7.066867E-05,-0.001066667,-0.7051607,-0.02710252,-0.0001178444,-0.01820171
-0.6124977,-0.07354943,4.856315E-06,-0.001066667,-0.6761656,-0.07099734,5.622573E-05,-0.003246259
-0.557886,-0.07354944,4.866994E-06,-0.001066667,-0.7017074,-0.06924719,4.302002E-05,0.0002420209
-0.5645553,-0.07354973,7.082403E-05,-0.001066667,-0.7114081,0.07096122,-9.439656E-05,-0.01415799
-0.7141529,-0.07354945,-9.712576E-06,-0.001066667,-0.6948199,-0.001928234,2.241165E-06,-2.626572E-05
-0.7142013,-0.07354943,-1.878686E-08,-0.001066667,-0.5453209,-0.07390501,5.803279E-05,-0.006406567
-0.7195618,-0.07354943,2.43389E-06,-0.001066667,-0.4768838,-0.07386559,1.297134E-05,-0.01119672
-0.5926064,-0.07355312,0.0005454522,-0.001066667,-0.5422898,-0.07354944,-1.493626E-07,-0.001066667
-0.6682844,-0.07354974,-7.212344E-05,-0.001066667,-0.1441794,0.03525048,0.0003777888,-0.01546667
-0.5008596,0.1019169,-0.001757633,0.0005333293,-0.3287157,0.009117039,0.001750912,-0.01386668
-0.1571474,-0.07339799,0.005999911,-0.0009916667,-0.7198635,-0.073905,-8.934475E-07,-0.001066708
-0.2769993,-0.07354949,-2.971069E-05,-0.001066667,-0.5700536,-0.07354952,3.713711E-05,-0.001066667
0.291,-0.061,0,0,-0.327,-0.065,0,0
0.291,-0.061,0,0,-0.327,-0.065,0,0
0.1417084,-0.07355104,-0.0001416711,-0.001066699,-0.4762917,-0.07354024,-0.0001416711,-0.002132813
-0.008288288,-0.0735506,-0.0001423401,-0.001066667,-0.5654314,-0.07369135,-8.458948E-05,-0.002192051
-0.1582883,-0.0735506,-0.0001423433,-0.001066667,-0.6542869,-0.07378966,-8.431992E-05,-0.002195753
-0.3082883,-0.0735506,-0.0001423433,-0.001066667,-0.5054148,-0.07355021,0.0001412728,-0.002133348
-0.4589511,-0.07354945,-9.781756E-06,-0.001066667,-0.6880196,0.2435339,-9.538368E-05,-0.006934249
-0.3090485,-0.07354943,9.732388E-06,-0.001066667,-0.5386356,-0.06007516,9.704609E-06,-0.01573288
-0.1850299,-0.0735775,0.0009266055,-0.00106656,-0.6322486,0.1589683,-0.0008046427,-0.001552739
-0.3303497,-0.07354945,-9.43486E-06,-0.001066667,-0.5808048,-0.0343413,-8.01881E-05,0.001011829
-0.4796885,-0.07355059,-0.0001417156,-0.001066667,-0.6401317,0.04101663,0.0004379171,-0.008407348
-0.6303483,-0.07354945,-9.781551E-06,-0.001066667,-0.4879914,-0.07182735,9.877677E-06,-0.001125459
-0.6148686,-0.07354945,-4.866194E-06,-0.001066667,-0.2971438,-0.07108597,0.0001965615,-0.02013638
-0.7042611,-0.07293203,0.0006108315,-0.00501693,-0.4454573,-0.07266416,-0.0001407428,-0.003482953
-0.5512563,-0.07354943,9.933789E-06,-0.001066667,-0.2962094,-0.07354944,9.689893E-06,-0.001066667
-0.67707,0.09662876,5.604E-05,-0.01812947,-0.3774186,-0.07354944,4.866211E-06,-0.001066667
-0.6767868,0.05317555,0.000594723,-0.006626349,-0.1972089,0.1833049,0.001376368,0.0007141564
-0.3906809,-0.07357997,-0.0004105722,-0.00106667,-0.3403187,-0.07349385,-3.268244E-07,-0.001188841
-0.4642371,-0.07354945,-4.801163E-06,-0.001066667,-0.1138191,-0.07334042,0.0001965631,0.007699882
-0.6699975,-0.07359716,-0.001494091,-0.00106667,0.06734461,0.1625308,0.001377273,-0.001719295
-0.3249677,-0.07363537,0.005999914,-0.001066667,-0.07576742,-0.0725535,-3.268142E-07,-0.000246272
-0.5711731,-0.07354981,-0.0001056636,-0.001066648,-0.1414908,-0.07354943,4.867833E-06,-0.001066667
-0.3419012,-0.0735781,-0.0004286009,-0.001066667,-0.2914647,-0.07354944,-3.424841E-07,-0.001066667
-0.7213745,-0.02303705,0.0007547771,-0.01142444,0.09073289,0.1833184,0.001588852,0.0007141564
-0.3651004,-0.07363535,0.00599994,-0.001066667,0.009823867,-0.05567865,-1.847658E-07,-0.002056461
-0.4800222,-0.0735498,-7.971453E-05,-0.001066667,-0.1396696,-0.07337167,-9.735622E-06,-0.001066662
-0.3304693,-0.07354943,9.709693E-06,-0.001066667,0.01023305,-0.07354945,9.732405E-06,-0.001066667
-0.1811294,-0.07355057,0.0001417169,-0.001066667,0.1595731,-0.07355059,0.000141717,-0.001066667
-0.3548526,-0.07354993,-9.076573E-05,-0.001066667,0.01033016,-0.07354944,-9.689573E-06,-0.001066667
-0.1519315,0.1019167,-0.001757223,0.0005333293,-0.07466253,-0.0697835,-0.0007819963,-0.003301667
0.08814333,0.1531165,0.0002278202,-0.01786667,-0.2278458,-0.07355066,-0.0001453639,-0.001066668
-0.03742434,-0.004350158,7.02976E-05,-0.007866665,-0.1002709,-0.07354973,-7.049229E-05,-0.001066667
0.291,-0.061,0,0,-0.327,-0.065,0,0
0.291,-0.061,0,0,-0.327,-0.065,0,0
0.1417084,-0.07355104,-0.0001416711,-0.001066699,-0.3719229,-0.0685119,-4.262989E-05,-0.005989766
-0.008288288,-0.0735506,-0.0001423401,-0.001066667,-0.3720832,-0.07337166,-2.01314E-07,-0.001066666
-0.1589236,-0.07354944,-1.528399E-05,-0.001066667,-0.5220083,-0.07354945,-1.521191E-05,-0.001066667
-0.3037197,-0.07358373,-0.001056069,-0.001066667,-0.6203429,-0.0702832,-0.0007172029,0.004253334
-0.4582669,-0.07355067,-0.0001466582,-0.001066667,-0.5739964,0.1661968,0.0001905882,-0.01014667
-0.3097051,-0.07355058,0.0001409785,-0.001066667,-0.7223395,-0.009796195,-0.000140771,-0.004526666
-0.4582953,-0.07355057,-0.0001410053,-0.001066667,-0.5990735,-0.07083938,0.0001183916,0.009063335
-0.4438069,-0.07354943,4.890661E-06,-0.001066667,-0.6388544,-0.03255944,-8.132178E-06,-0.02853667
-0.5866977,-0.0735497,7.082399E-05,-0.001066667,-0.6388949,-0.05598862,-3.840314E-08,0.001265833
-0.515374,-0.07354973,7.066828E-05,-0.001066667,-0.5665027,0.1087913,0.0001888948,-0.01313417
-0.3650694,-0.07354945,9.758494E-06,-0.001066667,-0.6221783,-0.06946831,-3.614723E-06,0.0002242714
-0.4179747,-0.07354973,7.081249E-05,-0.001066667,-0.5609357,-0.02568585,-0.0001180507,-0.01817573
-0.4833195,-0.07354974,7.066833E-05,-0.001066667,-0.7052267,-0.06976029,0.0004564664,0.004496333
-0.5969886,-0.07354973,7.066867E-05,-0.001066667,-0.663561,-0.07390501,-2.782438E-05,-0.007918166
-0.5472273,-0.07354973,7.066867E-05,-0.001066667,-0.6961138,-0.06528704,5.899675E-05,-0.006040917
-0.6206761,-0.07354974,7.066867E-05,-0.001066667,-0.6926687,0.003957637,0.0002047319,-0.009784054
-0.623409,-0.07354943,4.856315E-06,-0.001066667,-0.6746138,-0.07390518,5.226791E-05,-0.001076471
-0.5501028,-0.07354944,4.866994E-06,-0.001066667,-0.6585185,-0.03292837,6.494614E-06,0.000538237
-0.5629252,-0.07354973,7.082403E-05,-0.001066667,-0.6132555,-0.07060994,-0.0003305634,-0.005049522
-0.488472,-0.07354944,4.856288E-06,-0.001066667,-0.71494,-0.07352222,-8.059332E-06,-0.001217203
-0.6377395,-0.07355059,-0.0001416481,-0.001066667,-0.7045735,-0.07333649,-0.0002690051,-0.002078104
-0.4891528,-0.07355057,0.0001410022,-0.001066667,-0.5329902,0.01118894,0.0001895299,-0.01647811
-0.3391595,-0.0735506,0.0001423369,-0.001066667,-0.5320633,-0.06978063,8.950298E-07,-0.004119527
-0.3461769,-0.07354973,7.049945E-05,-0.001066667,-0.5228766,-0.05293286,-0.0001180613,0.004059764
-0.4951177,-0.07355058,-0.0001413381,-0.001066667,-0.6990007,-0.07315429,-0.0008093159,-0.0007019069
-0.6451126,-0.0735506,-0.0001423385,-0.001066667,-0.7008802,-0.07025856,3.296567E-05,-0.006225139
-0.5786142,-0.07354973,7.117163E-05,-0.001066667,-0.6815131,-0.05622654,5.906853E-05,-0.00208743
-0.592634,-0.07354973,7.066748E-05,-0.001066667,-0.709489,0.02807504,4.718882E-05,-0.01648744
-0.6178402,-0.07354945,4.856315E-06,-0.001066667,-0.6738178,-0.07256439,-3.436164E-05,0.0004930215
-0.552023,-0.07354973,7.082407E-05,-0.001066667,-0.7131094,-0.01504401,0.0001612445,-0.01090336
-0.7009624,-0.07355059,-0.0001413366,-0.001066667,-0.7089661,-0.003169323,5.921996E-05,-0.00293708
-0.5517173,-0.07354943,9.689696E-06,-0.001066667,-0.458791,-0.0446739,1.624516E-05,-0.00613146
-0.4023773,-0.07355059,0.0001417168,-0.001066667,-0.2790045,-0.05742902,0.0001888564,-0.02053146
-0.427153,-0.07354973,-7.117014E-05,-0.001066667,-0.09069052,-0.0156789,0.0007122879,-0.01087961
-0.07500868,-0.07363537,0.005999931,-0.001066667,0.06278299,-0.07337166,3.506727E-07,-0.001066666
0.291,-0.061,0,0,-0.327,-0.065,0,0
0.291,-0.061,0,0,-0.327,-0.065,0,0
0.1417084,-0.07355104,-0.0001416711,-0.001066699,-0.1777084,-0.07354025,0.0001416711,-0.002132813
0.2164872,-0.07354771,6.009638E-05,-0.001066486,-0.2280042,-0.07354884,-0.000180916,-0.001066438
0.2263091,-0.07356524,0.0005903263,-0.001066672,-0.4042102,-0.04098817,-0.001354717,-0.01245086
0.07930844,-0.07354943,-9.543988E-06,-0.001066667,-0.2611615,-0.07354943,9.295933E-06,-0.001066665
-0.0700307,-0.07355059,-0.0001417161,-0.001066667,-0.4104069,-0.07355058,-0.0001416272,-0.001066667
-0.2206904,-0.07354943,-9.781551E-06,-0.001066667,-0.5610662,-0.07354945,-9.781523E-06,-0.001066667
-0.1870717,-0.07131994,4.722133E-05,-0.0009299848,-0.6121193,-0.07302082,-0.0001809651,-0.0005338363
-0.2253849,-0.07390504,2.492355E-05,-0.001066706,-0.4630724,-0.07301611,9.676834E-06,-0.0005333334
-0.1668001,0.02311962,0.0006812481,-0.00868235,-0.7210208,-0.03194048,0.0007831959,-0.01191753
-0.3127016,-0.06333967,-0.0001384539,-0.0009705866,-0.5678316,-0.07355408,0.0001453696,-0.0004448454
-0.101881,-0.06281659,0.001413608,-0.01373014,-0.6800992,-0.0318266,0.000783356,-0.011912
-0.2446338,-0.07354943,-9.276822E-06,-0.001066666,-0.5262323,-0.07300396,9.989777E-06,-0.0005319454
-0.1934844,-0.06989426,0.0007820003,0.005030136,-0.7069364,-0.03192367,0.0007831964,-0.01191744
-0.3384262,-0.07233283,-0.0001379782,3.595836E-06,-0.7079334,-0.07390504,2.268887E-05,-0.00249246
-0.3724106,-0.04671959,0.0003909153,-0.01275505,-0.6434397,-0.0412875,0.0006768774,-0.01246472
-0.3377675,0.0699299,0.0006501138,-0.007338924,-0.6465909,-0.05853502,0.0007839834,-0.01290037
-0.4838239,-0.06877865,-0.000138601,0.00176527,-0.6940945,-0.07337096,-4.537403E-05,-0.001065747
-0.6092756,-0.0730052,7.116278E-05,-0.0005326511,-0.7172826,0.002606042,-0.000367722,-0.009851321
0.291,-0.061,0,0,-0.327,-0.065,0,0
0.291,-0.061,0,0,-0.327,-0.065,0,0
0.1417084,-0.07355104,-0.0001416711,-0.001066699,-0.5758194,-0.02660005,-0.0002361185,-0.0184
-0.008288288,-0.0735506,-0.0001423401,-0.001066667,-0.5769945,-0.07287878,-1.115039E-06,-0.007000001
-0.1582883,-0.0735506,-0.0001423433,-0.001066667,-0.3281806,-0.06001854,0.0002361131,-0.0041
-0.3089511,-0.07354943,-9.781756E-06,-0.001066667,-0.6113259,-0.009014447,-0.0001371739,-0.01730321
-0.4582916,-0.07355058,-0.0001417172,-0.001066667,-0.2138975,-0.07391539,0.0003771417,-0.008148397
-0.3090486,-0.07354944,9.689573E-06,-0.001066667,0.05906193,-0.0735425,0.0002573905,-0.002188046
-0.1590489,-0.07354944,9.738707E-06,-0.001066667,0.06034846,-0.07354945,8.352805E-08,-0.002133334
-0.06291674,-0.07354943,-4.869362E-06,-0.001066667,0.1397868,-0.07037359,0.0001241357,0.0001306623
0.00736347,-0.07354944,-4.866991E-06,-0.001066667,0.2509849,-0.07208332,0.0001460394,0.0003317503
0.1438622,-0.07354945,-4.866991E-06,-0.001066667,0.2629606,-0.07293444,6.123174E-05,-0.002867772
-0.1392742,-0.07296853,-8.755391E-05,-0.0005262429,0.2816764,-0.07354944,4.857845E-06,-0.001066667
0.2127884,-0.07362209,0.00599993,-0.002133334,-0.1182931,-0.06434949,-9.13384E-07,-0.005066668
0.092827,-0.07354945,-7.788472E-06,-0.002133334,-0.1182967,-0.07337167,-2.964103E-10,-0.001066667
0.06095636,-0.07354953,7.085394E-05,-0.002133334,-0.106045,-0.06057172,-0.0001180592,-0.01946667
-0.04058079,-0.07354961,7.066822E-05,-0.002133334,-0.2551788,-0.004381598,-0.000685105,-0.009492572
-0.1901788,-0.07354945,-9.712629E-06,-0.002133334,-0.4070324,-0.0677368,-0.000141075,0.0007508017
-0.3395188,-0.07354978,-0.0001417169,-0.002133334,-0.6770945,0.3088879,-0.001241737,0.008098498
-0.1909325,-0.07354978,0.0001410018,-0.002133334,-0.7170507,0.2085318,2.796088E-05,-0.02418151
-0.3395225,-0.07354979,-0.0001410052,-0.002133334,-0.7169119,0.04376391,1.320415E-07,-0.004709249
-0.4895159,-0.07354978,-0.0001423369,-0.002133334,-0.7169114,-0.06436597,6.235487E-10,2.268813E-05
-0.5385,-0.07354953,7.117163E-05,-0.002133334,-0.6856817,-0.0254215,-0.0001180592,-0.01837732
-0.3502259,-0.06933492,0.00100363,-0.003134112,-0.6398579,0.01181605,0.0004847822,-0.008387922
-0.4945232,-0.07355456,-0.0001369315,-0.002133626,-0.6418688,-0.04971045,0.0001169145,0.003793962
0.291,-0.061,0,0,-0.327,-0.065,0,0
0.291,-0.061,0,0,-0.327,-0.065,0,0
0.1417084,-0.07355104,-0.0001416711,-0.001066699,-0.4762917,-0.07354024,-0.0001416711,-0.002132813
-0.008110364,-0.07355123,-0.0001779251,-0.001066667,-0.5362337,-0.07390581,-7.138345E-05,-0.002298975
-0.1582874,-0.07355059,-0.0001425113,-0.001066667,-0.3872974,-0.07355084,0.000141334,-0.002133374
0.02005904,-0.07341282,7.865295E-05,-0.002151679,-0.320615,-0.07354943,-4.890714E-06,-0.002133334
0.0005777612,-0.07358082,0.0004549787,-0.001069351,-0.4157182,-0.07356371,-0.0009842522,-0.002133334
-0.1464498,-0.07355057,-0.0001395225,-0.001066667,-0.5699077,-0.07354982,-0.000146319,-0.002133334
-0.08439314,-0.06315111,0.0008346244,0.001064112,-0.6657146,-0.07356373,-0.0009849201,-0.002133334
-0.2295314,-0.07306968,-0.0001377297,-0.0005395934,-0.5213243,-0.07354977,0.0001370199,-0.002133334
-0.3795084,-0.07301638,-0.0001423215,-0.0005333349,-0.6730817,-0.07279516,0.0005908455,-0.0004505209
-0.402505,-0.07395805,0.0004433657,-0.002292405,-0.702387,-0.0730177,0.0004907195,-0.0005333131
-0.5495905,-0.07355081,-0.0001395773,-0.002133372,-0.6101623,-0.07356755,0.00054942,-0.00106722
-0.3065888,-0.07354885,6.179949E-05,-0.001066594,-0.6717602,-0.07354944,-4.95693E-06,-0.001066667
-0.1803026,0.02397593,0.001126888,-0.008658135,-0.7015648,-0.07356115,0.0004921263,-0.001066667
-0.3239864,-0.06298037,-0.0001363495,-0.000964533,-0.5498242,-0.07355062,0.0001439951,-0.001066667
-0.4739566,-0.07355227,-0.000142315,-0.001066816,-0.6585209,-0.07366849,0.0005908288,-0.002158854
-0.6239564,-0.07355059,-0.0001423431,-0.001066667,-0.68999,-0.07285304,-0.000294887,-0.0004509196
-0.3900889,-0.0739053,6.15264E-05,-0.001109076,-0.7082108,-0.0730161,2.409967E-06,-0.000533333
-0.5390742,-0.07355057,-0.0001413805,-0.001066667,-0.612224,-0.07356753,0.0005488436,-0.00106722
0.291,-0.061,0,0,-0.327,-0.065,0,0
0.291,-0.061,0,0,-0.327,-0.065,0,0
0.1417084,-0.07355104,-0.0001416711,-0.001066699,-0.5758194,-0.02660005,-0.0002361185,-0.0184
-0.008288288,-0.0735506,-0.0001423401,-0.001066667,-0.5769945,-0.07287878,-1.115039E-06,-0.007000001
-0.1582883,-0.0735506,-0.0001423433,-0.001066667,-0.5769992,-0.07357061,-5.265623E-09,-0.002134961
-0.3082883,-0.0735506,-0.0001423433,-0.001066667,-0.5974504,0.009590256,0.0001888948,-0.01653497
-0.4589511,-0.07354945,-9.781756E-06,-0.001066667,-0.6877759,-0.07357664,9.401681E-05,-0.003337852
-0.4665785,-0.07354963,5.440844E-05,-0.001066667,-0.6381987,-0.05339462,-2.074278E-05,0.003961822
-0.6155993,-0.07355059,-0.0001414141,-0.001066667,-0.7152673,-0.05413115,-7.322162E-05,-0.001650911
-0.4670115,-0.07355057,0.0001410033,-0.001066667,-0.7156252,-0.07390501,-3.457795E-07,-0.001067377
-0.6156016,-0.07355057,-0.0001410052,-0.001066667,-0.5281333,0.03487789,0.0001888956,-0.01546738
-0.4664543,-0.07354949,2.957093E-05,-0.001066667,-0.2881404,-0.07352597,0.0001147973,-0.002131795
-0.348397,-0.07354946,-1.858742E-05,-0.001066667,-0.1104352,-0.07356767,0.0006500348,-0.001066668
-0.2346246,-0.07354973,-7.079163E-05,-0.001066667,-0.1663728,-0.07339375,3.675404E-05,-0.003532214
-0.2818666,-0.07354973,-7.066838E-05,-0.001066667,0.08262955,-0.05817407,0.000236292,0.003766108
-0.1329266,-0.07355058,0.0001413373,-0.001066667,0.2747828,-0.07373863,0.0008818855,-0.002161731
0.2501569,0.1019161,0.003524655,0.0005333293,0.2165227,-0.073474,-0.000537108,-0.003050433
0.4169886,-0.03381564,0.0001583158,-0.002666665,0.06455816,-0.07355062,-0.0001442075,-0.001066667
0.2685763,-0.07314421,-0.0001409235,-0.002016667,-0.2670047,0.08987518,-0.001525,-0.004786786
0.1181719,-0.07354942,-9.781294E-06,-0.002133333,-0.1246787,-0.07151821,9.240672E-06,-0.0006016519
0.1101848,-0.07317308,7.612705E-05,-0.0006203985,-0.1215567,-0.06577604,-6.150696E-05,-0.006054461
-0.03872803,-0.07301688,-0.0001413116,-0.0005333546,-0.3706515,-0.06076903,-0.0002364089,-0.002172769
-0.1892014,-0.07354947,-4.664145E-05,-0.002133334,-0.4775773,-0.07334517,-0.0003341791,-0.002081244
-0.3377026,-0.07355146,-0.0003464143,-0.002133334,-0.6768999,-0.02217764,-0.002303705,-0.007180165
0.291,-0.061,0,0,-0.327,-0.065,0,0
0.291,-0.061,0,0,-0.327,-0.065,0,0
0.1417084,-0.07355104,-0.0001416711,-0.001066699,-0.1777084,-0.07354025,0.0001416711,-0.002132813
0.229129,0.1194847,0.0009515241,-0.003039967,-0.2098166,-0.07355724,-0.0006966809,-0.002133333
0.0847868,-0.02124043,-0.0001371776,-0.003280018,-0.06399189,-0.07354975,0.0001383811,-0.002133333
0.1906813,-0.07254592,0.0006224214,-0.01426017,-0.2544393,-0.07356185,-0.0009101831,-0.002133333
0.2274782,-0.07317381,0.0007043725,-0.0005576528,-0.291782,-0.07355735,-0.0007016481,-0.002133333
0.08169178,-0.07301648,-0.0001383448,-0.0005333393,-0.3675086,-0.07355414,-7.202024E-05,-0.00106722
-0.06828835,-0.07301633,-0.0001423244,-0.0005333334,-0.4401347,-0.07264201,-6.90469E-05,-0.0001417013
-0.06993899,-0.07356425,0.0005411537,-0.00106675,-0.4732915,-0.07356965,-0.0006976759,-0.001066667
-0.2165377,-0.07355054,-0.0001391155,-0.001066667,-0.549166,-0.07278384,-7.200148E-05,-0.0001416667
-0.09984897,-0.06999098,0.001086326,-0.0003937349,-0.5823373,-0.07356965,-0.0006976899,-0.001066667
0.0208478,-0.03280734,0.001082483,-0.01196972,-0.6186227,-0.07356976,-0.0007006445,-0.001066667
-0.1230246,-0.07390527,-0.0001365592,-0.0004481073,-0.4728177,-0.07355054,0.0001383623,-0.001066667
-0.1156733,-0.07356235,0.0005825238,-0.001066454,-0.5049423,-0.0735696,-0.0006966965,-0.001066667
-0.1618078,-0.07349049,0.0003230048,-0.002128085,-0.5412225,-0.07356976,-0.0007006399,-0.001066667
-0.01274105,-0.07281718,0.00122709,-0.002681282,-0.5775224,-0.07356976,-0.0007006585,-0.001066667
-0.1559262,-0.07355282,-0.0001358763,-0.002133467,-0.4317176,-0.07355054,0.0001383623,-0.001066667
0.291,-0.061,0,0,-0.327,-0.065,0,0
0.291,-0.061,0,0,-0.327,-0.065,0,0
0.1417084,-0.07355104,-0.0001416711,-0.001066699,-0.07818056,-0.02660005,0.0002361185,-0.0184
-0.008951082,-0.07354943,-9.781535E-06,-0.001066667,-0.3420686,0.09976555,-0.0002514611,-0.01407821
-0.1582914,-0.07355058,-0.0001417172,-0.001066667,-0.3433199,-0.05900177,-1.187492E-06,-0.0121609
-0.3082884,-0.0735506,-0.0001423403,-0.001066667,-0.4213606,-0.0698263,-0.000188892,-0.005919551
-0.2912294,-0.07354973,7.117163E-05,-0.001066667,-0.4960498,-0.06010979,-0.0001176132,-0.002240224
-0.440167,-0.07355057,-0.000141335,-0.001066667,-0.6881247,-0.07188736,-0.0008828143,0.001062067
-0.5908248,-0.07354945,-9.781428E-06,-0.001066667,-0.6705332,-0.0735621,6.518872E-05,0.00161491
-0.5607678,-0.07354974,7.085862E-05,-0.001066667,-0.5508437,0.09959564,0.0001887408,-0.0127851
-0.4104624,-0.07354943,9.758557E-06,-0.001066667,-0.5499003,-0.07092178,6.124994E-08,-0.000201863
-0.5603649,-0.07354943,-9.732396E-06,-0.001066667,-0.6808081,-0.07355145,2.168744E-05,-0.002133476
-0.5955305,-0.07354973,7.085852E-05,-0.001066667,-0.7038415,-0.06768005,-5.9004E-05,0.007866739
-0.412209,-0.07310245,0.0007847276,-0.0003068247,-0.6329974,0.08695583,0.000422817,-0.004122476
-0.6474628,0.05700199,-0.002164511,-0.002706828,-0.2485685,0.2196411,0.003537034,-0.00252248
-0.380781,-0.07385558,0.005999131,-0.0007672942,-0.6308427,-0.01936717,-8.130944E-06,0.01246124
-0.5002187,-0.07355019,-0.0001133409,-0.001066667,-0.4815985,6.465055E-05,0.0001416327,0.00191531
-0.3514912,-0.07355057,0.0001411358,-0.001066667,-0.4808976,-0.06799956,6.688416E-07,-0.0007211721
-0.5000805,-0.07355058,-0.0001410046,-0.001066667,-0.7202371,-0.04690772,0.0001180576,-0.01912118
-0.5547311,-0.07354973,7.116847E-05,-0.001066667,-0.6059639,-0.07360909,-0.0003342367,-0.001066638
-0.4819615,-0.07354973,7.06675E-05,-0.001066667,-0.6115764,-0.07357027,0.0007822254,-0.001066423
-0.5239013,-0.07354973,7.066867E-05,-0.001066667,-0.6621539,-0.07362138,0.0005464315,-0.002145221
-0.5107307,-0.07354943,4.856315E-06,-0.001066667,-0.6970401,-0.03090539,6.534707E-06,-0.001327388
-0.4141896,-0.07355454,0.0002147213,-0.001067002,-0.6507301,-0.07354961,-5.582083E-05,-0.001066666
0.291,-0.061,0,0,-0.327,-0.065,0,0
0.291,-0.061,0,0,-0.327,-0.065,0,0
0.1417084,-0.07355104,-0.0001416711,-0.001066699,-0.1777084,-0.07354025,0.0001416711,-0.002132813
0.1653184,-0.06485865,0.0006575265,0.0030677,-0.4004086,-0.06150045,-0.001574805,0.001138217
0.01929883,-0.07355221,-0.000138566,-0.001066805,-0.2590865,-0.07306323,0.0001342342,-0.0005393039
-0.1306824,-0.0735506,-0.0001423254,-0.001066667,-0.4077102,-0.07301636,-0.0001410372,-0.0005333348
-0.1026121,-0.06974888,0.0006619502,-0.004843823,-0.6877137,-0.06363754,-0.001787647,0.003138208
-0.2486096,-0.0730138,-0.0001385451,-0.0005332138,-0.5473181,-0.07355194,0.0001332291,-0.001066801
-0.3985907,-0.07301632,-0.0001423253,-0.0005333333,-0.6959469,-0.07355057,-0.0001410419,-0.001066667
-0.5481902,-0.07301673,-0.0002224112,-0.0005333334,-0.6826386,0.03910478,1.978563E-05,-0.0132793
-0.6992531,-0.07301611,-9.807738E-06,-0.0005333334,-0.5325896,-0.07133496,9.741985E-06,0.0009700434
-0.5500101,-0.07301632,0.0001416248,-0.0005333334,-0.518595,0.06208543,1.337486E-05,-0.01444259
-0.4000137,-0.07301632,0.0001423399,-0.0005333334,-0.667816,-0.07390501,-0.0001416079,-0.01437871
-0.5492535,-0.07301611,-9.689372E-06,-0.0005333334,-0.6418236,-0.07355012,0.0001096106,-0.001066667
-0.3229703,-0.05712555,0.001037778,-0.0134298,-0.5496236,-0.06389779,0.0008941196,0.001004875
-0.2261207,-0.07248835,0.0007734509,-0.0001220628,-0.6581848,-0.06331811,0.0008950457,0.003145932
-0.1968914,-0.07368717,0.0006667563,-0.002148738,-0.6464298,-0.06921301,0.0007856234,-0.0031217
-0.2818018,-0.07381555,0.0001428171,-0.002291881,-0.6520357,-0.06181309,0.0007858819,0.001119095
-0.354885,-0.06488222,0.0002068471,-0.001033426,-0.6492332,-0.06452222,0.0007858813,-0.001068345
-0.5031474,-0.07355041,-0.0001406943,-0.001066655,-0.5548002,-0.06902015,0.0008240825,0.002805086
-0.302291,-0.07238089,4.461745E-05,-2.534371E-05,-0.6103939,-0.07354945,-5.001497E-06,-0.001066667
-0.7001801,0.06141078,-0.0003775787,-0.01442535,-0.5906597,-0.07354973,-7.082372E-05,-0.001066667
0.291,-0.061,0,0,-0.327,-0.065,0,0
0.291,-0.061,0,0,-0.327,-0.065,0,0
0.1417084,-0.07355104,-0.0001416711,-0.001066699,-0.7225794,0.06939993,0.0001888948,-0.01440001
-0.008288288,-0.0735506,-0.0001423401,-0.001066667,-0.3235283,-0.04715744,0.0003786815,0.007200004
-0.1582883,-0.0735506,-0.0001423433,-0.001066667,-0.5704634,0.1640426,-0.0002343302,-0.0112
-0.3082883,-0.0735506,-0.0001423433,-0.001066667,-0.5716268,-0.0248788,-1.106594E-06,-0.006400002
-0.4587667,-0.07354956,-4.664305E-05,-0.001066667,-0.7212642,-0.07311045,-4.642449E-05,-0.0005437501
-0.3593013,-0.07358095,0.0009817927,-0.001066663,-0.522604,-0.07358877,0.001144154,-0.001066835
-0.4508986,-0.07355046,0.0001338229,-0.001066667,-0.5877098,-0.07356926,-0.0006406192,-0.001066847
-0.1865874,0.3918472,9.334552E-05,-0.007947516,-0.6116561,-0.07354944,-4.763834E-06,-0.001066667
-0.3354146,-0.005010879,-0.0001412303,0.01357376,-0.6116797,-0.07354944,-2.249658E-08,-0.001066667
-0.4016838,-0.05763714,7.116901E-05,0.005213122,-0.6556224,0.6293529,0.0008159864,0.02112759
-0.1728334,0.1317072,0.004301081,0.00761312,-0.6518929,0.7737564,7.00927E-05,0.003527588
0.2011721,-0.0707711,0.00599998,0.002648361,-0.6515425,0.1443108,8.003178E-10,0.0006362025
0.08173869,-0.07355611,-0.0001133369,-0.001067315,-0.5601763,0.2939796,0.0001888948,-0.0137638
-0.06811699,-0.0735506,-0.0001422063,-0.001066667,-0.6466367,-0.01756165,-8.204691E-05,0.009011902
-0.2181163,-0.07355058,-0.0001423426,-0.001066667,-0.7230927,-0.02831605,3.675556E-05,-0.0204481
-0.3681163,-0.0735506,-0.0001423433,-0.001066667,-0.6780495,-0.07361401,4.310034E-05,-0.002240997
-0.5181162,-0.0735506,-0.0001423433,-0.001066667,-0.6063005,-0.07363163,0.0006233925,-0.002146125
-0.4079692,0.1433473,0.0003749475,-0.00314832,-0.6185009,-0.07355101,0.0001651365,-0.001066669
-0.5539598,-0.03022221,-0.0004269421,0.007174159,-0.6960425,-0.07247782,-0.0002267666,-0.0007716671
-0.5915849,-0.0713328,7.184361E-05,-0.00180646,-0.7114029,-0.05259788,-5.929733E-05,-0.01917167
-0.6277996,-0.07354973,7.066589E-05,-0.001066666,-0.6922594,-0.06590172,0.0001812131,0.003434023
-0.5748693,-0.07354974,7.066867E-05,-0.001066667,-0.6149222,0.05491477,0.0001176313,-0.01496598
-0.4245647,-0.07354944,9.758494E-06,-0.001066667,-0.7029617,-0.07263808,4.848694E-06,-0.0003330783
-0.5738078,-0.07355059,-0.000141625,-0.001066667,-0.6912116,-0.07204707,0.0001950223,-0.004976832
-0.5992388,-0.07354974,7.116993E-05,-0.001066667,-0.6075296,0.1100889,0.0006090935,-0.00357682
-0.4489317,-0.07354943,9.75866E-06,-0.001066667,-0.6044851,-0.07300854,1.976623E-07,0.001047103
-0.5981748,-0.07355059,-0.000141625,-0.001066667,-0.583708,0.08652186,0.0001888943,-0.0133529
-0.4489314,-0.07354944,9.689603E-06,-0.001066667,-0.6302158,-0.07165595,-3.020098E-06,0.001722927
-0.5981748,-0.07355057,-0.0001416253,-0.001066667,-0.6961285,-0.07207739,0.0003398218,0.001024204
0.291,-0.061,0,0,-0.327,-0.065,0,0
0.291,-0.061,0,0,-0.327,-0.065,0,0
0.1417084,-0.07355104,-0.0001416711,-0.001066699,-0.1777084,-0.07354025,0.0001416711,-0.002132813
-0.008288288,-0.0735506,-0.0001423401,-0.001066667,-0.326295,-0.07354977,-0.000141002,-0.002133333
0.07418534,-0.0735798,0.0009287439,-0.001066771,-0.2783816,-0.06622983,-0.0003228468,-0.002949785
-0.07048452,-0.07355052,-0.0001372852,-0.001066667,-0.42928,-0.07355072,-0.0001431957,-0.001066674
-0.02437036,-0.07297393,5.120597E-05,-0.0005265698,-0.2800443,-0.07354944,9.68909E-06,-0.001066667
-0.1734072,-0.07301627,-0.0001414292,-0.0005333318,-0.5299643,-0.06862117,-0.0006054773,-0.003083118
-0.3234027,-0.07301631,-0.0001423389,-0.0005333333,-0.6162404,-0.07320284,-8.187213E-05,-0.0005722363
-0.4734026,-0.07301631,-0.0001423433,-0.0005333333,-0.6847215,-0.06786342,0.0002716257,0.0002554905
-0.3261358,-0.002809034,0.001007851,-0.01023527,-0.7106462,-0.06540266,0.0002676644,-0.002900483
-0.3714667,0.01055962,2.14587E-05,-0.0215929,-0.5593569,-0.07354944,9.822425E-06,-0.001066667
-0.5204747,-0.0645379,-0.0001415697,-0.001798222,-0.6803674,-0.06861924,0.0003027384,-0.003083118
-0.363608,-0.06431104,0.0008302081,-0.002813376,-0.7045473,-0.0665753,0.0002677012,-0.002970104
-0.5087682,-0.07355062,-0.0001377505,-0.001066673,-0.6890631,-0.06865121,0.0002124889,-0.001543977
-0.3794217,-0.07357462,0.0008887366,-0.001066434,-0.6950458,-0.07014196,0.0002675946,-0.003168202
-0.5242907,-0.07355051,-0.0001374741,-0.001066667,-0.6864207,-0.06347555,0.0002124887,0.0008064989
-0.6468081,-0.07354974,7.116012E-05,-0.001066667,-0.7007273,-0.07195538,3.900469E-05,-0.002183376
0.291,-0.061,0,0,-0.327,-0.065,0,0
0.291,-0.061,0,0,-0.327,-0.065,0,0
0.1417084,-0.07355104,-0.0001416711,-0.001066699,-0.4762917,-0.07354024,-0.0001416711,-0.002132813
-0.008288288,-0.0735506,-0.0001423401,-0.001066667,-0.5630347,-0.05716294,-8.231501E-05,-0.002194814
-0.1582883,-0.0735506,-0.0001423433,-0.001066667,-0.5634009,-0.07299379,-3.887218E-07,-0.0005318309
-0.3082883,-0.0735506,-0.0001423433,-0.001066667,-0.6042501,0.04864218,0.0001888956,-0.01493184
-0.4582882,-0.0735506,-0.0001423433,-0.001066667,-0.2051991,-0.03773092,0.0003786815,0.005065919
-0.3090484,-0.07354944,9.689372E-06,-0.001066667,-0.6031765,0.0006420165,-2.583861E-05,-0.02853409
-0.3624026,-0.07354973,7.081266E-05,-0.001066667,-0.6473985,-0.03403605,0.0008530593,-0.01177844
-0.511342,-0.07355059,-0.0001413367,-0.001066667,-0.6422006,-0.07343055,0.0004186504,-0.002107944
-0.6406776,-0.07354943,4.890715E-06,-0.001066667,-0.7152181,-0.07354946,-1.60536E-05,-0.001066667
-0.6027046,-0.07354973,7.082399E-05,-0.001066667,-0.6885773,-0.06543995,-0.0002945249,-0.0028798
-0.631793,-0.07354974,7.066828E-05,-0.001066667,-0.7146011,-0.04934697,-0.0001958335,-0.01212463
-0.6063501,-0.07354945,4.856315E-06,-0.001066667,-0.668557,-0.07314791,5.574023E-05,-0.0005642694
-0.3535157,-0.07358303,0.0009755286,-0.001066844,-0.6211084,-0.0735589,0.0004912686,-0.001066472
-0.3399027,-0.07302714,0.0001026927,-0.0005341362,-0.7039195,-0.0735318,-5.839885E-05,-0.001646426
-0.4893406,-0.07301611,-9.702237E-06,-0.0005333334,-0.6979256,-0.07390507,2.926081E-05,-0.001108723
0.291,-0.061,0,0,-0.327,-0.065,0,0
0.291,-0.061,0,0,-0.327,-0.065,0,0
0.1417084,-0.07355104,-0.0001416711,-0.001066699,-0.1777084,-0.07354025,0.0001416711,-0.002132813
-0.008288288,-0.0735506,-0.0001423401,-0.001066667,-0.1416584,-0.05304648,3.420984E-05,0.001876704
-0.03892424,-0.07354974,7.117163E-05,-0.001066667,-0.1376949,-0.02769988,-1.685119E-05,-0.01894389
0.107939,-0.07354955,4.37119E-05,-0.001066667,-0.1844424,-0.07390501,-4.865048E-06,-0.00110675
0.2335523,-0.07357294,0.001124116,-0.0003339774,-0.0889466,0.1378165,-0.0001060966,-0.001961925
0.08921974,-0.07301609,-9.370766E-06,-0.0005333326,0.03392267,-0.06808769,-1.549528E-05,-0.00753723
0.1560933,-0.07301614,7.085767E-05,-0.0005333333,-0.1692177,0.1414627,-0.0003894889,-0.001766648
0.006496115,-0.0730161,-9.712568E-06,-0.0005333333,-0.04776495,-0.05182579,-1.558724E-05,-0.005234868
0.2762876,-0.07001228,6.719162E-05,-0.004007711,-0.102916,-0.073905,-4.865253E-06,-0.001066667
0.2593721,0.09571043,0.0004660366,-0.004489296,-0.007420233,0.1378089,-0.0001060966,-0.001962238
0.1117502,-0.07130525,-9.584326E-06,0.001761162,0.02755064,-0.007270929,2.270478E-06,0.004191416
0.1219734,-0.07354955,7.085815E-05,-0.001066656,-0.04087587,-0.07074568,-7.084088E-05,-0.001352146
0.2788125,-0.07357745,0.0008570733,-0.001066759,-0.07769595,0.1369523,-0.000318413,-0.002003317
0.1331451,-0.07354943,-9.457427E-06,-0.001066667,0.04411209,-0.06691054,-1.556418E-05,-0.007516534
0.3061653,-0.04751721,5.409917E-05,0.003811353,-0.01743483,-0.07354967,-4.865257E-06,-0.002133341
0.3169263,-0.07093936,0.0005947623,-0.01537068,0.07819359,0.1472569,-0.0001060966,-0.001428905
0.1699478,-0.07354943,-9.542555E-06,-0.001066666,-0.07228807,-0.06267463,-9.769997E-06,0.002042774
0.3502024,-0.06733172,0.001287484,0.005179787,-0.063789,0.1535076,-0.0003185571,-0.001116958
0.2073799,-0.0737747,-0.000135591,-0.002169066,0.08391739,-0.02060786,0.0001401667,0.000558478
0.291,-0.061,0,0,-0.327,-0.065,0,0
0.291,-0.061,0,0,-0.327,-0.065,0,0
0.1417084,-0.07355104,-0.0001416711,-0.001066699,-0.3937138,-0.07373843,-6.330841E-05,-0.00221625
-0.008288288,-0.0735506,-0.0001423401,-0.001066667,-0.3940288,-0.07354997,-2.989656E-07,-0.002133354
-0.1589236,-0.07354944,-1.528399E-05,-0.001066667,-0.4217638,-0.072868,-7.093715E-05,-0.0005122771
-0.2563157,-0.07354945,4.870262E-06,-0.001066667,-0.7185699,-0.05980124,6.280079E-05,-0.004385175
-0.4010146,-0.07358372,-0.00105536,-0.001066667,-0.6922086,-0.07391073,0.0002457068,-0.002467824
-0.5562412,-0.07354943,-1.007805E-05,-0.001066667,-0.7181438,-0.07354952,3.042524E-05,-0.001066668
-0.5204055,-0.05918038,7.818344E-05,-0.002887012,-0.6545507,-0.07388261,4.268731E-05,-0.002086749
-0.4420668,-0.07301314,0.0001019069,-0.000533162,-0.6604186,-0.07069356,8.064085E-05,0.001730209
-0.5873497,-0.07302319,-0.0008415569,-0.0005333327,-0.6350793,0.05102485,0.003715851,0.005999188
-0.4416048,-0.07301611,9.462461E-06,-0.0005333333,-0.6518151,-0.02100448,7.510037E-06,-0.03160082
-0.5908493,-0.07301631,-0.0001416264,-0.0005333333,-0.6517777,-0.05948476,3.546516E-08,0.005299797
-0.5320937,-0.07301614,7.116993E-05,-0.0005333333,-0.6668718,0.2021103,9.444742E-05,-0.00910021
-0.1493457,0.1099172,0.003521569,0.001066663,-0.6664203,-0.07089268,4.153842E-06,-0.03150021
-0.2816704,-0.06217168,-1.342617E-05,0.003466666,-0.516589,-0.06995352,1.521392E-05,-0.002462474
-0.3269453,-0.07357061,0.000528002,-0.002733334,-0.4698358,0.02510936,-0.0008798771,-0.006462476
-0.3963713,-0.07354943,4.782108E-06,-0.001066667,-0.615594,-0.05160575,-0.0001344299,0.002505546
-0.545639,-0.07355058,-0.0001416485,-0.001066667,-0.7129721,-0.05296118,-9.240748E-05,0.0003372271
-0.647002,-0.07354973,7.116998E-05,-0.001066667,-0.697744,0.05571898,0.0001722054,-0.006690335
-0.3700787,-0.07008903,0.0001299118,0.0002059013,-0.5469352,-0.07278456,9.791448E-06,-0.0004795365
-0.518724,-0.07354158,-0.0001410576,-0.002132913,-0.6125085,0.0501065,0.0001888716,-0.01487954
-0.3694777,-0.07354943,9.689788E-06,-0.002133333,-0.6115646,-0.07271005,6.129237E-08,-0.0001350144
-0.4069875,-0.07354952,7.081266E-05,-0.002133333,-0.5577418,-0.03755046,-0.0001180593,-0.01853502
-0.551046,-0.07354905,7.066833E-05,-0.002133333,-0.6136676,-0.07250892,-0.0004584346,-0.00116935
0.291,-0.061,0,0,-0.327,-0.065,0,0
0.291,-0.061,0,0,-0.327,-0.065,0,0
0.1417084,-0.07355104,-0.0001416711,-0.001066699,-0.1777084,-0.07354025,0.0001416711,-0.002132813
0.1574872,-0.0735666,0.0006214456,-0.001066676,-0.07281905,-0.07352997,-6.55625E-05,-0.001012319
0.01064214,-0.07354943,-9.533893E-06,-0.001066667,-0.2230981,-0.07354945,-9.756843E-06,-0.001066667
-0.138697,-0.07355059,-0.0001417161,-0.001066667,-0.3250274,-0.07289597,-9.672637E-05,-0.002111667
-0.2886938,-0.0735506,-0.0001423403,-0.001066667,-0.5199245,-0.0732226,-0.0003500304,-0.002709711
-0.2012316,-0.07302256,0.0007754897,-0.0005334603,-0.5017417,-0.07326332,-0.0002779116,-0.002711732
-0.1796869,-0.06762748,0.0006313135,-0.003024753,-0.3989572,-0.07325303,-6.754392E-05,-0.002711728
-0.09657486,-0.06129893,0.0007350937,-0.0008224258,-0.3948481,-0.07326352,-0.0002785786,-0.002711728
-0.1010864,-0.0735383,0.0005119987,-0.001063925,-0.2920668,-0.07325303,-6.754707E-05,-0.002711728
0.02174451,-0.0730162,5.442249E-05,-0.0005333371,-0.2634789,-0.07354943,-4.85682E-06,-0.001066667
0.07262605,0.2333457,0.0007796059,0.003657809,-0.2080428,-0.07319577,-0.0002787267,-0.002708691
-0.07278599,-0.05302405,-0.0001379894,0.0125711,-0.3587216,-0.0735506,-0.0001429873,-0.001066667
-0.2225864,-0.05051314,-0.0001423227,-0.001485548,-0.5064382,-0.07065963,-0.0003052581,-0.004027619
-0.1899866,-0.07331847,4.713712E-05,-0.001013094,-0.4296637,-0.07354953,-2.473019E-05,-0.002133325
0.291,-0.061,0,0,-0.327,-0.065,0,0
0.291,-0.061,0,0,-0.327,-0.065,0,0
0.1417084,-0.07355104,-0.0001416711,-0.001066699,-0.4144002,-0.06963862,-8.293893E-05,0.0001350001
-0.008288288,-0.0735506,-0.0001423401,-0.001066667,-0.4203135,-0.001813379,-5.611467E-06,-0.01717395
-0.1582883,-0.0735506,-0.0001423433,-0.001066667,-0.5696331,-0.0677125,-0.0001416976,-0.005493487
-0.3082883,-0.0735506,-0.0001423433,-0.001066667,-0.321519,-0.002478703,0.0002354493,-0.0005233358
-0.1590484,-0.07354944,9.689372E-06,-0.001066667,-0.3749509,-0.07192601,-3.469067E-06,0.001436313
-0.3082918,-0.07355057,-0.0001416253,-0.001066667,-0.5098986,-0.0638722,-0.0006219217,-0.002792753
-0.4589511,-0.07354944,-9.781523E-06,-0.001066667,-0.6285889,-0.04284815,1.308166E-05,-0.003403622
-0.6082915,-0.07355057,-0.0001417172,-0.001066667,-0.6088347,0.009028454,1.876801E-05,-0.001287478
-0.4597051,-0.07355058,0.0001410018,-0.001066667,-0.6087421,-0.06951435,8.862944E-08,-0.003921869
-0.4584869,-0.07354944,4.844903E-06,-0.001066667,-0.6067009,-0.04478105,0.00014729,-0.001574429
-0.3085113,-0.07354944,9.737137E-06,-0.001066667,-0.2060945,-0.02412719,2.60093E-05,0.003187215
-0.1585114,-0.07354944,9.738724E-06,-0.001066667,0.04395441,-0.03616371,1.623437E-05,0.005206394
-0.008511334,-0.07354944,9.738724E-06,-0.001066667,0.1936637,-0.07275821,9.740828E-06,-0.000453175
-0.1448054,-0.07355116,-0.0001753419,-0.001066665,0.3702736,0.2923326,0.0002123937,-0.004777523
0.1709439,-0.07360937,-0.001156818,-0.001066667,0.2213741,-0.06606463,-3.401147E-07,-0.007194381
0.01521033,-0.07354944,-1.011097E-05,-0.001066667,0.3740764,-0.06589434,1.298081E-05,0.001801405
0.1644516,-0.07355057,0.0001416233,-0.001066667,0.6852147,0.1044515,-0.0008627648,-0.004154942
0.3151109,-0.07354943,9.781523E-06,-0.001066667,0.6809038,-0.07007891,-2.799834E-07,-0.001880632
0.4651113,-0.07354944,9.738736E-06,-0.001066667,0.4311107,-0.002298119,-1.622603E-05,-0.0004162302
0.3152086,-0.07354945,-9.732402E-06,-0.001066667,0.3319334,-0.001931755,-6.446736E-06,-0.001627441
0.1652086,-0.07354945,-9.738724E-06,-0.001066667,0.3319016,-0.07391872,-2.092087E-09,-0.004001715
0.1451469,-0.07354943,-4.866201E-06,-0.001066667,0.398789,-0.03795481,1.298075E-05,-0.005199141
0.2950739,-0.07354944,9.733982E-06,-0.001066667,-0.0009656121,-0.03449507,-2.595729E-05,-0.004600428
0.1451712,-0.07354943,-9.732405E-06,-0.001066667,-0.150932,-0.0735494,-9.743985E-06,-0.001066662
-0.004168874,-0.07355057,-0.000141717,-0.001066667,-0.1722763,-0.06734619,-9.816344E-05,-0.001156669
-0.1548285,-0.07354944,-9.781551E-06,-0.001066667,-0.3758091,-0.07252218,-6.025989E-05,-0.0001348711
-0.05022153,0.03360128,0.000842075,-0.008065248,-0.5208462,-0.06662899,-0.0009644219,0.0008458149
-0.1951075,-0.06660023,-0.0001376945,-0.003216311,-0.52538,-0.07232483,-4.554355E-06,-6.608106E-06
-0.3450844,-0.07355493,-0.0001423213,-0.002133586,-0.7090815,0.04609315,-0.0008463313,-0.007292453
-0.4950843,-0.07354979,-0.0001423431,-0.002133334,-0.6039447,-0.0655946,0.0001200576,0.01044623
-0.5079008,-0.07354953,7.117163E-05,-0.002133334,-0.6033472,-0.07275003,5.66956E-07,-0.002188443
-0.5039203,-0.07354943,4.856233E-06,-0.002133334,-0.6996494,-0.06040568,3.528923E-05,-0.0006251717
-0.6531878,-0.07354978,-0.0001416481,-0.002133334,-0.7043973,0.05899008,9.448903E-05,-0.01502518
-0.5039445,-0.07354945,9.689596E-06,-0.002133334,-0.6580786,-0.07310929,4.85245E-06,-0.0005347684
-0.6538476,-0.07354945,-9.732422E-06,-0.002133334,-0.6310229,-0.00173585,8.112183E-06,0.0005668463
0.291,-0.061,0,0,-0.327,-0.065,0,0
0.291,-0.061,0,0,-0.327,-0.065,0,0
0.1417084,-0.07355104,-0.0001416711,-0.001066699,-0.2458057,-0.07395862,7.704977E-05,-0.003645001
0.1639074,0.06273748,0.0006510254,-0.006378041,-0.331343,-0.07364829,-0.0009416699,-0.002146005
0.01785548,-0.06329121,-0.0001385967,-0.01121098,-0.1867374,-0.07354986,0.0001372241,-0.002133336
-0.06110414,-0.07390535,7.116278E-05,-0.001069143,-0.3831186,-0.07258502,-0.001122554,-0.00109627
-0.04169556,-0.07323217,0.0006342941,-0.002717453,-0.4746255,-0.07361846,-0.0009473353,-0.002144254
-0.1878307,-0.07355055,-0.0001386757,-0.001066667,-0.6333578,-0.07254252,-0.001011129,-0.001094906
-0.3378125,-0.07355059,-0.0001423259,-0.001066667,-0.6911562,-0.07354974,7.322299E-05,-0.001066666
-0.373351,-0.07210791,0.0003850198,0.001019342,-0.6966448,-0.07359149,0.0004708441,-0.002143487
-0.2728109,0.00441153,0.001002382,-0.009851537,-0.6951492,-0.07392709,0.0004699053,-0.001235164
-0.2441985,-0.07354961,4.438518E-05,-0.00106667,-0.542849,-0.07354943,9.888057E-06,-0.001066667
-0.2142574,-0.07226753,0.0006833088,-0.01429266,-0.6287203,-0.07360255,-0.0009419873,-0.002143487
-0.1544838,-0.02161347,0.0008091255,-0.01086463,-0.7193286,-0.07379635,-0.0009464824,-0.001235164
-0.2995286,-0.07390632,-0.0001378501,-0.001075655,-0.5747468,-0.07355051,0.0001372014,-0.001066667
-0.4495062,-0.07355059,-0.000142322,-0.001066667,-0.7233557,-0.07355057,-0.0001410231,-0.001066667
-0.3874555,-0.05716734,0.0007965484,-0.01340356,-0.6532508,-0.07359355,0.0005771038,-0.002143487
0.291,-0.061,0,0,-0.327,-0.065,0,0
0.291,-0.061,0,0,-0.327,-0.065,0,0
0.1417084,-0.07355104,-0.0001416711,-0.001066699,-0.07818056,-0.02660005,0.0002361185,-0.0184
-0.008288288,-0.0735506,-0.0001423401,-0.001066667,-0.3650178,-0.01075846,-0.0007796907,-0.00955659
-0.1589511,-0.07354944,-9.781756E-06,-0.001066667,-0.3688067,-0.07355166,-2.530242E-07,-0.00106699
-0.3082915,-0.07355059,-0.0001417172,-0.001066667,-0.697487,-0.06750408,-0.001514755,0.0008021143
-0.4587086,-0.07354964,-5.830258E-05,-0.001066667,-0.7003791,-0.03482292,8.877857E-05,-0.01565381
-0.6076139,-0.07355363,-0.000277239,-0.001066667,-0.7212479,-0.07266513,-0.0001952355,-0.000840868
-0.4743479,-0.07358049,0.0008268534,-0.001067265,-0.6630198,-0.07082202,0.0001447955,0.001483112
-0.4729406,-0.05231483,4.259136E-05,-0.001988898,-0.6534413,-0.07355015,0.0001096006,-0.001066668
-0.3960056,0.01871936,0.0001223837,-0.01615076,-0.5729648,-0.07210225,6.160146E-05,-0.008216279
-0.5445119,-0.06360684,-0.0001763664,-0.002437689,-0.6474224,-0.07348396,0.0006713491,-0.0010121
-0.5822927,-0.07354945,4.896399E-06,-0.001066667,-0.7208146,-0.03429764,-6.435907E-06,0.000506052
-0.6400452,-0.07354945,4.866987E-06,-0.001066667,-0.7036861,-0.07307877,2.00942E-05,-0.0005391392
0.291,-0.061,0,0,-0.327,-0.065,0,0
0.291,-0.061,0,0,-0.327,-0.065,0,0
0.1417084,-0.07355104,-0.0001416711,-0.001066699,-0.1777084,-0.07354025,0.0001416711,-0.002132813
-0.008288288,-0.0735506,-0.0001423401,-0.001066667,-0.2624826,-0.07390553,-8.079763E-05,-0.00111115
0.1086184,0.003246821,0.0009796692,-0.009878152,-0.4271273,-0.07301953,-0.001207866,-0.0005327194
-0.03578101,-0.07023572,-0.0001370447,-0.0005652312,-0.5824298,-0.07301633,-0.0001473751,-0.0005333332
-0.1857547,-0.07355051,-0.0001423182,-0.001066662,-0.669012,-0.07292902,-8.216259E-05,-0.0006108334
-0.3357545,-0.07355058,-0.0001423431,-0.001066667,-0.7073732,-0.07302024,4.092732E-05,-0.0006156772
-0.2429663,-0.07360054,0.0009762668,-0.001069289,-0.6826437,-0.07356305,0.0004976786,-0.001066815
-0.3873996,-0.07355051,-0.0001370607,-0.001066667,-0.7021732,-0.07310379,3.955822E-05,8.835197E-05
-0.5373733,-0.07355059,-0.0001423183,-0.001066667,-0.6319014,-0.07300843,0.0005332399,-0.0005327052
-0.3767367,-0.05017484,0.0007301875,-0.01302074,-0.61836,-0.07356746,0.0006046582,-0.001066816
-0.2816749,-0.06626367,0.0008852385,-0.003153221,-0.6841751,-0.07300976,0.0006047424,-0.0005327187
-0.1919959,-0.05429509,0.0009432336,-0.0132272,-0.6956457,-0.073563,0.0004963473,-0.001066816
-0.3364751,-0.07336611,-0.0001372167,-0.002109163,-0.5438839,-0.07355063,0.000144015,-0.001066667
-0.2686713,-0.07296152,0.0006169135,-0.0005231326,-0.7092555,-0.07301095,0.0006041987,-0.0005327187
-0.1912022,-0.07146668,0.0008918635,0.001064088,-0.6831042,-0.073563,0.0004963487,-0.001066816
-0.3360556,-0.07355067,-0.0001374594,-0.001066677,-0.6700336,-0.07354972,6.966356E-05,-0.001066667
-0.2124141,0.07161926,0.00111833,-0.005828767,-0.7013856,-0.07300775,0.0004976108,-0.0005327187
-0.3561332,-0.07390501,-0.0001363899,0.003342809,-0.6929327,-0.07295307,3.955837E-05,-0.000610795
0.291,-0.061,0,0,-0.327,-0.065,0,0
0.291,-0.061,0,0,-0.327,-0.065,0,0
0.1417084,-0.07355104,-0.0001416711,-0.001066699,0.0711111,0.06939992,0.0003777895,-0.01440001
0.2902952,-0.07355057,0.000141002,-0.001066667,0.07297786,-0.0716788,1.784062E-06,0.004799999
0.1417052,-0.07355057,-0.0001410052,-0.001066667,-0.3836366,-0.0323687,-0.001557647,-0.01188596
-0.008288177,-0.07355059,-0.0001423369,-0.001066667,-0.2420963,-0.07353386,0.0001343153,-0.0004428725
-0.1582882,-0.0735506,-0.0001423433,-0.001066667,-0.3689624,-0.06928851,-0.0005869615,-0.004801323
-0.3082882,-0.07355059,-0.0001423433,-0.001066667,-0.6149069,0.002151181,-0.001281949,-0.009535694
-0.458288,-0.07355059,-0.0001423433,-0.001066667,-0.6480945,-0.07343065,0.0005858114,-0.00110571
-0.6089507,-0.07354944,-9.781756E-06,-0.001066667,-0.692354,-0.07218434,3.306774E-05,-0.004436479
-0.6293458,-0.07354943,4.869368E-06,-0.001066667,-0.6996739,-0.07099275,-4.130997E-05,-0.00505256
-0.5850542,-0.07354973,7.082403E-05,-0.001066667,-0.6766971,-0.05793041,5.898084E-05,-0.0002737196
-0.5601771,-0.07354945,4.856288E-06,-0.001066667,-0.7116148,-0.04048929,5.149902E-05,0.002156336
-0.521648,-0.07354964,5.194689E-05,-0.001066668,-0.6363226,-0.05821237,8.863341E-05,-0.003863844
-0.5437542,-0.07354973,7.071287E-05,-0.001066667,-0.7068566,-0.009275852,-0.0003265884,-0.01057516
-0.692694,-0.07355057,-0.0001413371,-0.001066667,-0.6063486,-0.04891774,0.0001188303,-0.002312421
0.291,-0.061,0,0,-0.327,-0.065,0,0
0.291,-0.061,0,0,-0.327,-0.065,0,0
0.1417084,-0.07355104,-0.0001416711,-0.001066699,-0.4044821,-0.06952856,-7.361444E-05,-0.00135
-0.008288288,-0.0735506,-0.0001423401,-0.001066667,-0.2555569,-0.07355052,0.0001413234,-0.001066664
0.1123101,-0.07378639,0.001000472,-0.002742386,-0.3090757,-0.06111857,-0.0006346968,-0.0008028986
0.1560035,-0.07298702,0.0007292641,-0.002704511,-0.2852531,-0.06980886,-0.0004248538,-0.00323587
0.01034089,-0.07355054,-0.0001382272,-0.001066667,-0.3649416,-0.07365952,-7.562076E-05,-0.002145032
0.1248888,0.01506811,0.001076446,-0.009154867,-0.3383369,-0.06826682,-0.0004222136,-0.003069749
-0.0187793,-0.06949694,-0.0001365877,-0.004688716,-0.4179176,-0.07262749,-7.560827E-05,-0.00172936
-0.1687507,-0.07355056,-0.0001423161,-0.001066665,-0.4958681,-0.07281897,-7.39715E-05,-0.000145585
-0.03684738,-0.03144384,0.001156483,-0.01189007,-0.4692552,-0.06113325,-0.0004222059,-0.000805551
-0.05197436,-0.07293802,0.000455912,-0.002874223,-0.4443752,-0.06979978,-0.0004238504,-0.003235538
0.1148479,0.008681586,0.001306476,-0.00952687,-0.4195035,-0.06989151,-0.0004238582,-0.003161787
-0.02767758,-0.07323287,-0.0001355014,-0.004781717,-0.4990589,-0.07366762,-7.561603E-05,-0.002145611
-0.1004077,-0.06598504,0.0002135415,-0.001087876,-0.4724541,-0.06826716,-0.0004222136,-0.003069758
-0.1846387,-0.06966183,0.0001539629,-0.003167843,-0.4475742,-0.06864486,-0.0004238504,-0.003090303
-0.3338206,-0.07354945,-9.6856E-06,-0.001066667,-0.5996441,-0.07354958,-9.873113E-06,-0.002133338
-0.4831606,-0.07355058,-0.0001417168,-0.001066667,-0.6852204,-0.06410401,0.0003185943,0.0007804338
0.291,-0.061,0,0,-0.327,-0.065,0,0
0.291,-0.061,0,0,-0.327,-0.065,0,0
0.1411189,-0.07354947,-2.376847E-05,-0.001066667,-0.4768812,-0.0735486,-2.376847E-05,-0.002133301
-0.005619606,-0.07356875,-0.0006760755,-0.001066667,-0.5425183,-0.07306604,-0.0003024132,-0.0003008374
-0.1582757,-0.07355063,-0.0001448638,-0.001066667,-0.2952037,-0.04188621,0.0002346903,-0.01870084
-0.2126524,-0.07354974,7.117757E-05,-0.001066667,-0.6589951,0.153151,-0.001680387,-0.002822798
-0.3615898,-0.07355057,-0.0001413349,-0.001066667,-0.6269177,0.1238038,0.0001220269,-0.0212228
-0.5115847,-0.07355059,-0.0001423385,-0.001066667,-0.377491,-0.02368616,0.0002366947,-0.001788601
-0.3623448,-0.07354943,9.689372E-06,-0.001066667,-0.1883326,0.04577687,0.000141121,-0.01811023
-0.2123452,-0.07354943,9.738707E-06,-0.001066667,0.09631258,0.07761241,0.0001369304,-0.01582056
-0.06234519,-0.07354945,9.738724E-06,-0.001066667,0.2462886,0.626161,0.0001417155,0.007170886
0.2902039,-0.07363535,0.005999932,-0.001066667,-0.1529983,0.1758761,-9.118215E-07,-0.05042912
0.1703224,-0.07354947,-2.376853E-05,-0.001066667,-0.003151356,0.1124523,2.970967E-05,-0.01478545
0.02290783,-0.0735631,-0.0005408603,-0.001066667,0.03359877,0.02154819,0.0001348353,0.003411109
-0.1290753,-0.07355063,-0.0001442252,-0.001066667,0.1835614,-0.07376555,0.0001423078,-0.008905555
-0.0648035,0.04671603,-0.00214129,0.001333331,0.1483185,0.004273326,0.003429862,-0.002505558
0.07439096,-0.07384946,9.040671E-06,-0.002016667,0.3151107,-0.07305998,1.084862E-05,-0.0005368219
0.1919865,-0.07354941,-4.869248E-06,-0.002133333,0.4060168,-0.07229415,0.0001429486,0.0001367209
0.3412541,-0.07354977,0.0001416481,-0.002133333,0.3939402,-0.0306129,0.0001177217,-0.01826328
0.01233779,-0.0730131,-8.469617E-05,-0.0005331657,0.4478884,-0.07364088,4.848679E-06,-0.002235364
0.1618658,-0.07301611,9.708078E-06,-0.0005333333,0.6977541,-0.07239841,1.622751E-05,0.003241159
0.3118657,-0.0730161,9.738713E-06,-0.0005333333,0.623065,-0.07301857,-4.851131E-06,-0.0005348393
0.4618656,-0.0730161,9.738724E-06,-0.0005333333,0.6581191,-0.07354985,-8.526954E-05,-0.001066667
0.6112057,-0.07301631,0.0001417171,-0.0005333333,0.5315995,0.03525006,-0.0001886934,-0.01546667
0.6787217,-0.07354947,-3.643911E-05,-0.002133334,0.3811635,-0.06434377,-7.299182E-05,-0.005066668
0.5296477,-0.07355036,-0.0002216299,-0.002133333,0.07040091,-0.07257783,-0.001875087,-8.118153E-05
0.3785885,-0.07354943,-9.807487E-06,-0.002133333,-0.08892284,-0.07354944,-1.034406E-05,-0.001066667
0.2292481,-0.07354977,-0.0001417174,-0.002133333,0.1598451,-0.06074948,0.0002360696,-0.01946667
0.2752919,-0.0735495,7.117014E-05,-0.002133333,-0.3186212,-0.07361379,-0.001879554,-0.001067471
0.1263544,-0.07354977,-0.000141335,-0.002133333,-0.3983085,-0.0730999,-7.561972E-05,-0.0005429104
-0.02364058,-0.07354978,-0.0001423385,-0.002133333,-0.3986849,-0.07301618,-3.571042E-07,-0.0005333357
-0.1736406,-0.07354978,-0.0001423433,-0.002133333,-0.6498695,-0.07353514,0.001086339,-0.00213035
-0.3236406,-0.07354978,-0.0001423433,-0.002133333,-0.6881191,-0.0735495,6.827047E-05,-0.002133333
0.291,-0.061,0,0,-0.327,-0.065,0,0
0.291,-0.061,0,0,-0.327,-0.065,0,0
0.1417084,-0.07355104,-0.0001416711,-0.001066699,-0.1777084,-0.07354025,0.0001416711,-0.002132813
-0.008288288,-0.0735506,-0.0001423401,-0.001066667,-0.326295,-0.07354977,-0.000141002,-0.002133333
-0.1153373,-0.01110529,5.554709E-05,-0.01072173,-0.4836231,-0.0736261,-0.001268466,-0.001071316
-0.2643524,-0.07239649,-0.0001414087,-0.002259784,-0.6392271,-0.07355068,-0.0001476612,-0.001066667
-0.2493758,-0.06888045,0.0006177446,0.005089296,-0.6867046,-0.07369621,0.0006342487,-0.002149388
-0.3952204,-0.07390635,-0.0001387538,-0.00107869,-0.6685765,-0.07354963,6.933795E-05,-0.002133337
-0.3145985,-0.07338064,0.0008733721,-0.0009915939,-0.6460787,-0.07360727,0.0007402353,-0.001071316
-0.2374848,-0.04039327,0.0008855567,-0.01241743,-0.6854881,-0.07369614,0.0006321522,-0.002149387
-0.2291602,0.1036437,0.0005684001,-0.005100169,-0.6655123,-0.07360281,0.0006324075,-0.001071317
-0.3756233,-0.03907782,-0.0001389869,-0.007049917,-0.5130735,-0.07355064,0.0001446575,-0.001066667
-0.5253365,-0.07301284,-0.0001423274,-0.0005337888,-0.6012151,-0.07369949,0.0007752298,-0.002149388
-0.225529,-0.07348695,8.645626E-05,-0.002157495,-0.6748551,-0.07354945,-4.99357E-06,-0.002133334
-0.3743904,-0.0735499,-0.0001412628,-0.002133339,-0.6729108,-0.07354952,7.084732E-05,-0.002133334
-0.3838965,-0.07059596,0.0005049414,0.004981404,-0.6704046,-0.07360284,0.0006337328,-0.001071316
-0.3493736,-0.07245322,0.0006960342,-0.005066215,-0.6486196,-0.07369865,0.0007409015,-0.002149387
-0.4011589,-0.06244365,0.0002949029,0.001099713,-0.6842197,-0.07360279,0.0006321507,-0.001071317
0.291,-0.061,0,0,-0.327,-0.065,0,0
0.291,-0.061,0,0,-0.327,-0.065,0,0
0.1417084,-0.07355104,-0.0001416711,-0.001066699,-0.4229135,-0.07190868,-9.128189E-05,0.00159
-0.008288288,-0.0735506,-0.0001423401,-0.001066667,-0.02525659,0.1006512,0.0003773584,-0.01281
0.1409516,-0.07354944,9.689372E-06,-0.001066667,-0.02337041,-0.07107951,1.224599E-07,-0.0001987494
-0.008291855,-0.07355057,-0.0001416253,-0.001066667,-0.4199145,-0.07355253,-0.001280851,-0.002132148
-0.1582883,-0.0735506,-0.0001423399,-0.001066667,-0.1774691,0.001973215,0.0002300698,-0.004133925
-0.009704944,-0.07355057,0.0001409989,-0.001066667,-0.2439646,-0.07098975,-6.320347E-05,-0.001468481
-0.158295,-0.07355057,-0.0001410052,-0.001066667,-0.6302603,0.298246,-0.001778917,0.007491234
-0.3089511,-0.07354944,-9.781322E-06,-0.001066667,-0.6904468,0.02277732,5.156428E-06,0.003454383
-0.4582915,-0.07355057,-0.0001417172,-0.001066667,-0.4416018,0.1440825,0.0002361428,-0.01494562
-0.3097051,-0.07355057,0.0001410018,-0.001066667,-0.4404309,-0.0350241,1.115153E-06,-0.009327192
-0.458295,-0.07355057,-0.0001410052,-0.001066667,-0.6897002,0.4442058,0.0005339914,0.01516203
-0.309705,-0.07355057,0.0001410052,-0.001066667,-0.4382234,0.8464943,0.0002386401,-0.00323798
0.0435003,-0.07363536,0.005999933,-0.001066667,-0.5045794,0.1511638,-1.515322E-07,0.004918986
-0.07593337,-0.07355019,-0.0001133372,-0.001066667,-0.2557608,0.3076195,0.0002361177,-0.01348102
0.07279427,-0.07355057,0.0001411358,-0.001066667,-0.6526968,0.1184749,-0.0003766743,-0.02788102
-0.07579504,-0.07355057,-0.0001410046,-0.001066667,-0.6333052,-0.04192323,0.0001189486,-0.00805949
-0.2262669,-0.07354958,-4.664097E-05,-0.001066667,-0.4834532,-0.07232182,4.660683E-05,-0.001599535
-0.374768,-0.07355576,-0.0003464143,-0.001066667,-0.719904,-0.008312558,0.0002879618,-0.01359954
-0.5262067,-0.07354964,-5.869853E-05,-0.001066667,-0.5952279,0.07898216,0.0002915639,-0.01148136
-0.1608347,0.090717,0.006866907,0.00533333,-0.5938952,-0.05040108,2.504516E-05,0.00734068
-0.2759539,-0.03541596,-0.000109243,0.002133335,-0.7135285,-0.0735755,7.07764E-05,-0.002117585
-0.4255672,-0.07343255,-0.000142187,-0.0007666666,-0.5293581,0.0100024,0.0001887276,-0.01651759
-0.4308212,-0.07354974,7.117126E-05,-0.001066667,-0.6402717,0.4970625,0.0008314683,0.0176888
-0.280514,-0.07354944,9.75866E-06,-0.001066667,-0.6361871,0.1257704,2.698271E-07,-0.03991121
-0.4297572,-0.07355057,-0.000141625,-0.001066667,-0.6361858,0.06999175,1.274223E-09,-0.0088444
-0.5797535,-0.0735506,-0.0001423399,-0.001066667,-0.6910048,-0.05364066,-5.202086E-05,-0.008357801
-0.5641655,-0.07354973,7.117163E-05,-0.001066667,-0.7007213,-0.05312247,5.896821E-05,-0.003421099
-0.6154617,-0.07354973,7.066748E-05,-0.001066667,-0.6778237,-0.0735492,0.0002496095,-0.001066322
-0.5593847,-0.07354973,7.066867E-05,-0.001066667,-0.6902422,-0.060741,5.932429E-05,-0.01946633
-0.5725815,-0.07354973,7.066867E-05,-0.001066667,-0.6393082,-0.07214823,-0.0003150879,-0.002530116
-0.5227225,-0.07354945,4.856315E-06,-0.001066667,-0.6548236,-0.07355009,8.999006E-05,-0.001066678
-0.67199,-0.07355057,-0.0001416481,-0.001066667,-0.6334113,0.01079476,0.0001178467,0.0001333397
-0.5227467,-0.07354944,9.689596E-06,-0.001066667,-0.380509,-0.04524843,0.0001069106,0.003691784
-0.372747,-0.07354943,9.738707E-06,-0.001066667,-0.3862966,-0.0006275484,-3.759846E-07,-0.003860868
-0.2227471,-0.07354943,9.738724E-06,-0.001066667,0.01357176,-0.01944804,2.596138E-05,0.001930435
-0.07274707,-0.07354945,9.738724E-06,-0.001066667,0.2636204,-0.02788127,1.623436E-05,0.003434783
0.2130662,-0.07346934,-0.0004472151,-0.001066667,0.2636901,-0.0730153,1.853638E-10,-0.0005333026
0.1403191,-0.07354973,-6.977958E-05,-0.001066667,0.1919641,-0.07060778,-6.822281E-05,-0.006237298
0.291,-0.061,0,0,-0.327,-0.065,0,0
0.291,-0.061,0,0,-0.327,-0.065,0,0
0.1417084,-0.07355104,-0.0001416711,-0.001066699,-0.4762917,-0.07354024,-0.0001416711,-0.002132813
-0.008288288,-0.0735506,-0.0001423401,-0.001066667,-0.6262884,-0.07354977,-0.0001423401,-0.002133333
-0.1582883,-0.0735506,-0.0001423433,-0.001066667,-0.4777051,-0.07354976,0.0001409989,-0.002133333
-0.3082883,-0.0735506,-0.0001423433,-0.001066667,-0.6262952,-0.07354976,-0.0001410052,-0.002133333
-0.2797487,-0.0735689,0.0006802512,-0.001066666,-0.6338791,0.02923035,-0.0005785425,-0.008381718
-0.2684611,0.067788,0.0005857895,-0.006080981,-0.6434581,-0.07268845,-0.0005806087,-0.0003535953
-0.4148376,-0.06938124,-0.0001389048,-0.01135951,-0.4970558,-0.07355054,0.0001389292,-0.001066667
-0.1813457,0.07339062,0.001107036,-0.005959042,-0.7224888,0.01962181,0.0003953557,-0.008915051
-0.3251284,-0.07364578,-0.0001364432,-0.01142048,-0.7055616,-0.05676524,1.606311E-05,0.005762632
-0.2100948,-0.07148422,0.001078652,0.004849731,-0.7123638,-0.03108457,-0.0005778007,-0.01328575
-0.3540187,-0.07354779,-0.0001365773,-0.001066412,-0.7002794,-0.07097566,1.146751E-05,0.00202601
-0.2438581,-0.07021953,0.001056203,-0.01417076,-0.7071046,-0.006004009,-0.0005778223,-0.01046139
-0.3878937,-0.07315324,-0.0001366833,-0.000564291,-0.6950204,-0.04219627,1.146741E-05,0.001735801
-0.5385283,-0.07301612,-9.779918E-06,-0.0005333334,-0.6799372,-0.02601992,9.792698E-07,0.005237207
-0.6878687,-0.07301632,-0.0001417172,-0.0005333334,-0.6649727,0.171428,1.420072E-05,-0.01177301
-0.5386258,-0.07301611,9.689573E-06,-0.0005333334,-0.6776019,-0.06092873,4.865477E-06,-0.004143252
-0.4676942,-0.0729498,0.0004929102,-0.0005215009,-0.6569664,-0.0353555,0.0003951974,-0.01217676
-0.3898413,-0.07357068,0.0006126125,-0.001226768,-0.6910464,0.0482956,0.0003956581,-0.008160006
-0.3066386,-0.07366173,0.0009183589,-0.001094997,-0.69582,-0.07395654,-0.0005760081,-0.001998952
-0.1167958,-0.07281721,0.00140412,-0.0004229723,-0.7055686,0.02940757,-0.0005805966,-0.008373319
-0.2591,-0.07301559,-0.0001350402,-0.0005333064,-0.5593833,-0.06942012,0.0001389293,-0.003293329
0.291,-0.061,0,0,-0.327,-0.065,0,0
0.291,-0.061,0,0,-0.327,-0.065,0,0
0.1417084,-0.07355104,-0.0001416711,-0.001066699,-0.7225794,0.06939993,0.0001888948,-0.01440001
-0.008288288,-0.0735506,-0.0001423401,-0.001066667,-0.6565415,-0.05773674,6.28947E-05,-0.009746918
-0.1582883,-0.0735506,-0.0001423433,-0.001066667,-0.6562347,-0.07336665,2.97012E-07,-0.001061647
-0.3082883,-0.0735506,-0.0001423433,-0.001066667,-0.7164198,-0.07390513,3.852419E-05,-0.002511199
-0.4582882,-0.0735506,-0.0001423433,-0.001066667,-0.46746,-0.001211057,0.0002363003,0.0007721996
-0.3090484,-0.07354944,9.689372E-06,-0.001066667,-0.5451514,-0.07124782,-5.049512E-06,-0.00472695
-0.4582918,-0.07355059,-0.0001416253,-0.001066667,-0.6880114,-0.05211017,0.0001180712,0.001963476
-0.6082882,-0.0735506,-0.0001423399,-0.001066667,-0.6017264,0.03836705,0.0006427509,-0.007909833
-0.4590483,-0.07354944,9.689372E-06,-0.001066667,-0.660786,-0.06206401,8.008677E-06,-0.01084508
-0.2525683,-0.06888659,0.00122028,0.005088489,-0.7046554,0.08499045,0.000364328,-0.005803583
-0.3958847,-0.07337169,-1.824132E-05,-0.001066643,-0.6586477,-0.06620969,9.391925E-06,-0.005050895
-0.4737988,-0.07355843,0.0004224693,-0.001066667,-0.5940678,-0.01902404,-0.0007038199,-0.0106509
-0.6216387,-0.07354944,-9.598465E-06,-0.001066667,-0.6881309,-0.05089837,5.876765E-05,0.003239237
-0.5715572,-0.07354974,7.08582E-05,-0.001066667,-0.5420299,0.1612432,0.000188756,-0.01116077
-0.421913,-0.0735506,0.0001420057,-0.001066667,-0.5410928,-0.02393028,8.913753E-07,-0.006419618
-0.2879683,-0.06272559,0.0006154143,0.003193723,-0.6841751,-0.07122151,0.0005927082,-0.0006522111
-0.4342269,-0.07232694,-9.53585E-06,3.137253E-06,-0.7109741,-0.07325029,2.871741E-05,2.352018E-05
-0.4050082,-0.07237214,0.0001264765,-0.0006519094,-0.5768787,-0.07363847,6.415463E-05,-0.002141971
-0.5448835,-0.07301634,7.05369E-05,-0.0005333623,-0.6169625,-0.07387765,-0.0004584816,-0.00222613
-0.5030525,-0.07301612,4.856336E-06,-0.0005333334,-0.6801478,-0.02936135,6.453179E-06,-0.001286934
-0.3699721,-0.07301204,6.130921E-05,-0.0005331212,-0.6738082,-0.07337166,-4.868829E-06,-0.001066649
-0.5189587,-0.07301631,-0.0001413815,-0.0005333333,-0.6987101,-0.07021151,4.687935E-05,0.0001983378
-0.6379213,-0.0730161,4.890723E-06,-0.0005333333,-0.7213274,-0.07324459,-5.052916E-05,-0.002877103
-0.6144814,-0.07301611,4.866989E-06,-0.0005333333,-0.6766891,-0.07354955,-4.106879E-05,-0.001066668
0.291,-0.061,0,0,-0.327,-0.065,0,0
0.291,-0.061,0,0,-0.327,-0.065,0,0
0.1417084,-0.07355104,-0.0001416711,-0.001066699,-0.1777084,-0.07354025,0.0001416711,-0.002132813
-0.008288288,-0.0735506,-0.0001423401,-0.001066667,-0.326295,-0.07354977,-0.000141002,-0.002133333
0.1841579,-0.06442367,0.001435426,0.003092157,-0.5158176,0.1836646,-0.001416798,0.0007026527
0.04200952,-0.07355209,-0.0001348925,-0.001066804,-0.6009595,-0.02363168,-8.079583E-05,-0.02863735
-0.1079534,-0.07355059,-0.000142308,-0.001066667,-0.4520698,-0.05434459,0.0001412896,0.001240664
-0.03806503,-0.0735741,0.0008707588,-0.001066445,-0.6401876,0.2383976,-0.001415464,0.003815654
-0.1830234,-0.07355052,-0.000137559,-0.001066667,-0.6867353,-0.05744416,7.417768E-05,0.01249217
-0.3329996,-0.0735506,-0.0001423207,-0.001066667,-0.5370744,-0.06164163,0.0001420214,-0.003846087
-0.4836623,-0.07354943,-9.781748E-06,-0.001066667,-0.6863159,-0.07354826,-9.689473E-06,-0.002133281
-0.6330028,-0.07355058,-0.0001417172,-0.001066667,-0.7192275,0.1345048,-0.0003801818,-0.003037294
-0.4844164,-0.07355057,0.0001410018,-0.001066667,-0.5720464,-0.02878122,0.0001398757,-0.003281354
-0.3231796,-0.07356899,0.0007550649,-0.001066415,-0.5981922,0.2799146,0.0008144843,0.006076664
-0.4687139,-0.07355054,-0.0001381053,-0.001066667,-0.4448474,0.002746968,0.0001455174,0.01376167
-0.3194529,-0.07354943,9.690743E-06,-0.001066667,-0.5940708,-0.073905,-9.688341E-06,0.003440417
-0.3039722,-0.07356503,0.0005853252,-0.001066672,-0.6663398,0.1785349,0.0008143077,0.0003157769
-0.4503511,-0.07355054,-0.0001389069,-0.001066667,-0.5129958,-0.01911427,0.0001455165,0.004642111
-0.3941769,-0.07354974,7.116353E-05,-0.001066667,-0.6615633,-0.07075402,-0.0001409839,-0.001239472
-0.3466201,-0.07363932,0.0007211216,-0.001094182,-0.6281804,0.1577491,0.0008141526,-0.0008090789
-0.4923232,-0.07355054,-0.0001382657,-0.001066667,-0.4748372,0.03840997,0.0001455158,-0.004395461
-0.3437197,-0.07355057,0.0001410181,-0.001066667,-0.6233875,-0.07120167,-0.0001409839,-0.002298865
-0.3822331,-0.01351862,0.0003661558,-0.01083902,-0.65081,0.1802039,0.0008141526,0.000523344
-0.5294362,-0.07320977,-0.000139942,-0.0008903203,-0.4974668,0.03674004,0.0001455158,-0.002661672
-0.3801844,-0.07354944,9.690151E-06,-0.001066667,-0.64653,-0.07312183,-9.688341E-06,-0.0008168228
-0.5294278,-0.07355057,-0.0001416253,-0.001066667,-0.5724194,0.1567767,0.0007434722,-0.0008619094
-0.1776357,-0.07363535,0.005999929,-0.001066667,-0.4187087,-0.07207522,3.510287E-07,-0.001253869
-0.04369204,0.1936214,0.001039087,0.001320765,-0.6778226,0.1731648,-0.001628639,0.0001251701
-0.1878128,-0.02671736,-0.0001367641,0.006539618,-0.5366358,-0.01414196,0.00013398,0.004737414
0.291,-0.061,0,0,-0.327,-0.065,0,0
0.291,-0.061,0,0,-0.327,-0.065,0,0
0.1417084,-0.07355104,-0.0001416711,-0.001066699,-0.07818056,-0.02660005,0.0002361185,-0.0184
-0.008923571,-0.07354946,-1.528365E-05,-0.001066667,-0.5695005,-0.03930745,-0.0001811533,-0.02235973
-0.1537197,-0.07358373,-0.001056069,-0.001066667,-0.5703744,-0.05790585,-6.373766E-06,-0.01042014
-0.2921936,-0.07354976,7.332909E-05,-0.001066667,-0.3577952,-0.07122585,-0.0001180441,-5.035102E-06
-0.2409827,-0.07354973,7.06624E-05,-0.001066667,-0.4047746,-0.01042367,-4.458126E-05,-0.01746658
-0.2171175,-0.07354973,7.066869E-05,-0.001066667,-0.00688534,-0.07125027,0.0003775789,-0.008066712
-0.06681297,-0.07354944,9.758494E-06,-0.001066667,0.1892114,-0.07355135,0.0001844915,-0.001066667
0.08252724,-0.07355057,0.0001417171,-0.001066667,0.3811547,-0.07356792,0.0008809913,-0.00214046
0.233187,-0.07354944,9.781551E-06,-0.001066667,0.6353983,-0.07154976,1.651184E-05,0.003264885
0.1077239,-0.07390539,-7.583534E-05,-0.001067401,0.4855293,-0.07354992,-9.730205E-06,-0.002133352
0.2572962,-0.07354943,9.710952E-06,-0.001066667,0.4854807,-0.07354943,-3.157634E-09,-0.002133334
0.2782617,-0.07354944,-4.869357E-06,-0.001066667,0.499292,-0.03114938,1.298075E-05,-0.001333331
0.4281887,-0.07354945,9.733982E-06,-0.001066667,0.7040077,-0.07286887,-0.0001006897,-0.0005121768
0.5781889,-0.07354943,9.738724E-06,-0.001066667,0.6667207,-0.07372004,-7.007083E-05,-0.002194602
0.584989,-0.07354944,-4.869362E-06,-0.001066667,0.6898114,-0.0008189917,-1.858757E-05,-0.02146516
0.5677633,-0.07354944,-4.866991E-06,-0.001066667,0.6300828,-0.07352422,-7.936035E-05,0.001389972
0.5111291,-0.07354943,-4.866991E-06,-0.001066667,0.6488084,-0.07293165,-6.955743E-05,-0.000607674
0.5672801,-0.07354945,-4.866991E-06,-0.001066667,0.6694634,0.05536104,2.004981E-05,-0.01466132
0.7012259,-0.07354974,-7.082403E-05,-0.001066667,0.4207436,-0.03220241,-0.0002360238,-0.0002693417
0.5515818,-0.07355059,-0.0001420055,-0.001066667,0.02145805,0.09573331,-0.0003789041,-0.01466935
0.4015835,-0.0735506,-0.0001423417,-0.001066667,-0.1297192,-0.04989451,-0.0001434604,-0.01186533
0.2509207,-0.07354944,-9.781756E-06,-0.001066667,0.01932483,-0.07354945,9.689007E-06,-0.001066666
0.291,-0.061,0,0,-0.327,-0.065,0,0
0.291,-0.061,0,0,-0.327,-0.065,0,0
0.1417084,-0.07355104,-0.0001416711,-0.001066699,-0.4034933,-0.07320006,-7.26329E-05,-0.0006450001
-0.008288288,-0.0735506,-0.0001423401,-0.001066667,-0.2545632,-0.07301702,0.0001413281,-0.0005333606
0.06110975,-0.07391156,0.0007688524,-0.0003402318,-0.4862033,0.08044599,-0.001448376,-0.005307976
-0.08435579,-0.07355054,-0.0001380403,-0.001066667,-0.3441193,-0.05378564,0.0001348313,-0.009346014
0.1483812,-0.06983425,0.001548591,-0.004849204,-0.5643831,0.06948626,-0.001448361,-0.005511145
0.006795951,-0.07301383,-0.0001343581,-0.0005332151,-0.7208824,-0.07232317,-0.0001485107,0.003422215
-0.1431643,-0.07301632,-0.0001423055,-0.0005333333,-0.5723299,-0.07357235,0.0001409697,-0.002134809
-0.2931642,-0.07301632,-0.0001423431,-0.0005333333,-0.72092,-0.07354979,-0.0001410053,-0.002133334
-0.4431642,-0.07301631,-0.0001423433,-0.0005333333,-0.6861001,-0.07321335,3.664939E-05,-0.0005695834
-0.3510139,-0.07353406,0.0008831575,-0.001060434,-0.6237628,0.08037914,0.0007240647,-0.00531024
-0.4959106,-0.07355052,-0.0001375005,-0.001066667,-0.470868,-0.001622921,0.0001450904,-0.00113622
-0.3466465,-0.07354943,9.690942E-06,-0.001066667,-0.206025,-0.04304343,0.0001181214,-0.00195185
-0.6248776,-0.0715101,-0.001441763,0.001061799,0.003394799,0.04449143,0.0009451496,-0.007262605
-0.2795859,-0.07363535,0.005999915,-0.001066667,-0.1416803,-0.073905,-3.31748E-07,-0.001066678
-0.09964471,-0.07354945,1.168265E-05,-0.001066667,0.1222342,-0.07390596,0.0001180743,-0.001072248
0.04970509,-0.07355058,0.0001417262,-0.001066667,0.4619392,0.07140939,0.001016822,-0.005841331
0.2003648,-0.07354944,9.781558E-06,-0.001066667,0.6169699,-0.069943,1.006554E-05,-0.002869834
0.350365,-0.07354943,9.738736E-06,-0.001066667,0.5405134,-0.07232832,-4.98803E-06,-0.001607773
0.04263123,-0.07355018,-0.0001125389,-0.001066667,0.5148047,-0.0723886,4.868591E-06,-0.001600002
-0.05122722,-0.07266425,-6.574822E-05,-0.0001198097,0.3652277,-0.07239338,-9.733982E-06,-0.0016
-0.1512177,-0.0735497,-6.765706E-05,-0.001066667,0.2155779,-0.07239338,-9.738724E-06,-0.0016
-0.001604543,-0.07354944,9.713607E-06,-0.001066667,0.2528175,-0.07260819,0.0001033444,-0.0001255553
0.1483953,-0.07354945,9.738716E-06,-0.001066667,0.4032854,-0.07354944,9.7691E-06,-0.001066667
0.2983953,-0.07354944,9.738724E-06,-0.001066667,0.5532857,-0.07354943,9.738733E-06,-0.001066667
0.0994703,-0.07354918,-9.162494E-05,-0.002133318,0.4719608,-0.07354945,4.866201E-06,-0.001066667
0.2489637,-0.07354943,9.705831E-06,-0.002133333,0.6219364,-0.07354943,9.737143E-06,-0.001066667
0.1170566,-0.07354979,-7.764254E-05,-0.001066667,0.4720336,-0.07354945,-9.732405E-06,-0.001066667
0.291,-0.061,0,0,-0.327,-0.065,0,0
0.291,-0.061,0,0,-0.327,-0.065,0,0
0.1417084,-0.07355104,-0.0001416711,-0.001066699,-0.327,-0.07354006,0,-0.002132813
-0.008288288,-0.0735506,-0.0001423401,-0.001066667,-0.5758194,-0.06769372,-0.0002361185,0.007866408
-0.1582883,-0.0735506,-0.0001423433,-0.001066667,-0.6530171,-0.05884753,-7.325718E-05,0.006056797
-0.3082883,-0.0735506,-0.0001423433,-0.001066667,-0.6533777,-0.07282509,-3.459474E-07,-0.0004892749
-0.4582882,-0.0735506,-0.0001423433,-0.001066667,-0.7138311,-0.07345062,4.220644E-05,-0.003542319
-0.6082881,-0.0735506,-0.0001423433,-0.001066667,-0.6037838,-0.001391671,0.0001179596,-0.0006855804
-0.4590482,-0.07354944,9.689372E-06,-0.001066667,-0.6031955,-0.07366928,3.828009E-08,-0.002145536
-0.6082916,-0.07355059,-0.0001416253,-0.001066667,-0.6590027,-0.06747641,0.0001180591,0.00787277
-0.53421,-0.07354973,7.116993E-05,-0.001066667,-0.6671807,0.2559972,9.458675E-05,-0.006527235
-0.383903,-0.07354945,9.75866E-06,-0.001066667,-0.7056782,0.004274135,2.969312E-06,-0.004446384
-0.5331461,-0.07355059,-0.000141625,-0.001066667,-0.5878379,-0.07247217,0.0007414059,-0.001669108
-0.4650356,-0.07354973,7.116993E-05,-0.001066667,-0.6685321,-0.07390501,0.0001163086,-0.02006911
-0.6139733,-0.07355059,-0.000141335,-0.001066667,-0.6679543,-0.07220633,5.492521E-07,-0.003491361
-0.4647283,-0.07354943,9.689696E-06,-0.001066667,-0.6760455,-0.07354944,4.867693E-06,-0.001066667
-0.6035926,-0.07354975,7.081266E-05,-0.001066667,-0.6700167,-0.07355313,-0.0002563312,-0.001066672
-0.5536091,-0.07354973,7.066833E-05,-0.001066667,-0.6654207,-0.07273286,0.0003873071,-0.000424134
-0.5379717,-0.07354973,7.066867E-05,-0.001066667,-0.7135118,-0.0445121,5.948685E-05,-0.01882414
-0.5578868,-0.07354945,4.856315E-06,-0.001066667,-0.6164311,-0.07354991,0.0001021956,-0.001066657
-0.3386326,-0.07332177,5.357303E-05,-0.001016316,-0.6754993,-0.07354945,-4.884365E-06,-0.001066667
-0.4882461,-0.07354946,-2.372602E-05,-0.001066667,-0.686417,-0.0653949,9.110171E-05,0.008345788
-0.638316,-0.07354945,-9.743263E-06,-0.001066667,-0.67746,0.001987377,2.05257E-05,0.0003594328
-0.4885967,-0.07354957,4.64077E-05,-0.001066667,-0.7056506,-0.06076325,1.260796E-05,-0.008089717
-0.6116285,-0.07354974,7.072595E-05,-0.001066667,-0.7223553,-0.07289311,0.0002067484,-0.0005192767
-0.6077119,-0.07354948,2.315666E-05,-0.001066667,-0.665081,-0.07212707,8.756569E-05,0.001155697
-0.5440274,-0.07354973,7.078086E-05,-0.001066667,-0.6560289,0.07521912,0.0003792409,-0.005589353
-0.3950602,-0.07355363,0.0002773541,-0.001066667,-0.6541508,-0.05395824,3.497881E-06,-0.006805324
-0.5429716,-0.07355056,-0.0001403613,-0.001066667,-0.5591137,0.01205677,0.0001888865,-0.001397336
-0.3943785,-0.07355057,0.0001410082,-0.001066667,-0.5581739,-0.06918988,8.919916E-07,-0.0003493337
0.291,-0.061,0,0,-0.327,-0.065,0,0
0.291,-0.061,0,0,-0.327,-0.065,0,0
0.1417084,-0.07355104,-0.0001416711,-0.001066699,-0.2522822,-0.07065918,7.09038E-05,-0.006079234
0.1503156,-0.07392059,0.0005888244,-0.002759185,-0.5157865,-0.03816604,-0.001761515,-0.01229152
0.003954189,-0.07355055,-0.0001388904,-0.001066667,-0.4498346,-0.07309883,6.258528E-05,-0.0003083159
0.03455243,-0.06837737,0.0006896731,0.002874281,-0.7133803,-0.02696357,-0.001761554,-0.01163084
-0.1113072,-0.07355412,-0.0001384142,-0.002133739,-0.5730631,-0.07336479,0.0001333524,-0.0006865364
-0.09787972,-0.06684089,0.0006105527,-0.002986605,-0.6668735,-0.03632919,0.00088061,-0.01217675
-0.244133,-0.0735506,-0.0001387878,-0.00106667,-0.5134779,-0.07336918,0.0001458296,-0.001061891
-0.3941154,-0.07355058,-0.0001423264,-0.001066667,-0.6620439,-0.07355057,-0.0001409824,-0.001066667
-0.5384384,-0.07355056,7.117158E-05,-0.001066667,-0.5913111,-0.07086547,-3.511902E-05,-0.00202705
-0.340061,-0.07356808,0.0006607199,-0.001066666,-0.5556737,-0.03901676,0.0009871369,-0.01233826
-0.4306404,-0.07354973,6.927545E-05,-0.001066667,-0.6236746,0.05142534,0.0009706519,-0.007021674
-0.5795873,-0.07355057,-0.0001413439,-0.001066667,-0.4695526,-0.05706611,0.0001462548,0.001844582
-0.4309991,-0.07355058,0.0001410036,-0.001066667,-0.3944068,-0.002810721,7.159448E-05,-0.0005875953
0.06699739,-0.06739577,0.001668329,0.001857788,-0.2454356,-0.07121418,0.0002773616,-0.001346899
0.05131727,-0.07194329,0.0001143626,-0.001273122,-0.3487707,-0.07296987,-0.0008963992,-0.0005266254
0.1086559,-0.07154848,0.0008092503,-0.001206901,-0.6170887,-0.02728435,-0.001766083,-0.01164448
-0.03660866,-0.07355051,-0.0001378495,-0.001066666,-0.4767942,-0.07334496,0.000133331,-0.00068611
0.008995406,-0.0729216,0.0007587912,-0.0005197009,-0.7150341,-0.03632905,0.0008806101,-0.01217675
-0.1365202,-0.0730162,-0.0001380878,-0.0005333301,-0.5616386,-0.07336918,0.0001458296,-0.001061891
-0.09245297,-0.002195723,0.0007517146,-0.01017141,-0.6726168,-0.03636461,0.0008805807,-0.01217822
-0.2380038,-0.07259779,-0.0001381212,-0.006142852,-0.5192219,-0.07336918,0.0001458295,-0.001061893
0.291,-0.061,0,0,-0.327,-0.065,0,0
0.291,-0.061,0,0,-0.327,-0.065,0,0
0.1417084,-0.07355104,-0.0001416711,-0.001066699,0.0711111,0.06939992,0.0003777895,-0.01440001
0.5335392,-0.07354985,8.488323E-05,-0.001066667,0.222858,-0.0733479,9.858165E-06,-3.72529E-10
0.38467,-0.07355057,-0.0001412702,-0.001066667,-0.1151524,-0.07292338,-0.001286958,-0.0009749528
0.2346753,-0.0735506,-0.0001423382,-0.001066667,0.0277349,-0.07355048,0.0001355936,-0.001066666
0.08467525,-0.0735506,-0.0001423433,-0.001066667,-0.2204097,-0.06075053,-0.0002354781,-0.01946667
-0.06532475,-0.07355059,-0.0001423433,-0.001066667,-0.3221502,-0.07355109,-9.681079E-05,-0.001066745
-0.04452678,-0.07355107,0.0001634265,-0.001066674,-0.3844614,-0.07347273,-7.653394E-05,-0.003181428
-0.1884607,-0.07358351,-0.001049781,-0.001066667,-0.6503144,-0.04348708,-0.01071071,-0.003284802
-0.3429765,-0.07355066,-0.0001466285,-0.001066667,-0.649899,-0.07140232,3.970312E-07,-0.003104627
-0.4933451,-0.07354975,-7.289012E-05,-0.001066667,-0.6425892,0.3962335,0.0004123578,0.006688547
-0.3437854,-0.07354945,1.517486E-05,-0.001066667,-0.4906044,0.002120501,1.542091E-05,0.01185573
-0.4930016,-0.07355059,-0.0001415994,-0.001066667,-0.2417083,0.3250579,0.0002361913,-0.006544279
-0.1412092,-0.07363537,0.005999929,-0.001066667,-0.293482,0.007392654,-1.182343E-07,-0.01628751
-0.2606428,-0.07355018,-0.0001133372,-0.001066667,-0.04466317,-0.0703056,0.0002361178,-0.009056246
-0.111258,-0.07354943,9.698781E-06,-0.001066667,0.3562193,-0.0739051,2.603813E-05,-0.001216992
0.03874179,-0.07354943,9.738713E-06,-0.001066667,0.3563233,-0.073905,8.449861E-09,-0.001066667
0.1887418,-0.07354943,9.738724E-06,-0.001066667,0.4665138,-0.07356866,0.0001610482,-0.002134809
0.3387417,-0.07354944,9.738724E-06,-0.001066667,0.7010009,-0.07150052,-8.139103E-06,0.003266298
0.4887419,-0.07354944,9.738724E-06,-0.001066667,0.6781276,-0.06577788,-6.697117E-05,-0.0004247138
0.5977501,-0.07354973,-7.085853E-05,-0.001066667,0.6733519,-0.07118704,0.000271024,0.00495685
0.5612042,-0.07354943,-4.856284E-06,-0.001066667,0.5971994,0.03479607,-8.156943E-06,-0.0004784236
0.703947,-0.07354945,-4.866994E-06,-0.001066667,0.5609902,-0.05004383,-1.297943E-05,0.01223921
0.7025041,-0.07354952,-3.542351E-05,-0.001066667,0.5199786,0.2820973,-0.0001180286,-0.006160789
0.6333576,-0.07354945,-4.862033E-06,-0.001066667,0.5193888,-0.004092337,-3.830247E-08,-0.01131961
0.4833819,-0.07354945,-9.73714E-06,-0.001066667,0.278008,-0.07341754,-0.0001476741,-0.0007014718
0.3340419,-0.07355057,-0.000141717,-0.001066667,-0.1103285,-0.07053099,-0.001517852,-0.005799531
0.184045,-0.07355059,-0.0001423403,-0.001066667,0.2802292,-0.07319765,0.0003706217,0.007699768
0.291,-0.061,0,0,-0.327,-0.065,0,0
0.291,-0.061,0,0,-0.327,-0.065,0,0
0.1417084,-0.07355104,-0.0001416711,-0.001066699,-0.4205996,-0.07390501,-8.882808E-05,0.001515
-0.008288288,-0.0735506,-0.0001423401,-0.001066667,-0.2717499,-0.07355057,0.0001412516,-0.001066667
0.07189006,-0.07302569,0.0008947984,-0.0005334051,-0.4826612,0.118034,-0.001403394,-0.0030978
-0.07294873,-0.07301632,-0.0001374455,-0.0005333334,-0.3405644,-0.01984997,0.0001350437,-0.0032511
-0.07724059,-0.07278855,0.0004922381,-0.0004507753,-0.5451519,0.06751049,-0.001403379,-0.006043909
-0.2240827,-0.07301576,-0.0001393465,-0.0005333132,-0.7014274,-0.06968755,-0.0001482983,-0.01137805
-0.1641394,-0.07348761,0.0008248844,0.0001690598,-0.6640161,0.1539559,0.0005956268,-0.0008756453
-0.3093262,-0.07355053,-0.0001377756,-0.001066667,-0.7076822,-0.04801961,4.300766E-05,-0.02841565
-0.1182626,-0.01894991,0.001428972,-0.01115459,-0.5584536,-0.06760036,0.0001418742,-0.004703912
-0.1438221,-0.07390504,2.719106E-05,-0.001066834,-0.407793,-0.07354945,9.781606E-06,-0.001066667
-0.08016309,-0.07359201,0.0008116103,-0.001069156,-0.6166753,0.118034,-0.001403083,-0.0030978
-0.2254159,-0.07355053,-0.0001378383,-0.001066667,-0.4745768,-0.01984995,0.0001350452,-0.0032511
-0.1066221,-0.06919478,0.0009852108,-0.01413942,-0.6920546,0.06751049,-0.001403379,-0.006043909
-0.251011,-0.07316713,-0.0001370185,-0.0005645358,-0.5497466,-0.06968727,0.0001350438,-0.01137805
-0.2668018,-0.06080631,0.0004759079,0.00119598,-0.6889351,0.1539563,-0.001189916,-0.0008756453
-0.4143744,-0.0730174,-9.581122E-06,-0.0005333861,-0.6625801,-0.06322048,5.060857E-06,-0.0002189102
-0.3690756,-0.07294861,0.0006452667,-0.0005218216,-0.6447403,0.1193052,0.000701536,-0.002885861
-0.5157792,-0.07299555,-9.526163E-06,-0.0005333334,-0.491299,-0.002150393,9.963223E-06,-0.001859817
-0.3658754,-0.07301611,9.732472E-06,-0.0005333334,-0.5852541,-0.07241473,-6.100988E-06,-0.006149954
-0.5151187,-0.07301632,-0.0001416251,-0.0005333334,-0.5731416,0.1160205,0.0007369622,-0.003215506
-0.3665318,-0.07301632,0.0001410023,-0.0005333334,-0.7187657,-0.04148201,-0.0001381908,-0.005592248
0.291,-0.061,0,0,-0.327,-0.065,0,0
0.291,-0.061,0,0,-0.327,-0.065,0,0
0.1417084,-0.07355104,-0.0001416711,-0.001066699,-0.327,-0.07354006,0,-0.002132813
-0.008288288,-0.0735506,-0.0001423401,-0.001066667,-0.7225815,0.009672368,0.0001888948,-0.01653282
-0.1589511,-0.07354944,-9.781756E-06,-0.001066667,-0.6493463,-0.07349666,4.837131E-06,-0.0009958374
-0.3082915,-0.07355059,-0.0001417172,-0.001066667,-0.5612858,0.03700317,0.0001888833,-0.01539584
-0.4582884,-0.07355059,-0.0001423403,-0.001066667,-0.6806442,-0.05030704,0.0001176132,-0.004702079
-0.405744,-0.07078519,0.0001139235,-0.002023371,-0.699872,-0.05386228,6.867002E-05,0.003960315
-0.5549484,-0.07354945,-9.698593E-06,-0.001066667,-0.6108426,-0.0733178,-2.533644E-05,-0.001012685
-0.4889699,-0.07354974,7.085844E-05,-0.001066667,-0.7170179,-0.05922228,-0.0001179994,-0.01941269
-0.6379089,-0.07355057,-0.0001413364,-0.001066667,-0.7169148,-0.07280731,-0.0003281026,-0.0001264316
-0.6062703,-0.07354973,7.116926E-05,-0.001066667,-0.7058429,-0.06775849,-0.0003390579,0.005169658
-0.6133074,-0.07354945,4.856235E-06,-0.001066667,-0.6472301,0.007651305,6.462868E-06,0.01181517
-0.4639916,-0.07355058,0.000141694,-0.001066667,-0.647198,-0.05006521,3.052005E-08,0.003692414
-0.612578,-0.07355057,-0.0001410019,-0.001066667,-0.7004655,-0.06989389,-5.054843E-05,-0.007336208
-0.5909026,-0.07354944,4.890661E-06,-0.001066667,-0.5999936,-0.003449676,0.0001323927,-0.0003868382
-0.4409269,-0.07354944,9.737149E-06,-0.001066667,-0.1994616,-0.03736948,2.600447E-05,0.009793421
-0.2909269,-0.07354945,9.738724E-06,-0.001066667,-0.004689916,-0.05517712,0.0001847211,0.007085811
-0.1409269,-0.07354945,9.738724E-06,-0.001066667,0.08430044,-0.04299183,0.0001368996,0.001989667
0.008413285,-0.07355059,0.0001417171,-0.001066667,-0.1638377,0.04316013,-0.0002354719,-0.01641034
-0.1408297,-0.07354944,-9.689573E-06,-0.001066667,-0.5937356,0.1811329,-0.0002743519,-0.01113669
-0.2901696,-0.07355058,-0.0001417168,-0.001066667,-0.1969899,0.04825225,0.0003764938,-0.0255367
-0.1409266,-0.07354944,9.689573E-06,-0.001066667,-0.3450594,-0.06967469,-9.613383E-06,0.003792087
-0.29017,-0.07355057,-0.0001416253,-0.001066667,-0.7134575,0.1557353,0.0001889174,-0.01060792
-0.4401664,-0.0735506,-0.0001423399,-0.001066667,-0.6840035,-0.01559014,4.200492E-05,0.002513959
-0.5908171,-0.07354946,-1.22272E-05,-0.001066667,-0.6684061,-0.07354759,6.076207E-06,-0.001066448
-0.5570444,-0.07354944,4.869764E-06,-0.001066667,-0.6222886,-0.0616701,3.625224E-05,-0.02357167
-0.1277941,-0.07274988,9.639498E-05,-0.0004427246,-0.4723336,-0.07282791,9.747326E-06,-0.0005045768
-0.2772637,-0.07301609,-9.704283E-06,-0.000533333,-0.526961,-0.07356881,-3.571684E-06,-0.002134699
-0.319003,-0.07301615,7.085844E-05,-0.0005333333,-0.4601219,-0.06765668,-0.0001180508,0.007867351
0.291,-0.061,0,0,-0.327,-0.065,0,0
0.291,-0.061,0,0,-0.327,-0.065,0,0
0.1417084,-0.07355104,-0.0001416711,-0.001066699,-0.1777084,-0.07354025,0.0001416711,-0.002132813
0.2996372,-0.05356789,0.00127638,-0.01319087,-0.2941755,-0.0735846,-0.001085351,-0.001066655
0.1566973,-0.07337911,-0.0001356435,-0.002109446,-0.1502849,-0.0735505,0.0001365457,-0.001066667
0.09250788,-0.07273681,0.0002534818,-0.0004204717,-0.2667775,-0.07358698,-0.001085376,-0.001066846
0.1736856,-0.07360109,0.0009155671,-0.001069453,-0.3893509,-0.07358717,-0.001091146,-0.001066846
0.02895012,-0.07355053,-0.0001373474,-0.001066667,-0.2454893,-0.0735505,0.0001365182,-0.001066667
-0.0007138425,-0.07355619,0.0003710333,-0.00106664,-0.4157211,-0.07359388,-0.001298849,-0.001066846
-0.03657804,-0.07355675,0.0003741739,-0.001066669,-0.5393568,-0.07358721,-0.001092154,-0.001066846
-0.1840077,-0.07355057,-0.0001399041,-0.001066667,-0.3955001,-0.07355049,0.0001365135,-0.001066667
-0.08425883,-0.07357328,0.0007924187,-0.001066646,-0.6258143,-0.07359388,-0.001298849,-0.001066846
-0.2296071,-0.07355051,-0.000137929,-0.001066667,-0.4829862,-0.07355048,0.0001355374,-0.001066667
-0.2289428,-0.07366585,0.0004334795,-0.001096537,-0.6655697,-0.07359385,-0.001298847,-0.001066846
-0.3760774,-0.07355056,-0.000139624,-0.001066667,-0.674334,-0.07354976,7.390235E-05,-0.001066667
-0.5260638,-0.0735506,-0.0001423304,-0.001066667,-0.5847877,-0.07352962,0.0006421355,-0.001061174
-0.4639998,-0.07354973,7.117158E-05,-0.001066667,-0.5863227,-0.07357126,0.000683165,-0.001066846
0.291,-0.061,0,0,-0.327,-0.065,0,0
0.291,-0.061,0,0,-0.327,-0.065,0,0
0.1417084,-0.07355104,-0.0001416711,-0.001066699,0.0711111,0.06939992,0.0003777895,-0.01440001
0.2909517,-0.07354944,9.689587E-06,-0.001066667,0.07298501,-0.07334845,1.225998E-07,-3.72529E-10
0.1417083,-0.07355058,-0.0001416253,-0.001066667,-0.3206766,-0.07359074,-0.001267571,-0.001066667
-0.008288187,-0.07355058,-0.0001423399,-0.001066667,-0.4762763,-0.07355069,-0.000147657,-0.001066667
-0.1582882,-0.0735506,-0.0001423433,-0.001066667,-0.6263029,-0.07355059,-0.0001423683,-0.001066667
-0.3082882,-0.0735506,-0.0001423433,-0.001066667,-0.6470965,-0.06075064,0.0001183954,-0.01946667
-0.4212228,-0.07321714,3.293294E-05,-0.0009114794,-0.7171786,-0.07304902,-7.32935E-05,-0.000538053
-0.5703506,-0.07355059,-0.0001415155,-0.001066667,-0.6296034,0.02144008,0.0004454058,-0.008812866
-0.4217631,-0.07355057,0.0001410027,-0.001066667,-0.2292758,-0.05566879,0.0003798929,-0.02321287
-0.3412649,-0.07354945,-4.890661E-06,-0.001066667,-0.1981979,-0.07390527,5.782747E-05,-0.001110337
-0.3585167,-0.07354943,-4.866989E-06,-0.001066667,-0.092871,-0.03231872,1.297137E-05,0.0005551707
-0.2085897,-0.07354944,9.733982E-06,-0.001066667,0.06621575,-0.06082129,0.0001509088,-0.003857426
-0.3647043,-0.0731975,-8.330885E-05,-0.0005648404,-0.02737492,-0.07354884,4.843295E-06,-0.002133311
-0.2158272,-0.07301654,0.0001412777,-0.0005333411,0.2312816,-0.07358852,0.001191633,-0.001066678
-0.06516974,-0.07301611,9.781409E-06,-0.0005333334,0.1284405,-0.04853833,0.0001180788,0.006696869
0.08483048,-0.07301611,9.738736E-06,-0.0005333334,0.2877427,-0.07355143,0.0001506948,-0.001066716
0.1690666,-0.07301611,-4.869362E-06,-0.0005333334,0.4817834,0.1980117,0.0002231287,-0.008804404
0.291,-0.061,0,0,-0.327,-0.065,0,0
0.291,-0.061,0,0,-0.327,-0.065,0,0
0.1417084,-0.07355104,-0.0001416711,-0.001066699,-0.3881142,-0.07381286,-5.84008E-05,-0.00315375
-0.008288288,-0.0735506,-0.0001423401,-0.001066667,-0.5376965,-0.0735506,-0.0001419469,-0.001066667
-0.1582883,-0.0735506,-0.0001423433,-0.001066667,-0.5998386,-0.07368311,-5.907112E-05,-0.002147448
-0.08344784,-0.03257122,0.0008935754,-0.01195724,-0.7049522,-0.07355209,-0.001029387,-0.001055798
-0.2282552,-0.07390527,-0.0001374513,-0.0004473274,-0.5607831,-0.07355051,0.0001368099,-0.001066667
-0.2432626,0.02113697,0.000479526,-0.008823257,-0.6649219,-0.0729524,-0.001028462,-0.0005217234
-0.2436937,0.05906988,0.0005348453,-0.006577491,-0.6977239,-0.073402,0.0005169823,-0.002113413
-0.3903238,-0.06692495,-0.0001391453,0.001955628,-0.5458595,-0.07354964,0.0001441124,-0.002133328
-0.2768787,-0.07356735,0.000633881,-0.001066693,-0.6862624,-0.07356711,0.0006209773,-0.00122322
-0.2752837,-0.05417836,0.0005419764,-0.01322954,-0.6910025,-0.07294415,0.0005130876,-0.0005217043
-0.4217626,-0.07336611,-0.0001391117,-0.002109144,-0.7101659,-0.073348,2.79889E-05,-0.001042897
-0.5677239,-0.07354887,7.1164E-05,-0.002133328,-0.6240626,-0.07354857,-0.0002854111,-0.001066169
-0.5022844,-0.07354943,4.856235E-06,-0.002133333,-0.6635698,-0.07349674,7.586471E-05,-0.003551453
-0.3142535,-0.07357914,0.0009875515,-0.001066463,-0.6353934,-0.07354376,0.0006208967,-0.001064009
-0.3215017,-0.07356124,0.0004947938,-0.001066666,-0.7164368,-0.0729421,0.0005130879,-0.0005217238
0.291,-0.061,0,0,-0.327,-0.065,0,0
0.291,-0.061,0,0,-0.327,-0.065,0,0
0.1417084,-0.07355104,-0.0001416711,-0.001066699,-0.327,-0.07354006,0,-0.002132813
-0.008288288,-0.0735506,-0.0001423401,-0.001066667,-0.5758194,-0.06769372,-0.0002361185,0.007866408
-0.1582883,-0.0735506,-0.0001423433,-0.001066667,-0.6519829,-0.0574075,-7.227566E-05,0.006116798
-0.3082883,-0.0735506,-0.0001423433,-0.001066667,-0.6841811,-0.07285827,7.100619E-05,-0.0004911499
-0.4582882,-0.0735506,-0.0001423433,-0.001066667,-0.6768675,-0.07233265,0.0003066799,-0.001595753
-0.608951,-0.07354945,-9.781756E-06,-0.001066667,-0.6980856,-0.07354973,4.563522E-05,-0.001066677
-0.5924343,-0.07354945,4.869368E-06,-0.001066667,-0.6440848,-0.07390518,-4.592102E-05,-0.00111002
-0.5197966,-0.07354944,4.866991E-06,-0.001066667,-0.6921162,-0.07354958,-4.542065E-05,-0.001066667
-0.6152619,-0.07354943,4.866991E-06,-0.001066667,-0.6655068,-0.07388832,-3.634806E-05,-0.002197235
-0.5406367,-0.07354949,2.900952E-05,-0.001066667,-0.623075,-0.06530836,-0.0001867126,-0.003488426
-0.6506867,-0.07354973,7.076705E-05,-0.001066667,-0.7142966,-0.06538102,-8.337475E-05,-0.002868874
-0.5961665,-0.07354944,7.587966E-06,-0.001066667,-0.7142133,-0.07349885,2.011476E-05,-0.002129351
-0.6234058,-0.07354973,7.081762E-05,-0.001066667,-0.7077064,0.05088729,0.0002163086,-0.007028269
-0.4731006,-0.07354945,9.758544E-06,-0.001066667,-0.7066253,-0.07315536,7.01962E-08,-0.004521467
0.291,-0.061,0,0,-0.327,-0.065,0,0
0.291,-0.061,0,0,-0.327,-0.065,0,0
0.1417084,-0.07355104,-0.0001416711,-0.001066699,-0.1777084,-0.07354025,0.0001416711,-0.002132813
0.1038514,-0.07304984,0.0003743264,0.004858226,-0.3842037,-0.06210565,-0.001500143,0.00110266
-0.04357752,-0.07354766,-0.0001399034,-0.001066413,-0.5409606,-0.07306201,-0.0001487553,-0.0005394427
-0.1935654,-0.07355058,-0.0001423317,-0.001066667,-0.5535733,0.02234777,-1.207553E-05,-0.01602566
-0.1605193,-0.07354699,0.0007015698,-0.00100761,-0.7048116,-0.07236601,0.0007504345,-4.020175E-05
-0.3063197,-0.07355054,-0.000138358,-0.001066667,-0.5517856,-0.07355064,0.0001452149,-0.001066667
-0.2815793,-0.07350852,0.0005649891,-0.002129444,-0.6638954,-0.06450363,0.0008568306,0.0009693187
-0.4280594,-0.07354973,-0.000139003,-0.002133333,-0.6715617,0.06720766,-7.326785E-06,-0.0145169
-0.3268298,-0.07291131,0.0009232137,-0.0005173536,-0.6027666,0.0996461,0.0008566507,-0.00401352
-0.4715272,-0.07301618,-0.0001373113,-0.0005333295,-0.7111929,-0.05011845,6.881283E-05,-0.007593242
-0.4175638,-0.07357025,0.0006721118,-0.002141989,-0.580321,-0.0644538,0.0008567404,0.002985141
-0.2458063,-0.06742647,6.189245E-05,-0.008039326,-0.5630794,-0.07354672,-5.006796E-06,-0.002133216
-0.1644381,-0.07390527,6.20373E-05,-0.001067401,-0.6346476,-0.07355139,-0.0002004544,-0.001066646
-0.3134211,-0.07355057,-0.0001413781,-0.001066667,-0.6927623,-0.07354973,7.130885E-05,-0.001066667
-0.4634162,-0.07355059,-0.0001423387,-0.001066667,-0.7043923,0.009181008,-1.103631E-05,-0.01655289
-0.3288153,-0.07353584,0.001084411,-0.001059489,-0.5845581,-0.07328936,0.0008566462,-0.005494905
-0.4727105,-0.07355051,-0.0001365501,-0.001066667,-0.5921465,-0.0649299,-7.327655E-06,0.005690562
-0.1674931,-0.07187951,0.000862561,0.001032587,-0.4430684,-0.07276282,0.0001416365,-0.00174434
0.291,-0.061,0,0,-0.327,-0.065,0,0
0.291,-0.061,0,0,-0.327,-0.065,0,0
0.1417084,-0.07355104,-0.0001416711,-0.001066699,-0.327,-0.07354006,0,-0.002132813
-0.008288288,-0.0735506,-0.0001423401,-0.001066667,-0.327,-0.07354943,0,-0.002133333
-0.1582883,-0.0735506,-0.0001423433,-0.001066667,-0.4931818,-0.01805408,-0.0007656574,-0.01116694
-0.3089511,-0.07354943,-9.781756E-06,-0.001066667,-0.6002919,-0.07390501,-6.959741E-06,-0.001069733
-0.4589515,-0.07354944,-9.738736E-06,-0.001066667,-0.7098579,-0.07354945,4.868911E-06,-0.001066667
-0.6089517,-0.07354944,-9.738724E-06,-0.001066667,-0.7097062,-0.06825759,-9.115382E-05,0.005513656
-0.61007,-0.07354944,4.869362E-06,-0.001066667,-0.6695379,-0.0736735,-4.082983E-05,-0.002196851
-0.5098801,0.04671721,0.002147275,0.001333331,-0.7233806,0.0380599,-0.001013684,0.0005720619
-0.5607597,-0.06154951,6.576541E-05,-0.007866667,-0.7020895,0.09018932,-0.0001156657,-0.01782794
-0.4111407,-0.07353268,0.0001419816,-0.002131511,-0.6873981,-0.06849701,4.419639E-05,-0.01085603
-0.4763424,-0.07354945,7.050027E-05,-0.002133333,-0.6048023,-0.07301864,-0.0001181636,-0.0006285021
-0.5198441,-0.07354952,7.066906E-05,-0.002133333,-0.6589921,0.1309499,0.0005685247,-0.002375542
-0.3697235,-0.07301615,4.653214E-05,-0.0005333334,-0.506386,-0.03548722,4.730254E-05,-0.009212231
-0.425374,-0.07301643,0.0001726701,-0.0005333334,-0.6694199,-0.07209893,-0.001899033,0.000304354
-0.5738064,-0.07301633,-0.0001408557,-0.0005333334,-0.7054086,-0.06697623,-3.415165E-05,0.007926326
-0.6211887,-0.07301616,7.116811E-05,-0.0005333334,-0.7111534,-0.06417125,0.0002138248,-0.001469034
-0.6000192,-0.07301612,4.856235E-06,-0.0005333334,-0.6916666,-0.03072918,3.236514E-06,0.0007345189
-0.5873722,-0.07301612,4.866994E-06,-0.0005333334,-0.6633191,-0.070893,7.224861E-05,4.828982E-05
-0.5515088,-0.07301615,7.082403E-05,-0.0005333334,-0.6926568,-0.03133409,5.91149E-05,-0.01835172
-0.5381936,-0.07301612,4.856288E-06,-0.0005333334,-0.6478686,-0.07192729,7.184762E-05,0.007980762
-0.3677995,-0.07301734,0.0001381224,-0.0005333755,-0.6708213,-0.0643309,7.360723E-05,0.005782048
-0.5164039,-0.07301632,-0.0001410188,-0.0005333334,-0.2723439,0.2088381,0.0003781372,-0.008617958
-0.3209186,-0.07355994,-0.0004285717,-0.002133333,-0.2704533,-0.07280897,4.317566E-09,-0.0004346556
0.291,-0.061,0,0,-0.327,-0.065,0,0
0.291,-0.061,0,0,-0.327,-0.065,0,0
0.1417084,-0.07355104,-0.0001416711,-0.001066699,-0.1777084,-0.07354025,0.0001416711,-0.002132813
0.2885255,0.1765401,0.001225185,0.0003162328,-0.2411859,-0.01978399,-0.00084121,-0.01126495
0.1453308,-0.01812237,-0.0001358853,0.004641883,-0.3946141,-0.0735788,-0.0001456436,-0.001074493
-0.004236796,-0.07282837,-0.0002223637,0.001960471,-0.4597583,-0.07356115,-9.692676E-05,-0.00106865
-0.1546351,-0.07300992,-0.0001427212,-0.0005329886,-0.5248271,-0.07355339,-6.180308E-05,-0.001067157
-0.1104858,-0.06949315,0.0007524429,0.002812316,-0.5893172,-0.02940693,-0.0008421711,-0.01179831
-0.01530381,-0.06192497,0.0009710056,-0.0008840451,-0.6576908,0.04214922,-0.000845856,-0.008832493
-0.1597634,-0.07355057,-0.0001370856,-0.00106667,-0.5126085,-0.06668458,0.0001376766,0.002591878
-0.3097373,-0.07355059,-0.0001423184,-0.001066667,-0.5765685,-0.07034856,-6.06952E-05,0.0001229692
-0.4597371,-0.0735506,-0.0001423431,-0.001066667,-0.6575089,-0.04903529,0.0005225911,-0.01430868
-0.6097371,-0.0735506,-0.0001423433,-0.001066667,-0.6690558,-0.05847364,-0.0002606069,-0.01372731
-0.2652069,-0.07194032,0.001376703,-0.00497304,-0.6145926,-0.02336246,0.0005268852,-0.01266799
-0.4076476,-0.07355047,-0.0001351697,-0.001066666,-0.6762835,-0.07335685,-5.88572E-05,-0.001051437
-0.1432809,-0.07368408,0.001723463,-0.0003421134,-0.6834015,-0.02939231,0.0005271232,-0.01179843
-0.283996,-0.07355046,-0.0001335322,-0.001066667,-0.5314866,-0.07321616,0.0001441603,-0.0004374019
-0.1695152,0.08939409,0.0009713245,-0.004810666,-0.6758246,-0.04777776,-0.001054726,-0.01287697
-0.3139732,-0.03546991,-0.0001370841,-0.007194668,-0.5317818,-0.073299,0.0001366902,-0.002076203
-0.1252645,-0.07165892,0.001245352,-0.001058238,-0.7021261,-0.01966313,-0.001054708,-0.01126141
-0.2683588,-0.07301908,-0.00013579,-0.0005334616,-0.5581237,-0.07292394,0.0001366904,0.0001961621
-0.418989,-0.07301611,-9.779631E-06,-0.0005333334,-0.7073919,-0.07354943,-9.691204E-06,-0.001066667
0.291,-0.061,0,0,-0.327,-0.065,0,0
0.291,-0.061,0,0,-0.327,-0.065,0,0
0.1417084,-0.07355104,-0.0001416711,-0.001066699,-0.5758194,-0.02660005,-0.0002361185,-0.0184
-0.008288288,-0.0735506,-0.0001423401,-0.001066667,-0.3282697,-0.07390665,0.0002350034,-0.0008000002
-0.1589045,-0.07354947,-1.910499E-05,-0.001066667,-0.4770004,-0.07354947,-1.886583E-05,-0.001066667
-0.1938718,-0.07354949,2.903271E-05,-0.001066667,-0.3842336,-0.0363697,-7.735306E-05,-0.02186667
-0.330236,-0.07354972,7.076697E-05,-0.001066667,-0.3846176,-0.06945454,-3.652897E-07,-0.006666668
-0.2621887,-0.07354973,7.066842E-05,-0.001066667,-0.5644332,-0.06573019,-0.0001888939,0.005733336
-0.4111288,-0.07355057,-0.0001413373,-0.001066667,-0.5795577,-0.07347909,0.001026746,-0.001043548
-0.5611237,-0.07355059,-0.0001423385,-0.001066667,-0.6733821,-0.0601243,0.0001156349,-0.01944355
-0.5790491,-0.07354973,7.117163E-05,-0.001066667,-0.6708154,-0.03565698,0.000358095,-0.01134046
-0.5665425,-0.07354973,7.066748E-05,-0.001066667,-0.5834896,0.05813842,0.0007685461,-0.006243802
-0.4162381,-0.07354945,9.758494E-06,-0.001066667,-0.429846,-0.003201819,9.984973E-06,-0.002144055
-0.2668979,-0.07355059,0.0001417171,-0.001066667,-0.4297964,-0.07315142,4.715271E-08,-0.0001340035
-0.4159583,-0.07354956,-4.620348E-05,-0.001066667,-0.6124058,-0.07321811,0.0002949973,0.001106388
-0.5644573,-0.07355576,-0.0003464093,-0.001066667,-0.5870143,0.03153443,0.002237893,-0.003052089
-0.416476,-0.07354964,5.735841E-05,-0.001066667,-0.7223982,-0.07254586,2.684988E-05,-0.004763022
-0.5648083,-0.07355361,-0.0002761722,-0.001066667,-0.5257128,-0.002895815,0.0003688112,0.004781513
-0.4162373,-0.07354945,9.645938E-06,-0.001066667,-0.6231474,0.02523847,1.292091E-05,-0.02881849
-0.5661404,-0.07354943,-9.732431E-06,-0.001066667,-0.6315118,-0.05409464,0.0001187256,-0.001396627
-0.5140474,-0.07354944,4.869362E-06,-0.001066667,-0.6507508,-0.07353542,7.298266E-05,-0.002128982
-0.5019969,-0.07354973,7.082403E-05,-0.001066667,-0.7025139,0.009768927,9.453352E-05,-0.01652899
-0.5768356,0.01899954,-0.00140654,-0.001186431,-0.6902714,-0.0559536,0.0008172168,0.001944493
-0.6017039,-0.06619711,7.415663E-05,-0.0002966074,-0.72079,0.02911418,2.903241E-05,-0.01645551
-0.4520431,-0.07355066,0.0001420213,-0.001066671,-0.6500465,-0.0592818,7.076697E-05,0.001886123
-0.600628,-0.07355058,-0.0001410004,-0.001066667,-0.7045371,0.2636959,0.0002563857,0.005280635
-0.4513813,-0.07354943,9.689806E-06,-0.001066667,-0.7032558,0.007843165,8.320195E-08,-0.002640318
-0.5872205,-0.07354973,7.081266E-05,-0.001066667,-0.6614776,0.02866948,-0.000306862,-0.007492115
-0.7165896,-0.07354943,4.856292E-06,-0.001066667,-0.5131789,-0.07390501,9.635982E-06,-0.001069407
-0.5672737,-0.07355059,0.000141694,-0.001066667,-0.4631079,0.03482914,0.000188872,-0.01546941
-0.634189,0.1024494,-0.001409868,-0.001066671,-0.3174744,-0.03626326,0.001062177,-0.004265295
-0.2585204,0.277916,0.003456431,0.0005333248,-0.389892,-0.06278961,-0.0006662962,0.001452647
-0.3911952,-0.007415316,-8.613886E-06,-0.007466664,-0.2432711,-0.07354945,9.519338E-06,-0.001066667
-0.5359589,0.05306227,-5.39687E-05,-0.01987291,-0.2340788,-0.07354943,4.866236E-06,-0.001066667
-0.2248641,-0.0733692,0.0002745427,-0.0009830608,-0.1741513,-0.07301626,1.377003E-07,-0.0005333388
-0.2992739,-0.07354974,-7.148379E-05,-0.001066667,0.0746688,-0.04741646,0.0002361191,-0.01893334
0.02397585,-0.07362328,0.001392034,-0.001066667,0.07584666,-0.073905,2.696007E-09,-0.001066667
-0.05182245,-0.07354943,-5.093652E-06,-0.001066667,0.2535602,-0.03310492,1.298075E-05,0.0005333353
0.0981034,-0.07354944,9.733909E-06,-0.001066667,0.5035439,-0.02710501,1.623015E-05,-0.0006666662
0.4506525,-0.07363537,0.005999932,-0.001066667,0.6076997,-0.06947167,-4.568124E-07,0.005833333
0.291,-0.061,0,0,-0.327,-0.065,0,0
0.291,-0.061,0,0,-0.327,-0.065,0,0
0.1417084,-0.07355104,-0.0001416711,-0.001066699,-0.1777084,-0.07354025,0.0001416711,-0.002132813
0.1508022,-0.07358716,0.0005906453,-0.00106941,-0.3535981,-0.06452557,-0.001359132,-0.002851162
0.004449826,-0.07355054,-0.0001388818,-0.001066667,-0.414343,-0.07336608,-5.794844E-05,-0.001060695
-0.145533,-0.0735506,-0.0001423269,-0.001066667,-0.5639229,-0.0735506,-0.0001419447,-0.001066667
-0.06208747,-0.06188688,0.0009332215,0.001124213,-0.7144559,-0.06692415,0.0006802359,-0.002984504
-0.206735,-0.07306136,-0.000137264,-0.0005393585,-0.5617793,-0.07355069,0.0001448834,-0.00106667
-0.1604509,-0.07284931,0.000761914,-0.002687544,-0.7162414,-0.06692418,0.0006795587,-0.002984504
-0.3059509,-0.07355285,-0.000138073,-0.002133469,-0.5635681,-0.07355069,0.0001448802,-0.00106667
-0.2757712,-0.07245018,4.029161E-05,-0.0001055645,-0.6849339,-0.07354928,-0.0001963766,-0.002133298
-0.2851576,-0.07303032,0.0005021877,-0.000534104,-0.6537449,-0.06451789,0.0006803643,-0.00285117
-0.1981511,-0.06269997,0.0009378943,0.003209489,-0.6715202,-0.07385945,0.000678294,-0.005096036
-0.1370223,-0.06891964,0.0008107348,0.005090298,-0.6626291,-0.06491081,0.0006782991,-0.001036339
-0.2819081,-0.07390633,-0.0001378425,-0.001078692,-0.509962,-0.07355046,0.0001448742,-0.001066655
-0.4318858,-0.07355058,-0.000142322,-0.001066667,-0.6402846,-0.0653692,0.0007761593,0.0029905
-0.5818856,-0.0735506,-0.0001423431,-0.001066667,-0.6486259,-0.07271017,-0.0003581175,-0.001254176
0.291,-0.061,0,0,-0.327,-0.065,0,0
0.291,-0.061,0,0,-0.327,-0.065,0,0
0.1417084,-0.07355104,-0.0001416711,-0.001066699,-0.327,-0.07354006,0,-0.002132813
-0.008288288,-0.0735506,-0.0001423401,-0.001066667,0.0711111,0.009672368,0.0003777895,-0.01653282
0.1409516,-0.07354944,9.689372E-06,-0.001066667,-0.0769519,-0.07105409,-9.612962E-06,-0.002233301
-0.008291855,-0.07355057,-0.0001416253,-0.001066667,-0.2700368,-0.07354225,-0.0006113133,-0.001062464
-0.08407868,-0.07354973,7.116993E-05,-0.001066667,-0.2089061,-0.06064144,-0.0001166158,-0.01946247
-0.2336469,-0.07354945,-1.517573E-05,-0.001066667,-0.4955171,-0.05840387,-8.124647E-05,0.004582539
-0.1744761,-0.07370045,0.0007969152,-0.001097501,-0.6238211,-0.07363563,-0.001017096,-0.00107597
-0.3163816,-0.07357479,-0.0008219942,-0.001066667,-0.6287636,-0.0735495,-2.862871E-05,-0.001066667
-0.4697637,-0.07355066,-0.0001455528,-0.001066667,-0.6551434,0.0538749,0.0005318455,-0.006870013
-0.6204425,-0.07354944,-9.782798E-06,-0.001066667,-0.5026488,-0.07213782,9.908158E-06,0.0004706243
-0.5938263,-0.07354943,-4.866194E-06,-0.001066667,-0.411694,-0.0732,8.627377E-05,-0.0005678294
-0.4445589,-0.07355058,0.0001416481,-0.001066667,-0.06051396,0.06145912,0.001070271,-0.006456303
-0.06147397,0.1019161,0.003524668,0.0005333293,-0.05539797,-0.04759293,4.707101E-05,0.002428151
-0.2836306,0.2437826,-0.002044007,-0.001866674,0.3272349,0.1768011,0.003520509,0.004028148
-0.01634631,-0.06682899,0.005999145,0.004733332,0.4393955,0.01830494,2.385647E-06,-0.001074074
0.1630024,-0.07393102,1.16824E-05,-0.003206511,0.4382238,-0.0675943,-7.874299E-08,-0.01128189
0.3123389,-0.07399996,9.739355E-06,-0.003200002,0.4028465,-0.07379243,4.127957E-05,-0.002197389
0.163317,-0.07399996,-0.0001416251,-0.003200001,0.5523437,-0.07355022,0.000141866,-0.002133349
0.3121249,-0.07399996,9.689603E-06,-0.003200001,0.5530528,-0.07354943,4.603819E-08,-0.002133334
0.4612434,-0.07399996,0.0001417168,-0.003200001,0.5947458,-0.07356507,-0.0005941316,-0.00106665
0.4355629,-0.07399996,-4.890775E-06,-0.003200001,0.6801592,-0.04563801,-6.554474E-05,0.00681821
0.2011649,0.08466395,-0.001529356,-0.005160948,0.6143602,-0.07163335,7.099029E-05,-0.003095448
0.3434719,-0.07290207,9.239257E-06,-0.003554882,0.5522307,-0.03367041,-1.299227E-05,-0.003252275
0.291,-0.061,0,0,-0.327,-0.065,0,0
0.291,-0.061,0,0,-0.327,-0.065,0,0
0.1410487,-0.07354944,-9.735565E-06,-0.001066667,-0.1770487,-0.0735492,9.735565E-06,-0.002133325
-0.008291407,-0.07355058,-0.000141717,-0.001066667,-0.195781,-0.05972233,-1.777615E-05,-0.004101643
-0.1582883,-0.07355059,-0.0001423403,-0.001066667,-0.575294,-0.07294095,-0.001202057,-0.00052053
-0.3082883,-0.07355058,-0.0001423433,-0.001066667,-0.7197354,-0.07301567,7.36738E-05,-0.0005333303
-0.4582883,-0.0735506,-0.0001423433,-0.001066667,-0.7160531,-0.05273122,8.737106E-06,-0.0001016395
-0.6082883,-0.0735506,-0.0001423433,-0.001066667,-0.7177215,-0.05131153,8.890434E-06,0.004482515
-0.3944172,-0.07355021,6.20374E-05,-0.001066707,-0.7105374,-0.07353779,2.434612E-06,-0.002132657
-0.5434,-0.07355057,-0.0001413781,-0.001066667,-0.7204576,-0.05973604,8.905316E-06,-0.004101977
-0.2437097,0.05709033,0.001611898,-0.006710937,-0.6128846,-0.07293194,0.0005655795,-0.0005205313
-0.3849799,-0.06822062,-0.0001340591,0.001922266,-0.4607783,-0.07301623,0.0001443419,-0.0005333303
-0.2028042,-0.06610974,0.0007426464,0.0008812036,-0.7037017,-0.07356524,0.0005657392,-0.001066749
-0.3484001,-0.07354732,-0.000138164,-0.001066352,-0.5515946,-0.07355063,0.0001443427,-0.001066667
-0.2107193,-0.0711742,0.0009097216,-0.004928079,-0.715449,-0.07356628,0.0005657392,-0.001066827
-0.3554838,-0.07301462,-0.000137375,-0.0005332344,-0.563342,-0.07355063,0.0001443427,-0.001066667
-0.5054591,-0.07301631,-0.0001423198,-0.0005333333,-0.5814046,-0.05812151,-1.714049E-05,-0.002234972
-0.2257918,-0.07354994,8.024459E-05,-0.001066674,-0.6531141,-0.0730155,-4.865E-06,-0.0005333105
-0.1875726,-0.07194347,0.0007207956,0.0004034732,-0.7180086,-0.07356022,0.0004593271,-0.001066749
-0.3332774,-0.07355054,-0.0001382672,-0.001066667,-0.5664312,-0.07355063,0.0001438402,-0.001066667
-0.4832572,-0.07355059,-0.000142324,-0.001066667,-0.6124266,-0.07356749,0.0006006471,-0.001066827
-0.5384758,-0.07354973,7.117158E-05,-0.001066667,-0.6282185,-0.05811115,-1.498565E-05,-0.002234892
-0.232542,-0.05663845,0.001413991,-0.01337073,-0.6258022,-0.07358315,0.0005655512,-0.001069187
-0.3747971,-0.07337476,-0.0001349937,-0.002935671,-0.6417686,-0.05807499,-1.515139E-05,-0.002233712
-0.4013184,-0.07190777,0.0003888661,-0.004971331,-0.691013,-0.07358305,0.000565551,-0.001069186
-0.2442533,-0.06338737,0.001262742,0.003156774,-0.700477,-0.0735617,0.0004579803,-0.001066827
0.291,-0.061,0,0,-0.327,-0.065,0,0
0.291,-0.061,0,0,-0.327,-0.065,0,0
0.1417084,-0.07355104,-0.0001416711,-0.001066699,-0.5758194,-0.02660005,-0.0002361185,-0.0184
-0.008288288,-0.0735506,-0.0001423401,-0.001066667,-0.5769945,-0.07287878,-1.115039E-06,-0.007000001
-0.1582883,-0.0735506,-0.0001423433,-0.001066667,-0.7219082,-0.073571,7.083816E-05,-0.002134961
-0.3082883,-0.0735506,-0.0001423433,-0.001066667,-0.5251685,0.009589863,0.0001887275,-0.01653497
-0.4589511,-0.07354945,-9.781756E-06,-0.001066667,-0.6151468,-0.07048904,4.599002E-05,-0.00771484
-0.3229366,0.01072616,0.0007337338,-0.009438338,-0.6566474,-0.07355961,0.0005996634,-0.002133794
-0.4683069,-0.07221243,-0.0001382061,-0.004759585,-0.4048438,-0.06767216,0.0002389502,0.007866899
-0.5228919,-0.07301605,-4.845357E-06,-0.0005333312,-0.21789,0.07153606,1.294198E-05,-0.02573311
-0.3729649,-0.0730161,9.733993E-06,-0.0005333333,-0.1569225,-0.05832223,0.0001399962,0.006908377
-0.2236248,-0.07301632,0.000141717,-0.0005333333,0.260777,-0.02165824,0.001921938,-0.01028788
0.1295841,-0.07362209,0.005999933,-0.002133334,0.3578647,-0.07337167,2.224788E-07,-0.001066667
0.01020767,-0.07355131,-0.0001831797,-0.001066666,0.5765512,-0.07354276,0.0002463566,-0.001065417
0.1592434,-0.07354945,9.676117E-06,-0.001066667,0.5777825,-0.07354943,7.994734E-08,-0.001066667
0.3092431,-0.07354945,9.738704E-06,-0.001066667,0.5777828,-0.07354943,2.594442E-11,-0.001066667
0.4585833,-0.07355059,0.0001417171,-0.001066667,0.6959602,-0.07354973,-7.083554E-05,-0.001066667
0.6085803,-0.07355059,0.0001423403,-0.001066667,0.5872928,0.01079439,-0.000117892,0.0001333345
0.679875,-0.07354943,-4.890878E-06,-0.001066667,0.1868334,-0.04905462,-2.599976E-05,0.01193334
0.5305591,-0.07355057,-0.0001416942,-0.001066667,0.3359956,-0.05913035,0.0001415483,-0.003566667
0.3798996,-0.07354944,-9.781547E-06,-0.001066667,0.1867519,-0.07354945,-9.689628E-06,-0.001066667
0.3424993,-0.07354944,1.486013E-05,-0.001066667,0.008518902,-0.07358007,-0.0002122969,-0.001072294
0.1927592,-0.07354953,-3.711983E-05,-0.001066667,-0.2422318,-0.04598303,-6.215985E-05,0.0001361478
0.04328286,-0.07355059,-0.0001418463,-0.001066667,-0.2424706,-0.07298405,-2.935417E-07,-0.0005260637
-0.1067147,-0.0735506,-0.000142341,-0.001066667,-0.5646699,0.03180027,-0.001484479,-0.008202351
-0.257062,-0.07354975,-7.287976E-05,-0.001066667,-0.6807083,0.1099548,-0.0005335329,-0.008341452
-0.4063171,-0.07355218,-0.0002218988,-0.001066667,-0.5447968,0.08484285,0.0002971164,-0.01954146
-0.2581297,-0.07355057,0.0001406232,-0.001066667,-0.5433288,-0.06535221,1.403093E-06,-0.01422928
-0.4067217,-0.07355057,-0.000141007,-0.001066667,-0.6840462,-0.07283322,0.0005961485,-0.0005026882
0.291,-0.061,0,0,-0.327,-0.065,0,0
0.291,-0.061,0,0,-0.327,-0.065,0,0
0.1417084,-0.07355104,-0.0001416711,-0.001066699,-0.4762917,-0.07354024,-0.0001416711,-0.002132813
-0.008288288,-0.0735506,-0.0001423401,-0.001066667,-0.327705,-0.07354976,0.000141002,-0.002133333
0.157583,0.07961026,0.001312986,-0.005385523,-0.1909543,-0.07212661,8.132365E-05,-0.001248687
0.01482525,-0.05243721,-0.0001354706,-0.00930724,-0.04125791,-0.07355058,0.0001420551,-0.001066666
0.08044734,-0.07390534,7.115541E-05,-0.001068893,-0.2030852,-0.07213175,-0.0002020135,0.00101798
0.165948,-0.02744145,0.0009388036,-0.01168286,-0.1174554,-0.07114189,-0.0001313718,-0.00489654
0.1674053,-0.05438816,0.0005357906,-0.01266115,0.01768546,-0.0732985,8.003743E-05,-0.000992208
0.3796281,-0.07350917,0.001102259,-0.005356325,-0.0005257293,-0.07213255,-0.0001320377,0.001017834
0.2358218,-0.07355021,-0.0001364658,-0.001066646,-0.1504745,-0.07355075,-0.0001422946,-0.001066677
0.08585102,-0.0735506,-0.0001423155,-0.001066667,-0.3004743,-0.0735506,-0.000142343,-0.001066667
0.05718813,-0.02959353,0.0004166988,-0.01180928,-0.1651335,-0.07213199,7.998561E-05,0.00101798
0.3201824,0.11079,0.001559525,-0.004802504,-0.1256243,-0.07116029,-0.0001320376,-0.00489654
0.1786515,-0.04622296,-0.0001343064,-0.00719875,0.02301025,-0.07301445,0.0001410475,-0.0005332267
0.338542,-0.07277379,0.000847522,-0.001730964,0.0118386,-0.07330228,-0.0001321818,-0.0009939137
0.3975825,-0.06754896,0.0008027583,-0.003005254,0.1472299,-0.07213591,8.003361E-05,0.001017837
0.291,-0.061,0,0,-0.327,-0.065,0,0
0.291,-0.061,0,0,-0.327,-0.065,0,0
0.1417084,-0.07355104,-0.0001416711,-0.001066699,0.0711111,0.06939992,0.0003777895,-0.01440001
-0.008288288,-0.0735506,-0.0001423401,-0.001066667,-0.2766813,-0.06681375,-0.001063111,-0.003104387
-0.07809801,-0.07354973,7.117163E-05,-0.001066667,-0.2044616,-0.06179796,-0.000115549,0.005952195
-0.07367045,-0.07354973,7.066748E-05,-0.001066667,-0.3337179,0.2154547,-0.0001886219,-0.00844781
-0.2226104,-0.07355059,-0.0001413373,-0.001066667,-0.4839481,-0.004411256,-0.0001425618,-0.0005760962
-0.3726055,-0.0735506,-0.0001423385,-0.001066667,-0.722098,-0.07309332,0.000555891,-0.00388148
-0.5183007,-0.07354826,7.117163E-05,-0.001066667,-0.5798436,-0.06392808,-0.0004079146,0.001007305
-0.4609964,-0.07354973,7.066748E-05,-0.001066667,-0.6718822,-0.06599655,0.0005639133,-0.01389818
-0.5929155,-0.07354973,7.066867E-05,-0.001066667,-0.6804852,-0.07236184,-0.0003870854,4.869141E-06
-0.5752309,-0.07354974,7.066867E-05,-0.001066667,-0.6408429,-0.07359307,-0.0003295544,-0.0027574
-0.4255876,-0.07355059,0.0001420048,-0.001066667,-0.6424153,-0.07355284,-1.556278E-06,-0.002133486
-0.4816464,-0.07354973,7.050023E-05,-0.001066667,-0.6259962,-0.06767923,-0.0001180555,0.007866745
-0.5145887,-0.07354944,4.856342E-06,-0.001066667,-0.7181976,-0.05329728,-9.280722E-05,0.005670045
-0.6638561,-0.07355059,-0.0001416481,-0.001066667,-0.7201819,-0.07390575,-0.0001639353,-0.003253302
-0.4352996,0.2477278,0.0008216939,0.004502946,-0.6036575,-0.07352339,0.0005949902,-0.001060578
-0.5811255,0.000877057,-9.468906E-06,-0.004651474,-0.7096796,-0.07354945,4.771239E-06,-0.001066667
-0.6504046,-0.07357888,0.0004285714,-0.001066667,-0.7008513,-0.07337167,-3.70674E-08,-0.001066667
0.291,-0.061,0,0,-0.327,-0.065,0,0
0.291,-0.061,0,0,-0.327,-0.065,0,0
0.1417084,-0.07355104,-0.0001416711,-0.001066699,-0.2597702,-0.0729336,6.391653E-05,0.0001428112
0.136922,0.1267536,0.0005266942,-0.002612387,-0.3076599,-0.0677904,-0.000767976,-0.01405478
-0.009748632,-0.03008584,-0.0001391838,-0.003493808,-0.244127,-0.07304123,6.028985E-05,-0.0005351536
0.09132184,-0.07354086,0.0008527585,-0.001061157,-0.3790331,-0.06797738,-0.0009809269,0.005157557
0.1110746,0.02601478,0.0006216504,-0.008538203,-0.4321225,-0.06281574,-0.0007729103,-0.002487774
-0.03512353,-0.06175094,-0.0001387354,-0.0009345504,-0.2866772,-0.07355049,0.0001380211,-0.001066665
0.1807476,0.0260053,0.001424485,-0.008532798,-0.4089569,-0.0676521,-0.0009811104,-0.01404868
0.0385447,-0.06172103,-0.0001349441,-0.0009331988,-0.5631309,-0.07319632,-0.0001463042,-0.0005652448
-0.1114185,-0.07355066,-0.0001423083,-0.00106667,-0.496828,-0.07319976,6.322563E-05,-0.002046633
-0.05169963,-0.0560197,0.0008239041,-0.01333652,-0.5447212,-0.05788913,-0.0007679794,-0.01350992
-0.1968912,-0.07328464,-0.0001377803,-0.002933532,-0.4814477,-0.07354958,6.028984E-05,-0.001066661
-0.1798677,-0.06754419,0.0006271094,0.005167407,-0.5806887,-0.0676633,-0.0009809269,-0.01404868
-0.1331055,-0.06871396,0.0007502007,0.002713405,-0.633778,-0.06384832,-0.0007729103,0.001378836
-0.2786639,-0.07355078,-0.0001381283,-0.001066683,-0.4884874,-0.07319656,0.0001380211,-0.0005732722
-0.2003891,-0.01307939,0.0006819367,-0.01081134,-0.6485839,-0.06803956,-0.0009811104,0.005155175
-0.1270505,-0.07238172,0.0008716491,-6.140284E-05,-0.7016742,-0.06275607,-0.000772911,-0.002486583
-0.2720045,-0.07355052,-0.0001375548,-0.001066667,-0.6384873,-0.07335089,6.026655E-05,-0.001045426
0.291,-0.061,0,0,-0.327,-0.065,0,0
0.291,-0.061,0,0,-0.327,-0.065,0,0
0.1417084,-0.07355104,-0.0001416711,-0.001066699,-0.327,-0.07354006,0,-0.002132813
-0.008288288,-0.0735506,-0.0001423401,-0.001066667,-0.4762917,-0.07354976,-0.0001416711,-0.002133333
-0.1588508,-0.07354949,-2.985155E-05,-0.001066667,-0.5310134,-0.07355093,-0.0001638888,-0.001066666
-0.1880281,-0.07355004,0.0001050054,-0.001066665,-0.4455113,-0.07124625,-1.004073E-05,0.0002962563
-0.3348104,-0.07356299,-0.0005385405,-0.001066667,-0.6852561,-0.01905978,0.002804999,-0.007144304
-0.4873141,-0.07354952,-3.78049E-05,-0.001066667,-0.571928,-0.0735519,0.0002004005,-0.00106668
-0.4926373,-0.07355205,0.0002164452,-0.001066667,-0.6888967,0.01258114,-0.0003617322,-0.01146668
-0.6415068,-0.07354943,-9.665323E-06,-0.001066667,-0.4407926,-0.07317166,1.610854E-05,-0.002866665
-0.4922631,-0.07355057,0.0001416254,-0.001066667,-0.4150125,-0.06159653,0.0001185726,-0.01370863
-0.5265355,-0.07354973,-7.116993E-05,-0.001066667,-0.165603,-0.07285951,0.0002366784,-0.0004966052
-0.3769398,-0.07354944,9.712467E-06,-0.001066667,0.08549888,-0.05348881,1.630275E-05,-0.007351697
-0.2269399,-0.07354945,9.738716E-06,-0.001066667,0.02771046,-0.07390501,-3.771907E-06,-0.001066677
-0.1781281,-0.07354944,-4.869362E-06,-0.001066667,0.0709326,-0.04640023,0.0001085332,-0.004320634
-0.02820107,-0.07354945,9.733982E-06,-0.001066667,0.1774379,0.2744924,0.0001005892,-0.005529871
0.1217989,-0.07354945,9.738724E-06,-0.001066667,-0.2219296,-0.068583,-2.592886E-05,-0.03912988
-0.02744428,-0.07355058,-0.0001416251,-0.001066667,-0.4708779,-0.07292976,-0.0002362408,-0.0006021915
-0.177788,-0.07354975,-7.287801E-05,-0.001066667,-0.6216937,-0.07354935,-7.310678E-05,-0.002133325
-0.3270429,-0.07355218,-0.0002218988,-0.001066667,-0.6499041,-0.05008253,0.0001847372,-0.01733333
-0.4094458,-0.07354934,5.545027E-05,-0.001066647,-0.6049055,-0.0739051,-2.307562E-05,-0.002234213
-0.4180402,-0.07354972,7.070461E-05,-0.001066667,-0.5810595,-0.06629437,-0.0001180047,0.007917108
-0.5135447,-0.07354973,7.066857E-05,-0.001066667,-0.6940263,0.04258592,0.0004619142,-0.00928367
-0.2908764,-0.06795377,0.0003807839,0.002899969,-0.5421447,-0.07332541,4.713756E-05,-0.001020057
-0.336263,-0.0735678,0.0001707432,-0.002135156,-0.4763433,0.002273399,-0.0002885022,-0.01302006
-0.1997274,-0.06867398,5.300467E-05,-0.002557928,-0.4959301,-0.07304501,-4.82097E-06,-0.0005370703
-0.2729898,-0.07354978,7.071038E-05,-0.00106667,-0.3973123,-0.04753476,-0.0001180478,-0.01893708
0.291,-0.061,0,0,-0.327,-0.065,0,0
0.291,-0.061,0,0,-0.327,-0.065,0,0
0.1417084,-0.07355104,-0.0001416711,-0.001066699,-0.1777084,-0.07354025,0.0001416711,-0.002132813
0.2360823,-0.07358108,0.0009835601,-0.001066667,-0.2651426,-0.07358065,-0.0009515866,-0.00106672
0.09168519,-0.07355051,-0.0001370263,-0.001066667,-0.3381433,-0.07320501,-6.927445E-05,-0.0005679175
-0.05895104,-0.07354945,-9.780033E-06,-0.001066667,-0.4884411,-0.07301611,-9.758046E-06,-0.0005333335
-0.02131788,-0.06596561,0.000719735,0.003002456,-0.5766287,-0.07357949,-0.0009523017,-0.00106664
-0.1670279,-0.07346793,-0.0001382722,-0.002125772,-0.4320759,-0.07355051,0.0001371739,-0.001066667
-0.3170075,-0.07354972,-0.000142324,-0.002133332,-0.5806849,-0.07355057,-0.0001410233,-0.001066667
-0.257396,-0.07339196,0.0007957002,-0.0009914493,-0.7155763,-0.07356504,0.0005822146,-0.001066664
-0.4027279,-0.07355051,-0.0001379134,-0.001066667,-0.6540112,-0.07354973,6.946081E-05,-0.001066667
-0.2126,-0.07145639,0.001305997,-0.004944596,-0.67677,-0.07356478,0.0005824631,-0.001066664
-0.2685947,-0.02854335,0.0002644044,-0.01172126,-0.7039924,-0.07356039,0.0004747525,-0.001066664
-0.4165706,-0.07304743,-0.0001404225,-0.0004325788,-0.7001966,-0.07320845,3.126937E-05,-0.0005679166
-0.4306341,-0.07102971,0.0004839294,-0.004917469,-0.6646425,-0.07300769,0.0005824179,-0.0005325987
-0.4375888,-0.07355808,0.0003463516,-0.00106685,-0.665719,-0.07356443,0.0005830687,-0.00106664
-0.5851568,-0.07355055,-0.0001400355,-0.001066667,-0.6435852,-0.07335775,-0.0002889885,-0.001043465
-0.3114395,-0.06974299,0.001044311,-0.003149866,-0.6157044,-0.07356475,0.0005820398,-0.001066664
0.291,-0.061,0,0,-0.327,-0.065,0,0
0.291,-0.061,0,0,-0.327,-0.065,0,0
0.1417084,-0.07355104,-0.0001416711,-0.001066699,-0.1777084,-0.07354025,0.0001416711,-0.002132813
-0.008951082,-0.07354943,-9.781535E-06,-0.001066667,-0.3916896,0.1815448,-0.0001032443,-0.01521984
-0.1589513,-0.07354944,-9.738736E-06,-0.001066667,-0.6889601,-0.01407276,1.29975E-05,-0.004390081
-0.3089512,-0.07354943,-9.738724E-06,-0.001066667,-0.6656657,-0.0729686,4.865672E-06,-0.0005292872
-0.4582915,-0.07355057,-0.0001417171,-0.001066667,-0.6746649,-0.07243326,0.000357121,0.001008006
-0.6082885,-0.0735506,-0.0001423403,-0.001066667,-0.6676378,0.1661628,0.0003720783,-0.0003376717
-0.4590486,-0.07354944,9.689372E-06,-0.001066667,-0.2659078,0.01000642,2.608224E-05,-0.03393768
-0.3090488,-0.07354944,9.738707E-06,-0.001066667,-0.1687892,0.2962979,9.204593E-05,-0.009011148
0.0435002,-0.07363535,0.005999932,-0.001066667,-0.568321,0.01187233,-9.123884E-07,-0.009894427
-0.07593347,-0.07355018,-0.0001133372,-0.001066667,-0.5683254,-0.06255361,-4.308634E-09,-0.002473606
-0.2257891,-0.07355059,-0.0001422063,-0.001066667,-0.601787,0.01247978,0.0001888948,-0.01687361
-0.3764513,-0.07354944,-9.781714E-06,-0.001066667,-0.6745861,-0.0732853,-4.727453E-06,-0.0009802829
-0.4124233,-0.07350414,0.000380714,-0.001052411,-0.6218314,-0.07303889,0.0002198657,-0.0005350109
-0.4667568,-0.07354945,4.806008E-06,-0.001066667,-0.6380539,-0.07354877,5.033881E-05,-0.001066593
-0.5743476,-0.07355203,0.0002161382,-0.001066667,-0.6418191,-0.07360651,0.001833688,-0.001066812
-0.526297,-0.07354973,7.032519E-05,-0.001066667,-0.7137231,-0.0735585,-0.0003646691,-0.002737712
-0.6324788,-0.07354973,7.066948E-05,-0.001066667,-0.7134752,0.2789438,0.0001687227,0.005758017
-0.4821743,-0.07354943,9.758499E-06,-0.001066667,-0.7126316,0.01802631,5.475369E-08,-0.0004790092
-0.5364453,-0.0444827,2.534993E-05,0.005333336,-0.6537594,-0.07327629,9.507366E-06,-0.0009712578
-0.5177227,-0.06115031,0.0003374846,-0.003466667,-0.720099,0.03261231,-0.0005630571,-0.008171261
-0.6653348,-0.07355071,-0.0001400773,-0.001066676,-0.635244,-0.003086611,8.077073E-05,-0.001018301
-0.5167401,-0.07355057,0.0001410096,-0.001066667,-0.236731,0.1068741,0.0003781709,-0.01541831
-0.3113305,-0.07355312,0.0005455478,-0.001066667,-0.2610241,-0.07365094,-5.547647E-08,-0.002136484
-0.3873598,-0.07354945,-4.9563E-06,-0.001066667,0.1388134,-0.0310435,2.596148E-05,-0.001331756
-0.1588573,0.0467172,0.004294543,0.001333331,0.1389321,-0.05850228,2.230075E-06,-0.0001341218
0.01180565,-0.06141676,0.0001619515,-0.007866667,0.1389398,-0.073905,1.053123E-08,-0.001066701
0.291,-0.061,0,0,-0.327,-0.065,0,0
0.291,-0.061,0,0,-0.327,-0.065,0,0
0.1417084,-0.07355104,-0.0001416711,-0.001066699,-0.1777084,-0.07354025,0.0001416711,-0.002132813
-0.008288288,-0.0735506,-0.0001423401,-0.001066667,-0.2546223,-0.07390543,-7.333959E-05,-0.001109845
0.144764,-0.07358696,0.001150734,-0.001066664,-0.3430364,-0.06978192,-0.0007908475,-0.004846173
0.001198783,-0.07355051,-0.0001362369,-0.001066667,-0.1976803,-0.07301382,0.0001379364,-0.0005332144
-0.1487708,-0.0735506,-0.0001423145,-0.001066667,-0.4312958,-0.07274953,-0.0007935425,-0.003864668
-0.2987708,-0.0735506,-0.0001423431,-0.001066667,-0.6695467,-0.06386462,-0.0007979411,-0.001097531
-0.2729666,-0.07280863,0.0006676474,-0.0004223743,-0.6805382,-0.06771536,-0.0005822823,-0.0030424
-0.2269698,-0.07262699,0.0007459357,-0.001263651,-0.6904565,-0.07215504,-0.0005812639,-0.001232742
-0.210985,-0.06709947,0.0006063476,0.005205834,-0.7003697,-0.07002013,-0.000581259,-0.004857461
-0.2516541,-0.07217244,0.0003477519,-0.002579479,-0.7102829,-0.07354589,-0.000581259,0.0001638977
-0.3992152,-0.07355208,-0.0001400289,-0.002133443,-0.6894361,-0.07287434,3.837677E-05,-0.003510799
-0.3650882,-0.07324164,0.0007059525,-0.002706636,-0.6962658,-0.06973524,-0.000578333,-0.004843306
-0.5115108,-0.07354943,-9.50647E-06,-0.001066667,-0.6968362,-0.07236459,2.636757E-06,1.462176E-07
-0.4819372,9.565502E-05,0.0004078455,-0.01006371,-0.6676023,-0.07174104,0.0003955135,-0.004979582
0.291,-0.061,0,0,-0.327,-0.065,0,0
0.291,-0.061,0,0,-0.327,-0.065,0,0
0.1417084,-0.07355104,-0.0001416711,-0.001066699,-0.327,-0.07354006,0,-0.002132813
-0.008850735,-0.07354949,-2.985088E-05,-0.001066667,-0.3612784,-0.07302554,-0.0001450203,-0.0005340835
-0.1562952,-0.0735631,-0.0005409698,-0.001066667,-0.4222004,-0.07254415,-0.0002235216,-0.0002182393
-0.3082788,-0.07355063,-0.0001442257,-0.001066667,-0.7060474,0.4339391,0.0007725738,0.01547318
-0.4587667,-0.07354957,-4.664595E-05,-0.001066667,-0.5524227,0.2330613,4.761828E-05,-0.03092682
-0.3091185,-0.07354948,2.37315E-05,-0.001066667,-0.7020661,0.001839966,-2.373073E-05,-0.01653659
-0.4587681,-0.07354957,-4.638606E-05,-0.001066667,-0.5873513,-0.07356314,0.0002383414,-0.001067764
-0.5005645,-0.07354945,1.190261E-05,-0.001066667,-0.7121544,-0.03625434,-0.0002937219,-0.01493525
-0.6504562,-0.07354945,-9.731701E-06,-0.001066667,-0.7112837,-0.07225004,-2.952623E-05,-0.001544988
-0.5918773,-0.07354973,7.08585E-05,-0.001066667,-0.6913908,0.02507016,4.724113E-05,-0.01594499
-0.4415719,-0.07354943,9.758557E-06,-0.001066667,-0.2531905,-0.05428793,6.212623E-05,-0.006806886
-0.3087513,-0.07354944,-4.869364E-06,-0.001066667,-0.1203607,-0.0739061,0.0001259962,-0.001072232
-0.1594839,-0.07355057,0.0001416481,-0.001066667,0.2266745,-0.07161027,0.001597093,0.001044252
-0.008824518,-0.07354943,9.78153E-06,-0.001066667,0.2100286,-0.07020473,-1.081071E-06,0.0009579025
0.1411757,-0.07354944,9.738736E-06,-0.001066667,0.3603378,-0.07355063,0.0001426411,-0.001066668
0.291,-0.061,0,0,-0.327,-0.065,0,0
0.291,-0.061,0,0,-0.327,-0.065,0,0
0.1417084,-0.07355104,-0.0001416711,-0.001066699,-0.1777084,-0.07354025,0.0001416711,-0.002132813
0.1103726,-0.07204487,0.0004043722,0.001029794,-0.3952485,-0.07233005,-0.00155103,-0.001240573
-0.03690672,-0.07355072,-0.0001397615,-0.001066677,-0.2536754,-0.07355047,0.0001343465,-0.001066666
0.1894819,-0.07160132,9.577256E-05,0.0007383766,-0.2124424,-0.07354945,-4.889581E-06,-0.001066667
0.04066684,-0.07355059,-0.0001412188,-0.001066667,-0.3617584,-0.07355059,-0.0001416942,-0.001066667
0.07638611,-0.04849087,0.0007133096,-0.01289423,-0.5807086,-0.06988989,-0.001552368,-0.004852196
-0.06935587,-0.07331662,-0.0001383026,-0.002076472,-0.4391422,-0.07301386,0.0001343402,-0.0005332159
-0.0048575,-0.06579679,0.000845852,-0.00109084,-0.6567188,-0.07366265,-0.001551065,0.0001594329
-0.1499399,-0.07355033,-0.0001376766,-0.001066654,-0.6781322,-0.07354977,7.449788E-05,-0.001066667
-0.2999167,-0.0735506,-0.0001423212,-0.001066667,-0.5284699,-0.0735506,0.0001420229,-0.001066667
-0.4499165,-0.0735506,-0.0001423431,-0.001066667,-0.6238135,-0.07177949,-9.061121E-05,-0.003476667
-0.2366701,-0.07302309,0.001191617,-0.0005329443,-0.593835,-0.06980483,0.000881996,-0.00484911
-0.2473176,-0.07348043,0.0004754169,-0.005062808,-0.6811512,-0.07350115,0.0007737671,0.0001669968
-0.1312838,-0.07152616,0.001072121,0.004963632,-0.6372246,-0.0699058,0.0007740225,-0.004853626
-0.2752402,-0.07354811,-0.0001366081,-0.001066426,-0.4840811,-0.07301391,0.0001453263,-0.0005332163
-0.4258745,-0.07354944,-9.779892E-06,-0.001066667,-0.633306,-0.07301611,-9.688404E-06,-0.0005333333
-0.335434,-0.05993568,0.0007251161,-0.01359496,-0.6039647,-0.07390958,0.0008820916,0.0001594311
-0.4811172,-0.07356855,-0.0001382468,-0.001070322,-0.5533473,-0.06911707,0.0008902432,-0.002155671
-0.2936935,-0.07299659,4.998801E-05,-0.0005319949,-0.6245415,-0.07354943,-5.012231E-06,-0.001066667
0.291,-0.061,0,0,-0.327,-0.065,0,0
0.291,-0.061,0,0,-0.327,-0.065,0,0
0.1417084,-0.07355104,-0.0001416711,-0.001066699,-0.7225794,0.06939993,0.0001888948,-0.01440001
-0.008288288,-0.0735506,-0.0001423401,-0.001066667,-0.7216461,-0.0716788,8.920309E-07,0.004799999
-0.1582883,-0.0735506,-0.0001423433,-0.001066667,-0.5251291,0.1779211,0.0001888926,-0.009600007
-0.3082883,-0.0735506,-0.0001423433,-0.001066667,-0.5241891,0.004182032,8.920207E-07,-0.002399998
-0.4582882,-0.0735506,-0.0001423433,-0.001066667,-0.6109265,0.1855297,0.000703654,0.001678023
-0.3090484,-0.07354944,9.689372E-06,-0.001066667,-0.6598736,0.002693276,-3.177874E-06,-0.003869011
-0.4582918,-0.07355059,-0.0001416253,-0.001066667,-0.6561372,-0.06509577,0.0004557716,0.0007054541
-0.608951,-0.07354943,-9.781523E-06,-0.001066667,-0.5581385,-0.0334077,1.29068E-05,0.006847276
-0.6828336,-0.07354944,-4.866194E-06,-0.001066667,-0.5112693,-0.07336655,4.482945E-05,-0.001061328
-0.5774187,-0.07301618,5.802195E-05,-0.0005333343,-0.3774486,-0.06138355,0.0001415749,-0.004171551
-0.6782459,-0.06518161,0.0006731912,0.003047172,-0.05547403,-0.07369183,0.001755641,-0.0003441948
-0.3223799,-0.07363535,0.005999939,-0.001066667,0.3532996,-0.06624023,9.334852E-07,-0.003686049
0.06011987,-0.07363535,0.005999998,-0.001066667,0.5033028,-0.07301612,3.425504E-07,-0.0005333334
0.2400615,-0.07354946,1.168267E-05,-0.001066667,0.5033044,-0.07301612,1.111641E-10,-0.0005333334
0.3900713,-0.07354944,9.739355E-06,-0.001066667,0.6589504,-0.07273631,0.000147701,-0.0001411528
0.5400714,-0.07354944,9.738724E-06,-0.001066667,0.6229657,-0.07355,-0.0001013871,-0.001066665
0.3332073,-0.07208934,-0.0001921612,-0.002077726,0.5783553,-0.07355011,-0.0001297276,-0.001066647
0.4821982,-0.07354943,9.673205E-06,-0.001066667,0.7051823,-0.07374297,-6.211388E-05,-0.002162258
0.507478,-0.07354974,-7.085838E-05,-0.001066667,0.6965149,0.00876275,-9.452068E-05,-0.01656226
0.291,-0.061,0,0,-0.327,-0.065,0,0
0.291,-0.061,0,0,-0.327,-0.065,0,0
0.1417084,-0.07355104,-0.0001416711,-0.001066699,-0.1777084,-0.07354025,0.0001416711,-0.002132813
0.2174142,-0.07357782,0.0008975503,-0.001066668,-0.2822929,-0.07278843,-0.001031295,-0.0004255659
0.07258911,-0.07355051,-0.0001374325,-0.001066667,-0.1381334,-0.07301561,0.0001368009,-0.0005333071
-0.07738645,-0.0735506,-0.00014232,-0.001066667,-0.5414754,-0.07362479,-0.00131466,-0.001071076
-0.2273864,-0.07355059,-0.0001423431,-0.001066667,-0.6973093,-0.07355069,-0.0001478794,-0.001066667
-0.3773864,-0.07355058,-0.0001423433,-0.001066667,-0.6985431,-0.0735445,3.592947E-05,-0.001064909
-0.3522168,-0.07354511,0.0006647236,-0.001063956,-0.6830949,-0.07351882,0.0005158972,-0.001059931
-0.3677106,-0.07230635,0.0004632357,-0.001594279,-0.6920152,-0.07351877,0.0005147639,-0.001059932
-0.5146971,-0.07355054,-0.0001394835,-0.001066666,-0.6062361,-0.07294371,0.0005696352,-0.00177054
-0.6343904,-0.07354974,7.116487E-05,-0.001066667,-0.7099147,-0.07336782,0.000164077,-0.00105991
-0.4959379,-0.07354951,3.640794E-05,-0.001066667,-0.6600086,-0.06039207,7.277759E-05,-0.004129816
-0.3953268,-0.06752144,0.0006043529,-0.001183225,-0.6357929,-0.07356777,0.0006223213,-0.001066761
-0.3259869,-0.07308912,0.000774175,-0.001286897,-0.6703,-0.07352304,0.0006229701,-0.001059931
-0.4714261,-0.07355053,-0.0001380151,-0.001066667,-0.7140912,-0.07354457,3.410937E-05,-0.001064922
0.291,-0.061,0,0,-0.327,-0.065,0,0
0.291,-0.061,0,0,-0.327,-0.065,0,0
0.1417084,-0.07355104,-0.0001416711,-0.001066699,-0.327,-0.07354006,0,-0.002132813
-0.008288288,-0.0735506,-0.0001423401,-0.001066667,-0.327,-0.07354943,0,-0.002133333
-0.1582883,-0.0735506,-0.0001423433,-0.001066667,-0.7195339,0.1127593,0.0008056712,-0.003846937
-0.3082883,-0.0735506,-0.0001423433,-0.001066667,-0.7155246,-0.03227393,3.804675E-06,-0.005276532
-0.4582882,-0.0735506,-0.0001423433,-0.001066667,-0.7155058,-0.07390501,1.796708E-08,-0.001108112
-0.6082881,-0.0735506,-0.0001423433,-0.001066667,-0.6693022,-0.07285927,-0.0002765902,0.0002762562
-0.5496593,-0.07354973,7.117163E-05,-0.001066667,-0.6172701,-0.07290452,0.0006122446,-0.0005165843
-0.5014567,-0.07354973,7.066748E-05,-0.001066667,-0.5802983,-0.0367118,0.0009089187,-0.01223135
-0.4700991,-0.07354974,7.066867E-05,-0.001066667,-0.6946408,-0.04892541,9.552043E-05,-0.001084324
-0.6190392,-0.07355059,-0.0001413373,-0.001066667,-0.7058976,-0.07230006,3.020175E-05,-0.00139446
-0.5991343,-0.07354974,7.116926E-05,-0.001066667,-0.6754546,-0.07355585,-0.0002783544,-0.001066843
-0.5639958,-0.07354973,7.06675E-05,-0.001066667,-0.6169308,0.03638676,0.0005131129,-0.007107537
-0.4136914,-0.07354943,9.758494E-06,-0.001066667,-0.2144958,-0.01551517,2.612801E-05,-0.001246231
-0.2636914,-0.07354943,9.738728E-06,-0.001066667,-0.06450468,-0.07308987,9.744041E-06,-0.000541316
-0.1136914,-0.07354943,9.738724E-06,-0.001066667,0.08549538,-0.07301612,9.738728E-06,-0.0005333334
-0.0255886,-0.01586514,0.00165583,-0.004355974,0.08553988,-0.07354943,8.365505E-07,-0.002133333
-0.01280001,-0.07291082,-7.474523E-05,-0.0002722482,0.2724997,0.3535307,0.0008613738,0.01069099
0.3393266,-0.07363536,0.00599993,-0.001066667,0.4268028,0.003502513,3.523749E-07,-0.01254549
0.5184762,-0.07355108,0.0001700049,-0.001066667,0.5886217,-0.07307921,-0.0009139759,-0.0005501127
0.473144,-0.07354943,-4.895366E-06,-0.001066667,0.6874052,0.1429468,-5.528233E-05,-0.01279932
0.6230708,-0.07354945,9.733974E-06,-0.001066667,0.2872992,-0.01194286,-2.597944E-05,-0.003200342
0.4738276,-0.07355059,-0.0001416251,-0.001066667,-0.1109412,0.04564887,-0.0003779122,-0.01760035
0.3238312,-0.0735506,-0.0001423399,-0.001066667,-0.5109329,-0.0400783,-0.0003795741,-0.000799826
0.1738312,-0.0735506,-0.0001423433,-0.001066667,-0.3637958,-0.07336037,0.0001398786,-0.001053124
0.02383116,-0.07355058,-0.0001423433,-0.001066667,-0.5123915,-0.07355057,-0.0001410105,-0.001066667
-0.1261689,-0.0735506,-0.0001423433,-0.001066667,-0.6623847,-0.0735506,-0.000142337,-0.001066667
-0.2761689,-0.0735506,-0.0001423433,-0.001066667,-0.5808644,-0.07296964,7.735913E-05,-0.002859167
0.291,-0.061,0,0,-0.327,-0.065,0,0
0.291,-0.061,0,0,-0.327,-0.065,0,0
0.1417084,-0.07355104,-0.0001416711,-0.001066699,-0.3864735,-0.07289834,-5.643773E-05,-0.0001687501
-0.008288288,-0.0735506,-0.0001423401,-0.001066667,-0.4462075,-0.07321355,-5.670426E-05,-0.0005698243
0.0489913,0.001648916,0.0008126663,-0.009945014,-0.6846734,-0.03998432,-0.001643831,-0.01242377
-0.0961784,-0.0739058,-0.0001378334,-0.0009215632,-0.5435621,-0.07353137,0.0001339083,-0.00106103
-0.1524161,-0.07284882,0.0002899038,-0.0004512224,-0.6944633,-0.02198541,0.0008214656,-0.01136171
-0.3002651,-0.07301577,-0.000140302,-0.0005333133,-0.541361,-0.0739055,0.0001455503,-0.0006949466
-0.450255,-0.07301631,-0.0001423336,-0.0005333333,-0.5912055,-0.07125843,0.0009204925,0.005244973
-0.1782502,-0.06966256,9.55098E-05,-0.001134456,-0.6134034,-0.07355948,-5.017139E-06,-0.002133876
-0.2135882,-0.06122953,0.0003816144,0.001164905,-0.6591982,-0.01236372,0.0008217936,-0.01082837
-0.04976118,-0.0645474,0.001294028,0.003031302,-0.6383623,0.07742078,0.0008198413,-0.006480818
-0.1926133,-0.07355219,-0.0001355602,-0.001066807,-0.4849909,-0.06939967,0.0001455427,-0.01115959
-0.1018724,0.04503309,0.0009667102,-0.007392887,-0.7224504,-0.06498273,-0.001642876,0.003157602
-0.246182,-0.06907758,-0.0001371059,-0.001848221,-0.6450384,-0.07355127,7.471466E-05,-0.0010668
-0.06792425,-0.06494462,0.00136996,0.003063135,-0.6435775,-0.02198413,0.0008216053,-0.01136167
-0.2103984,-0.07355215,-0.0001352016,-0.001066805,-0.4904744,-0.0739055,0.000145551,-0.0006949481
-0.1958217,-0.07294215,0.0006143326,-0.0005210062,-0.6919348,-0.02203263,0.0009282067,-0.01136457
-0.3420561,-0.07301622,-0.00013877,-0.0005333304,-0.6668416,-0.0739051,6.864387E-05,-0.0006948572
-0.4603848,-0.07292347,4.434035E-06,-0.0005236944,-0.6326598,-0.02205153,0.0008216198,-0.01136457
0.291,-0.061,0,0,-0.327,-0.065,0,0
0.291,-0.061,0,0,-0.327,-0.065,0,0
0.1410487,-0.07354944,-9.735565E-06,-0.001066667,-0.1770487,-0.0735492,9.735565E-06,-0.002133325
-0.008291407,-0.07355058,-0.000141717,-0.001066667,-0.4258197,-0.067683,-0.0002360724,0.007866664
-0.1582883,-0.07355059,-0.0001423403,-0.001066667,-0.4269068,-0.07369946,-1.114821E-06,-0.002208334
-0.2302781,-0.07354974,7.117163E-05,-0.001066667,-0.3569899,-0.06670774,-0.0001180566,0.007904169
-0.2711596,-0.07354973,7.066748E-05,-0.001066667,-0.4541497,-0.07329022,-0.0004461083,-0.002991074
-0.3151229,-0.07354945,1.185624E-05,-0.001066667,-0.7138852,-0.07354953,-0.0002208134,-0.002133298
-0.4616872,-0.07356869,-0.0006752732,-0.001066667,-0.4705939,0.01258438,0.001120928,-0.009333301
-0.3151111,-0.07354945,9.516423E-06,-0.001066667,-0.6526193,-0.06421687,1.279887E-05,-0.009733349
-0.4650148,-0.07354944,-9.732473E-06,-0.001066667,-0.6525557,-0.07302351,4.153473E-09,-0.0005337728
-0.614355,-0.07355058,-0.000141717,-0.001066667,-0.6774973,-0.07351394,-0.0003293797,-0.001059873
-0.5585886,-0.07354945,4.890775E-06,-0.001066667,-0.6496182,-0.07264897,8.229944E-05,0.001009588
-0.545226,-0.07354973,7.082399E-05,-0.001066667,-0.6458329,0.3098068,0.0005276551,0.008096981
-0.3949208,-0.07354943,9.758544E-06,-0.001066667,-0.4932441,0.02529348,9.906798E-06,0.00555151
-0.5441638,-0.07355059,-0.000141625,-0.001066667,-0.6424865,-0.05572258,-0.0001416243,-0.005175755
-0.5417119,-0.07354974,7.116993E-05,-0.001066667,-0.6945072,-0.07342491,0.0003177553,-0.0009972324
-0.5949072,-0.07354945,4.856233E-06,-0.001066667,-0.6708874,0.1416395,5.97554E-05,-0.01614037
-0.4449316,-0.07354945,9.73714E-06,-0.001066667,-0.5206375,-0.06328154,9.754954E-06,-0.005235092
-0.4084027,-0.07354945,7.60344E-06,-0.001066667,-0.6661531,-0.07354967,6.327083E-05,-0.001066667
-0.5530885,-0.07358371,-0.001055264,-0.001066667,-0.6143115,-0.00109996,0.0003781069,-0.007970021
-0.4084118,-0.07354945,9.393107E-06,-0.001066667,-0.6124245,-0.07355017,1.227028E-07,-0.001066749
-0.5583162,-0.07354944,-9.732514E-06,-0.001066667,-0.7210523,-0.07355543,5.500684E-05,-0.002133355
-0.6176405,-0.07354973,7.085852E-05,-0.001066667,-0.7076634,-0.07390504,-2.324297E-05,-0.001068849
0.291,-0.061,0,0,-0.327,-0.065,0,0
0.291,-0.061,0,0,-0.327,-0.065,0,0
0.1417084,-0.07355104,-0.0001416711,-0.001066699,-0.3864735,-0.07289834,-5.643773E-05,-0.0001687501
-0.008288288,-0.0735506,-0.0001423401,-0.001066667,-0.2374627,-0.07355059,0.0001414045,-0.001066667
0.02299773,-0.07312047,3.313775E-05,-0.0005386538,-0.1847481,-0.07337043,-1.829111E-05,-0.001065395
0.1204157,0.004604537,0.0007599735,-0.009800239,-0.1809809,-0.07391194,-0.0002296014,-0.001234992
0.08460135,0.02010767,0.0003673228,-0.009424442,-0.06718649,-0.07354005,-1.822219E-05,-0.001234971
-0.06258906,-0.06008549,-0.0001399364,-0.004756111,0.08201449,-0.07355058,0.000141585,-0.001066667
-0.02187857,-0.073905,-4.845076E-06,-0.001066667,0.3635151,-0.07355347,0.0002718579,-0.001066667
0.127389,-0.07355057,0.0001416482,-0.001066667,0.5141596,-0.0735506,0.0001429549,-0.001066667
-0.07290957,-0.05313837,-0.001471592,-0.01319427,0.6495718,-0.07380272,-0.0009759979,-0.001234992
0.2722329,-0.07363536,0.005999914,-0.001066667,0.4946934,-0.07354943,-3.536838E-07,-0.001066667
0.08164433,-0.07358967,-0.001235703,-0.001066662,0.6052582,-0.07380646,-0.001081914,-0.001234992
0.2254192,-0.07354943,9.334556E-06,-0.001066667,0.4498991,-0.07354945,-1.008666E-05,-0.001066667
0.002173113,-0.05124832,-9.265965E-05,0.005834431,0.3962113,-0.07354943,4.869418E-06,-0.001066667
0.09051219,-0.07363535,0.005997059,-0.001066667,0.2462373,-0.07354944,-3.424841E-07,-0.001066667
-0.239013,-0.06744857,-0.001683872,-0.001164331,0.7025412,-0.07381321,-0.001081914,-0.001234992
0.1050681,-0.07363535,0.005999912,-0.001066667,0.5471336,-0.07354943,-3.54893E-07,-0.001066667
0.3837454,0.01083391,0.0002644522,0.0001333345,0.3978401,-0.07355058,-0.0001416727,-0.001066667
0.5343533,-0.06751888,0.0001429199,-0.002366666,0.2478433,-0.0735506,-0.0001423401,-0.001066667
0.3857728,-0.07355063,-0.0001409961,-0.001066672,0.09784327,-0.07355059,-0.0001423433,-0.001066667
0.3706741,-0.07378091,0.0004791696,-0.002287838,0.2120694,-0.07354006,-1.781014E-05,-0.001234992
0.291,-0.061,0,0,-0.327,-0.065,0,0
0.291,-0.061,0,0,-0.327,-0.065,0,0
0.1417084,-0.07355104,-0.0001416711,-0.001066699,-0.7225794,0.06939993,0.0001888948,-0.01440001
-0.008288288,-0.0735506,-0.0001423401,-0.001066667,-0.7216461,-0.0716788,8.920309E-07,0.004799999
-0.1582883,-0.0735506,-0.0001423433,-0.001066667,-0.3235306,0.1779211,0.0003777937,-0.009600007
-0.3089511,-0.07354943,-9.781756E-06,-0.001066667,0.07822798,-0.005417892,2.60841E-05,0.004800004
-0.1597081,-0.07355059,0.0001416249,-0.001066667,0.3271772,0.1481821,0.0002362416,-0.0136
0.1935004,-0.07363535,0.005999933,-0.001066667,0.2706817,-0.07314579,-1.290144E-07,-0.00373375
0.1445476,-0.07354986,-8.500247E-05,-0.001066667,0.4630441,-0.02835587,0.000188895,-0.01813376
0.2940741,-0.07354945,9.707977E-06,-0.001066667,0.6055845,-0.06942841,0.0001345894,-0.001583949
0.444074,-0.07354943,9.738713E-06,-0.001066667,0.6141542,-0.05843909,-0.0001349927,-0.002245229
0.2620465,0.04236731,-0.001019803,-0.007577064,0.6196351,-0.0735686,-0.0006750122,-0.00106666
0.3301669,-0.0734734,-4.702309E-06,-0.001168392,0.488336,-0.03327326,1.309028E-05,0.0005333315
0.3016211,-0.07354944,-4.86702E-06,-0.001066667,0.5711211,-0.03902077,1.297862E-05,0.009333337
0.1784115,-0.07354208,-0.0002096536,-0.001065429,0.6547179,-0.07275374,0.0001678623,-0.0001220789
0.3273149,-0.07354944,9.667527E-06,-0.001066667,0.5317891,-0.03628312,-1.300799E-05,0.002461042
0.4766549,-0.07355057,0.0001417167,-0.001066667,0.4370838,-0.0005944817,-8.987104E-05,-0.0002397399
0.3274119,-0.07354944,-9.689573E-06,-0.001066667,0.4367721,-0.07275313,-2.916484E-08,-0.000448127
0.3179681,-0.07354945,-4.866211E-06,-0.001066667,0.6055341,-0.05773094,0.0001552524,0.001692929
0.4678951,-0.07354945,9.733982E-06,-0.001066667,0.6818109,-0.07390501,-4.892973E-06,-0.001066667
0.6178952,-0.07354943,9.738724E-06,-0.001066667,0.6824772,-0.07359233,4.111513E-05,-0.002191296
0.5646182,-0.07354945,-4.869362E-06,-0.001066667,0.6199564,-0.07039806,-0.0001011266,0.01000481
0.1497809,-0.07354777,-0.0001126515,-0.002133255,0.6764957,-0.073905,4.88419E-06,-0.001067042
0.2991692,-0.07354943,9.699006E-06,-0.002133333,0.6765147,-0.073905,1.585011E-09,-0.001066667
0.4485091,-0.07354976,0.0001417169,-0.002133333,0.5968392,-0.06110505,-0.0001180592,-0.01946667
0.4806932,-0.07354952,-7.117014E-05,-0.002133333,0.5408136,-0.07351528,-0.001043297,-0.00104833
0.3303861,-0.07354943,-9.75866E-06,-0.002133333,0.5355988,-0.07354943,-3.385694E-07,-0.001066667
0.09106161,-0.07362916,-9.390082E-05,-0.002141484,0.4958093,-0.07354944,4.867836E-06,-0.001066667
0.2405436,-0.07354945,9.705091E-06,-0.002133334,0.6866801,-0.06941607,-8.113758E-06,-0.009466667
0.3905435,-0.07354945,9.738713E-06,-0.002133334,0.6866437,-0.07301643,-2.633067E-09,-0.0005333476
0.5405436,-0.07354945,9.738724E-06,-0.002133334,0.6485823,-0.06560388,-6.416507E-05,0.007964399
0.291,-0.061,0,0,-0.327,-0.065,0,0
0.291,-0.061,0,0,-0.327,-0.065,0,0
0.1417084,-0.07355104,-0.0001416711,-0.001066699,-0.1777084,-0.07354025,0.0001416711,-0.002132813
0.2608147,-0.06692731,0.001097512,0.002945256,-0.2679768,-0.07358038,-0.0009646445,-0.001066667
0.1173547,-0.07336655,-0.0001364882,-0.002088495,-0.1234856,-0.07355051,0.0001371157,-0.001066667
0.2294534,-0.07354969,6.615385E-05,-0.001066667,-0.06465311,-0.07354945,-4.89003E-06,-0.001066667
0.08049096,-0.07355059,-0.0001413587,-0.001066667,-0.2139691,-0.07355057,-0.0001416942,-0.001066667
0.1035019,-0.06997592,0.0006547607,-0.003162883,-0.3056475,-0.07358036,-0.0009659828,-0.001066663
0.05280239,-0.07355392,0.0003006571,-0.001066641,-0.4014279,-0.0735805,-0.0009698753,-0.001066663
0.0711418,-0.07356465,0.0006251902,-0.001066477,-0.4972275,-0.07358051,-0.0009698936,-0.001066663
-0.07503868,-0.07355054,-0.0001387187,-0.001066667,-0.3527623,-0.07355051,0.0001370909,-0.001066667
-0.2250207,-0.0735506,-0.0001423261,-0.001066667,-0.6554387,-0.07368348,-0.00116621,-0.002144911
-0.3750207,-0.0735506,-0.0001423432,-0.001066667,-0.723222,-0.07234474,3.269017E-05,5.860813E-06
-0.3191695,-0.06529615,0.0008060853,-0.002873673,-0.6778532,-0.07356063,0.0004825796,-0.001066659
-0.2383393,-0.04818321,0.0009039054,-0.0128631,-0.7017842,-0.07356066,0.0004815173,-0.001066663
-0.226445,-0.0725156,0.0005845127,-0.001660063,-0.6898161,-0.07356066,0.0004815198,-0.001066663
-0.3728279,-0.07355054,-0.0001389107,-0.001066667,-0.6666409,-0.07354972,6.969857E-05,-0.001066667
-0.3646859,-0.04844412,3.943799E-05,-0.002186937,-0.6627608,-0.07397814,-0.000129404,-0.002219191
0.291,-0.061,0,0,-0.327,-0.065,0,0
0.291,-0.061,0,0,-0.327,-0.065,0,0
0.1417084,-0.07355104,-0.0001416711,-0.001066699,-0.327,-0.07354006,0,-0.002132813
-0.008288288,-0.0735506,-0.0001423401,-0.001066667,-0.07818056,-0.06769372,0.0002361185,0.007866408
0.03726254,-0.07354946,2.332152E-05,-0.001066667,-0.3803938,-0.07391635,-0.000372465,-0.002492293
-0.1108928,-0.07355572,-0.0003456077,-0.001066667,-0.1351301,0.006228567,0.0005721668,0.002446149
0.03667893,-0.07355057,0.0001400389,-0.001066667,-0.225889,-0.05524556,-8.61261E-05,0.007746927
-0.1119158,-0.07355057,-0.0001410098,-0.001066667,0.02250187,0.1690806,0.0002357117,-0.01065308
0.03733068,-0.07354943,9.689801E-06,-0.001066667,-0.3761901,0.001157612,-2.588501E-05,0.002926539
-0.07256964,-0.06002535,2.822823E-05,-0.00231551,-0.2264024,-0.07321358,9.727164E-06,-0.002054273
-0.1535442,-0.07298003,7.076887E-05,-0.0005298525,-0.5659959,-0.07361773,-0.001564803,-0.001069244
-0.3024836,-0.07301629,-0.0001413368,-0.0005333325,-0.6206177,-0.06472444,-5.183351E-05,-0.004311492
-0.4524786,-0.07301631,-0.0001423385,-0.0005333333,-0.5755088,-0.03380032,0.0001890171,-0.0187115
-0.5703963,-0.07301624,7.117163E-05,-0.0005333333,-0.6460031,-0.07306562,-9.422422E-05,-0.0005694687
-0.5700711,-0.07354945,6.113598E-06,-0.002133334,-0.6464338,-0.07353547,-8.093801E-06,-0.002132204
-0.534505,-0.07354943,4.86679E-06,-0.002133334,-0.6624779,0.1029905,9.425061E-05,-0.01264419
-0.385189,-0.07354978,0.0001416941,-0.002133334,-0.6793809,-0.04182292,7.0613E-05,-0.01047791
-0.5337755,-0.07354978,-0.0001410019,-0.002133334,-0.6139399,-0.07356417,0.0005364307,-0.001226004
-0.4033952,-0.07317457,0.0001216608,-0.0005662715,-0.6211587,-0.05534156,0.0001151374,-0.0192399
-0.5520815,-0.07301654,-0.0001410965,-0.0005333414,-0.6260154,-0.07345247,0.000694281,-0.00103874
-0.5125042,-0.07301612,4.890676E-06,-0.0005333334,-0.7224451,-0.07373969,3.226119E-06,-0.002158674
-0.6072687,-0.07301611,2.900951E-05,-0.0005333334,-0.5856754,0.5490804,0.000298878,0.01202487
-0.3572048,-0.05274939,1.623535E-05,-0.007333333,-0.7180176,-0.02602451,4.819286E-06,-0.04557514
-0.507075,-0.07354945,-9.730294E-06,-0.001066666,-0.5680422,-0.03410291,9.737128E-06,0.004206217
-0.4484255,-0.07354945,1.486011E-05,-0.001066667,-0.7176033,-0.07337123,-2.970094E-05,-0.001066139
-0.3618945,-0.07291317,0.0008987193,-0.0005177612,-0.6790977,-0.07195966,0.0004553568,0.001035559
-0.5067137,-0.07301618,-0.0001374269,-0.0005333295,-0.2787206,0.08729371,0.0003799397,-0.01336444
-0.4506684,-0.07356007,-0.0004285714,-0.002133334,-0.4002029,-0.07297044,1.691007E-07,-0.0005286763
-0.617441,-0.0735497,6.611037E-05,-0.001066667,-0.3471317,-0.0730161,4.867754E-06,-0.0005333333
-0.4671594,-0.07354945,9.757015E-06,-0.001066667,-0.2230179,-0.07337183,0.0001185673,-0.001065333
0.291,-0.061,0,0,-0.327,-0.065,0,0
0.291,-0.061,0,0,-0.327,-0.065,0,0
0.1417084,-0.07355104,-0.0001416711,-0.001066699,-0.4762917,-0.07354024,-0.0001416711,-0.002132813
-0.008288288,-0.0735506,-0.0001423401,-0.001066667,-0.327705,-0.07354976,0.000141002,-0.002133333
0.0373555,-0.07359011,0.0007590558,-0.001069181,-0.207469,-0.06157679,5.531165E-06,-0.0008037293
0.2598639,0.1275721,0.001453664,-0.00256497,-0.1671564,-0.07058494,-0.0002076543,-0.00316993
0.1178062,-0.03106406,-0.0001348063,-0.003517515,-0.3174814,-0.07355061,-0.0001426517,-0.001066668
-0.03203327,-0.07329424,-0.0001423077,-0.0009850195,-0.4674829,-0.0735506,-0.0001423447,-0.001066667
0.01825124,0.1801408,0.0007804369,0.0005284224,-0.3485991,-0.06663264,4.193097E-06,-0.002937063
-0.1277285,-0.0733753,-9.482298E-06,-0.01466421,-0.3829499,-0.05753519,-2.230219E-06,-0.007377612
-0.008976909,-0.03633853,0.000994649,-0.01167541,-0.3311983,-0.06943662,-0.000207636,-0.004514799
0.02978224,-0.06732194,0.0007066365,0.002708741,-0.2126409,-0.073905,3.884775E-06,-0.005106047
0.1934351,-0.07230719,0.001192199,-0.002639478,-0.1762117,-0.0720761,-0.0002076504,0.00101607
0.3793435,-0.05275295,0.001381008,-0.01313065,-0.05764639,-0.06495819,3.884706E-06,-0.0009974049
0.2369243,-0.07337115,-0.0001351494,-0.002109917,-0.2069187,-0.07355042,-0.0001416528,-0.001066655
0.08696006,-0.07354961,-0.0001423093,-0.002133328,-0.2418442,-0.0009352863,-3.31427E-05,-0.01697437
-0.06370259,-0.07354943,-9.781745E-06,-0.002133333,-0.2763683,-0.07397394,-2.242335E-06,-0.00205513
-0.2130429,-0.07354977,-0.0001417172,-0.002133333,-0.455364,-0.06162645,-0.0002784874,-0.0008061731
0.05223057,-0.06507713,0.001679236,0.0009273927,-0.4226402,-0.0705837,-0.0002069838,-0.003169625
0.291,-0.061,0,0,-0.327,-0.065,0,0
0.291,-0.061,0,0,-0.327,-0.065,0,0
0.1417084,-0.07355104,-0.0001416711,-0.001066699,-0.4762917,-0.07354024,-0.0001416711,-0.002132813
-0.008288288,-0.0735506,-0.0001423401,-0.001066667,-0.4769967,-0.07354943,-6.690232E-07,-0.002133333
-0.1582883,-0.0735506,-0.0001423433,-0.001066667,-0.4769999,-0.07354943,-3.159374E-09,-0.002133333
-0.3089511,-0.07354943,-9.781756E-06,-0.001066667,-0.7003167,-0.05029123,-0.0001059644,-0.002256325
-0.4582916,-0.07355058,-0.0001417172,-0.001066667,-0.4520246,0.01344101,0.000235618,0.0007281635
-0.3097052,-0.07355057,0.0001410018,-0.001066667,-0.05274101,0.1653168,0.0003789022,-0.01367184
-0.06018406,-0.0695452,0.0002367843,0.000633334,-0.2001471,0.00943351,-0.0001398818,-0.01956408
-0.1212204,-0.07354945,6.036702E-06,-0.001066667,-0.3774808,-0.05707445,-0.0002098284,-0.005030929
-0.1735984,-0.07354974,7.082128E-05,-0.001066667,-0.3162236,-0.05554913,-0.0001175637,0.002115465
-0.163093,-0.07354973,7.066831E-05,-0.001066667,-0.3570783,0.03362199,-0.0001177816,-0.01628454
-0.3126448,-0.07354946,-1.896998E-05,-0.001066667,-0.6963729,0.887293,9.136261E-05,0.01469141
-0.2576545,-0.07363418,0.005482974,-0.001066667,-0.4674301,0.9514229,0.004302816,-0.02294571
0.1222604,-0.07363536,0.005999994,-0.001066667,-0.2959203,0.1758734,3.916693E-07,-0.01252716
0.00235541,-0.07354947,-1.901477E-05,-0.001066667,-0.4457996,-0.0604774,-2.376815E-05,0.004468211
-0.1443598,-0.07356872,-0.0006759684,-0.001066667,-0.666574,0.2058821,0.0009009878,0.001268205
-0.2970154,-0.07355063,-0.0001448632,-0.001066667,-0.6620904,-0.02261701,4.254797E-06,0.008965897
-0.4476908,-0.07354943,-9.782573E-06,-0.001066667,-0.6620692,-0.07274179,1.380761E-09,-0.002320737
-0.597455,-0.07390501,-9.738736E-06,-0.001066667,-0.6482247,-0.06897543,-1.449522E-05,-0.001108724
-0.3285086,-0.07354968,6.52973E-05,-0.001066667,-0.7011591,-0.07301635,-4.86543E-06,-0.0005333411
-0.4774753,-0.07355057,-0.0001413627,-0.001066667,-0.6100054,-0.04741658,0.0001180707,-0.01893334
-0.4506145,-0.07354944,4.890719E-06,-0.001066667,-0.6740364,-0.07370567,8.879985E-05,-0.002151044
-0.3370613,-0.07357392,0.0008760625,-0.001066416,-0.6951067,-0.07355893,-0.0004090778,-0.00106679
-0.4819932,-0.07355052,-0.0001375339,-0.001066667,-0.5791621,0.07174463,0.0007255678,-0.005817986
-0.3327294,-0.07354944,9.690933E-06,-0.001066667,-0.6722942,-0.03011503,7.99524E-06,-0.004691007
-0.4819729,-0.07355057,-0.0001416253,-0.001066667,-0.423435,-0.06110791,0.0002361561,0.006745505
-0.5436093,-0.07354973,-7.050113E-05,-0.001066667,-0.3938432,-0.06932958,4.336568E-05,0.00805725
-0.5435155,-0.07354973,-7.066906E-05,-0.001066667,-0.347624,0.1624444,0.0001179568,-0.01034276
-0.3939174,-0.07354944,9.712629E-06,-0.001066667,-0.05826479,-0.07355358,0.0002740677,-0.001066669
-0.1080139,-0.07359013,-0.0008528606,-0.001066667,-0.05689447,-0.07354943,3.129302E-09,-0.001066667
-0.1790084,-0.07354971,-6.882177E-05,-0.001066667,0.3293952,0.2462823,0.001744602,0.003370494
0.1731478,-0.07363535,0.005999931,-0.001066667,0.2445898,-0.03146098,-1.936668E-07,-0.01428525
0.05318641,-0.07354943,-7.788472E-06,-0.001066667,0.6444265,-0.07260107,2.596144E-05,-0.001792828
0.4056478,-0.07363535,0.005999931,-0.001066667,0.4945579,-0.07354944,-3.422433E-07,-0.001066667
0.291,-0.061,0,0,-0.327,-0.065,0,0
0.291,-0.061,0,0,-0.327,-0.065,0,0
0.1417084,-0.07355104,-0.0001416711,-0.001066699,-0.1777084,-0.07354025,0.0001416711,-0.002132813
0.1391459,-0.07016703,0.0005369406,-0.003173842,-0.423204,-0.06499241,-0.001679831,0.003050389
-0.007473773,-0.07355057,-0.0001391354,-0.001066668,-0.2822718,-0.07355215,0.0001337382,-0.001066806
0.06772874,-0.07337746,0.0008567222,-0.0003229025,-0.5818119,-0.0673973,-0.001893323,0.002917049
-0.07729952,-0.07301515,-0.0001376253,-0.000533282,-0.4419421,-0.07347964,0.0001327301,-0.00212279
0.05018232,-0.07394187,0.001136497,-0.002756389,-0.6874823,-0.0649877,-0.001679873,0.003050546
-0.09345368,-0.07355051,-0.0001363041,-0.001066667,-0.5465504,-0.07355218,0.0001337381,-0.001066806
-0.2434236,-0.0735506,-0.0001423147,-0.001066667,-0.6951764,-0.07355057,-0.0001410395,-0.001066667
-0.2143993,-0.06262024,0.0006824835,0.00109531,-0.6139595,-0.06739628,0.0008405832,0.002917048
-0.09161372,-0.0311352,0.001099459,-0.01173704,-0.6570092,-0.0667081,0.0008382654,-0.001180916
-0.2354341,-0.07323324,-0.000136479,-0.000433565,-0.7192206,-0.07390513,3.556406E-05,-0.002499972
-0.3854049,-0.07301579,-0.0001423155,-0.000533309,-0.650829,-0.07354975,7.075154E-05,-0.001066667
-0.5354048,-0.07301631,-0.0001423431,-0.0005333333,-0.5990881,-0.06739177,-0.0004378757,0.002917048
-0.319923,-0.06822183,0.0008122954,-0.01405357,-0.5571393,-0.06669872,0.0009459864,-0.001180916
-0.3535482,-0.07327791,-3.196808E-05,0.0001103269,-0.7017235,-0.0735504,-0.0001372038,-0.00106666
-0.3472658,-0.0729091,0.0005756948,-0.0005191159,-0.6106954,-0.06739628,0.0008405742,0.002917048
-0.4936925,-0.0730162,-0.0001389524,-0.0005333299,-0.707107,-0.0734797,6.885078E-05,-0.00212279
-0.4087376,-0.07355016,5.259437E-05,-0.001066707,-0.6263227,-0.0735503,0.0001194502,-0.001066669
0.291,-0.061,0,0,-0.327,-0.065,0,0
0.291,-0.061,0,0,-0.327,-0.065,0,0
0.1417084,-0.07355104,-0.0001416711,-0.001066699,-0.7225794,0.06939993,0.0001888948,-0.01440001
-0.008288288,-0.0735506,-0.0001423401,-0.001066667,-0.6803338,-0.06373351,4.008909E-05,-0.008790668
-0.1582883,-0.0735506,-0.0001423433,-0.001066667,-0.4313149,-0.07130561,0.0002363077,0.001602333
-0.3082883,-0.0735506,-0.0001423433,-0.001066667,-0.3553686,0.00555031,-0.0001186172,-0.01679767
0.0228322,-0.07354183,6.612528E-05,-0.001018444,-0.3896467,-0.07271747,-4.848534E-06,-0.0004124636
-0.1267613,-0.07354945,-1.517829E-05,-0.001066667,-0.539595,-0.07354946,-1.521428E-05,-0.001066667
-0.2761285,-0.07355058,-0.0001417427,-0.001066667,-0.6889623,-0.07355058,-0.0001417429,-0.001066667
-0.4265457,-0.07354964,-5.830264E-05,-0.001066667,-0.583011,0.0291297,-0.0007310693,-0.01478248
-0.5766884,-0.07354949,-2.976831E-05,-0.001066667,-0.4368113,-0.07264958,2.898656E-05,-0.01009562
-0.5167489,-0.07354946,-1.855068E-05,-0.001066667,-0.3212632,-0.06220911,0.0004235165,-0.002403989
-0.5071262,-0.07354973,-7.079171E-05,-0.001066667,-0.3445318,-0.07010505,0.0001170592,0.008001996
-0.4777777,-0.07354944,-4.856295E-06,-0.001066667,-0.3078225,-0.0700333,8.093975E-06,-0.02959801
-0.3582178,-0.07357889,-0.0004285714,-0.001066667,-0.3077821,-0.07390501,9.241694E-11,-0.001066661
-0.431619,-0.07354944,-4.798242E-06,-0.001066667,-0.1732012,0.06339197,0.0001823568,-0.01436068
-0.07914252,-0.07363535,0.005999931,-0.001066667,0.2277059,-0.07307766,9.155218E-07,-0.0005243857
0.1000071,-0.07355108,0.0001700049,-0.001066667,0.5626643,-0.07159501,0.001543254,-0.004953701
0.2508082,-0.07354944,9.790732E-06,-0.001066667,0.5187713,-0.04874538,0.0001724642,0.001658019
0.4008085,-0.07354943,9.738742E-06,-0.001066667,0.67476,-0.02272909,-8.140954E-06,0.001170992
0.2177796,-0.07390556,-9.11781E-05,-0.001067398,0.5794979,-0.07390501,4.869102E-06,-0.001066628
0.3672751,-0.07354944,9.705976E-06,-0.001066667,0.6448256,-0.06923897,-8.113758E-06,-0.009466686
0.2087152,-0.07298615,-8.504908E-05,-0.0005301476,0.5523579,-0.07301642,4.869098E-06,-0.0005333476
0.3582414,-0.0730161,9.707962E-06,-0.0005333333,0.6345879,-0.07382025,0.0001317383,-0.002212701
0.5082411,-0.0730161,9.738713E-06,-0.0005333333,0.678517,-0.07390501,-6.033785E-05,0.001605627
0.6021892,-0.0730161,-4.869362E-06,-0.0005333333,0.657096,-0.07365891,3.615877E-05,-0.002158179
0.534436,-0.07301611,-4.866991E-06,-0.0005333333,0.6405057,-0.03065982,-6.487443E-06,-0.001320908
0.6843629,-0.0730161,9.733982E-06,-0.0005333333,0.6587968,0.03887168,-6.490901E-06,-0.001739544
0.5344604,-0.0730161,-9.732405E-06,-0.0005333333,0.6551981,-0.073905,-4.866729E-06,-0.00250218
0.6136523,-0.0730161,-4.866202E-06,-0.0005333333,0.6793967,-0.07390508,3.497687E-05,-0.001068805
0.291,-0.061,0,0,-0.327,-0.065,0,0
0.291,-0.061,0,0,-0.327,-0.065,0,0
0.1417084,-0.07355104,-0.0001416711,-0.001066699,-0.3926795,-0.07391845,-6.232689E-05,-0.00222375
-0.008288288,-0.0735506,-0.0001423401,-0.001066667,-0.243698,-0.0735504,0.0001413767,-0.002133355
0.1646784,-0.07269502,0.001188294,-0.002678175,-0.5688288,-0.001446144,-0.001855804,-0.01010709
0.02130008,-0.07355277,-0.0001360595,-0.002133467,-0.4287723,-0.07202493,0.0001329073,-0.006126771
-0.1286687,-0.07354979,-0.0001423135,-0.002133334,-0.5774027,-0.0735506,-0.0001410435,-0.001066669
-0.1152052,-0.06576288,0.0006107895,-0.01396954,-0.6769278,0.003387703,0.0008218149,-0.00984042
-0.2614574,-0.07315654,-0.0001387867,-0.000565863,-0.5235465,-0.07024997,0.000145552,-0.0005699478
-0.13374,-0.0706645,0.001080866,-0.003188524,-0.668061,0.008709974,0.0009279068,-0.009502509
-0.2776529,-0.07355053,-0.0001365668,-0.001066668,-0.514437,-0.07308496,0.000146053,-0.004775627
-0.1958545,-0.07332207,5.237468E-05,-0.001016624,-0.6949435,-0.07355823,-0.0002339341,-0.001067243
-0.3448856,-0.0735506,-0.0001414237,-0.001066667,-0.662297,-0.07354973,7.138788E-05,-0.001066667
-0.3643579,-0.07312369,0.0004599295,-0.001992924,-0.6350067,0.003387798,0.0008213132,-0.00984042
-0.3297539,-0.07272866,0.0006523275,-0.0003866544,-0.6191732,-0.05927024,0.0009287047,-0.01323386
-0.3070608,-0.07360047,0.0006388468,-0.001071134,-0.6587041,0.003149499,0.000819289,-0.009282215
-0.4531733,-0.07355054,-0.0001386542,-0.001066667,-0.7203065,-0.0730143,-5.845791E-05,-0.004015554
-0.5844628,-0.07354973,7.116293E-05,-0.001066667,-0.6882981,0.002309336,-0.0004383333,-0.009872641
-0.6220111,-0.07354944,4.856235E-06,-0.001066667,-0.7099738,-0.07334642,-5.695198E-05,-0.002106661
0.291,-0.061,0,0,-0.327,-0.065,0,0
0.291,-0.061,0,0,-0.327,-0.065,0,0
0.1417084,-0.07355104,-0.0001416711,-0.001066699,-0.327,-0.07354006,0,-0.002132813
-0.008923571,-0.07354946,-1.528365E-05,-0.001066667,-0.2484958,-0.07124492,-1.940834E-05,0.00209088
-0.09440377,-0.07354944,4.870262E-06,-0.001066667,-0.3419523,0.01547575,-5.179238E-05,-0.02094853
-0.2391026,-0.07358371,-0.00105536,-0.001066667,-0.5472484,0.1552544,-0.006033894,0.01961043
-0.3936462,-0.07355067,-0.0001466548,-0.001066667,-0.7218471,0.1843046,8.508265E-05,-0.01878958
-0.5436677,-0.0735506,-0.0001423636,-0.001066667,-0.3233126,-0.04713482,0.0003781913,0.01179479
-0.4817737,-0.07354973,-7.049939E-05,-0.001066667,-0.3727946,-0.05842759,6.994255E-05,-0.003497395
-0.3321748,-0.07354945,9.712684E-06,-0.001066667,-0.2164837,-0.03323923,1.29694E-05,-0.003051301
-0.308753,-0.07354943,-4.869358E-06,-0.001066667,-0.1066451,0.01674885,0.0001041745,-0.01623838
-0.2650316,-0.07354946,-2.320762E-05,-0.001066667,0.1883062,0.4025294,0.0005240338,0.002296916
-0.06261776,-0.07363535,0.005994034,-0.001066667,-0.2086801,0.4737337,-7.870921E-05,-0.02330309
0.1172941,-0.07354946,1.168074E-05,-0.001066667,-0.2090734,0.07173124,-2.554261E-08,-0.009948459
-0.0325989,-0.07354943,-9.731773E-06,-0.001066667,0.190746,-0.02782506,2.596149E-05,-0.004625771
0.1173038,-0.07354945,9.732405E-06,-0.001066667,0.3407466,-0.07303242,9.743988E-06,-0.0005343325
0.2300879,-0.07354944,-4.869362E-06,-0.001066667,0.4214566,-0.05917639,0.0001195059,0.00386638
0.3793553,-0.07355059,0.0001416481,-0.001066667,0.6494457,0.1680166,-0.0001891769,-0.01053363
0.5300146,-0.07354943,9.78153E-06,-0.001066667,0.6411074,-0.02510216,-8.932477E-05,-0.01775828
0.5143586,-0.07354945,-4.869368E-06,-0.001066667,0.677942,-0.05340892,-2.813174E-05,-0.001897065
0.6094649,-0.07354944,-4.866991E-06,-0.001066667,0.6722779,-0.07354952,3.913298E-05,-0.001066666
0.291,-0.061,0,0,-0.327,-0.065,0,0
0.291,-0.061,0,0,-0.327,-0.065,0,0
0.1417084,-0.07355104,-0.0001416711,-0.001066699,-0.1777084,-0.07354025,0.0001416711,-0.002132813
0.2138136,-0.06169191,0.0008809607,0.001135759,-0.422589,-0.07360107,-0.001676998,-0.001066643
0.06890593,-0.07306384,-0.0001375109,-0.0005393134,-0.2816428,-0.07355047,0.0001337517,-0.001066667
0.01160716,-0.07300909,0.0002846757,-0.000532872,-0.5265629,-0.07360123,-0.001677035,-0.001066651
-0.1362679,-0.0730163,-0.0001403267,-0.0005333332,-0.6842004,-0.07355072,-0.0001495907,-0.001066667
-0.2862578,-0.07301631,-0.0001423337,-0.0005333333,-0.7099973,-0.07334827,3.151665E-05,-0.001043151
-0.4362577,-0.07301631,-0.0001423433,-0.0005333333,-0.6974208,-0.07334819,3.108902E-05,-0.001043059
-0.5862578,-0.07301631,-0.0001423433,-0.0005333333,-0.6682894,-0.07361436,-0.0004470619,-0.00107739
-0.5792919,-0.07301611,4.890878E-06,-0.0005333333,-0.6439337,-0.07386746,-5.785786E-05,-0.002214577
-0.2606257,-0.07354967,6.202526E-05,-0.001066667,-0.4942716,-0.07354946,9.716785E-06,-0.002133334
-0.4096087,-0.07355057,-0.0001413782,-0.001066667,-0.6076065,-0.07353817,0.0009408093,-0.001060807
-0.1872047,-0.07390549,8.507218E-05,-0.001067406,-0.5734041,-0.07354943,-5.020438E-06,-0.001066667
-0.08276624,-0.06328846,0.001025804,0.003159294,-0.6754891,-0.07357524,0.0008388452,-0.001066651
-0.2269531,-0.07355195,-0.0001368269,-0.0010668,-0.7167004,-0.07334826,2.918278E-05,-0.001043151
-0.2053755,-0.06952804,0.0006480744,-0.004816688,-0.603926,-0.07357524,0.0008387644,-0.001066651
0.00739847,-0.07367536,0.001514693,-0.002146631,-0.6623277,-0.07357516,0.0008368528,-0.001066651
-0.1343555,-0.07354985,-0.0001345181,-0.002133337,-0.5088714,-0.07355063,0.000145623,-0.001066667
-0.0161153,-0.07240132,0.001093391,-0.01428263,-0.7081316,-0.07357512,0.0008384894,-0.001066651
-0.1599658,-0.07310078,-0.0001365077,-0.0005432915,-0.5546674,-0.07355065,0.0001456307,-0.001066667
-0.3099367,-0.07301641,-0.0001423157,-0.0005333358,-0.7032344,-0.07355057,-0.0001409833,-0.001066667
0.291,-0.061,0,0,-0.327,-0.065,0,0
0.291,-0.061,0,0,-0.327,-0.065,0,0
0.1417084,-0.07355104,-0.0001416711,-0.001066699,-0.327,-0.07354006,0,-0.002132813
-0.008288288,-0.0735506,-0.0001423401,-0.001066667,-0.327,-0.07354943,0,-0.002133333
-0.1589236,-0.07354944,-1.528399E-05,-0.001066667,-0.476924,-0.07354945,-1.521182E-05,-0.002133334
-0.3037197,-0.07358373,-0.001056069,-0.001066667,-0.5164648,-0.07127659,-0.001591814,-0.002305645
-0.4589499,-0.07354945,-1.007828E-05,-0.001066667,-0.6838966,-0.07301108,0.0001321064,-0.0005330633
-0.6082917,-0.07355059,-0.0001417186,-0.001066667,-0.6844528,0.3003478,0.0002715161,0.007594007
-0.4590488,-0.07354944,9.689573E-06,-0.001066667,-0.7079349,-0.04408347,2.266105E-06,0.016093
-0.6082922,-0.07355057,-0.0001416253,-0.001066667,-0.7079239,-0.06348523,1.070138E-08,0.006353502
-0.6211179,-0.07354973,7.116993E-05,-0.001066667,-0.7068692,-0.07298052,0.000225402,-0.0001692339
-0.5982811,-0.07354945,4.856233E-06,-0.001066667,-0.6922671,-0.03532095,3.236044E-06,0.002484619
-0.7108957,-0.07354944,4.866994E-06,-0.001066667,-0.6493449,-0.06592007,6.490639E-06,0.01315769
-0.7006439,-0.07354944,2.434286E-06,-0.001066667,-0.4633554,0.2637568,1.29797E-05,-0.02044231
-0.6411471,-0.06733397,-0.0004285714,-0.0015568,-0.5906706,-0.06203914,1.711958E-07,0.0007552896
-0.7141616,-0.07302056,-6.98236E-05,-0.0005336149,-0.3418502,-0.005512252,0.0002361192,-0.01764471
-0.3933928,-0.0735214,0.001392034,-0.002133333,-0.3406959,-0.07238667,2.696007E-09,-0.001601541
-0.4679516,-0.07354943,-5.093652E-06,-0.002133333,-0.162362,-0.02423635,1.298075E-05,0.0008007724
-0.1154768,-0.07308875,0.005999931,-0.0005333333,-0.5622925,-0.07167803,-9.132909E-07,0.005000193
-0.2349106,-0.07301625,-0.0001133372,-0.0005333333,-0.6048084,0.1827265,0.0001888969,-0.009399813
-0.3854284,-0.0730161,-9.772344E-06,-0.0005333333,-0.6038643,-0.05714541,6.130058E-08,0.001250048
-0.5347686,-0.07301631,-0.0001417172,-0.0005333333,-0.6090739,-0.07375227,0.0008016359,-0.001235891
-0.4960781,-0.07301614,7.117014E-05,-0.0005333333,-0.6822003,0.03098625,9.539376E-05,-0.0156359
-0.6450156,-0.07301632,-0.000141335,-0.0005333333,-0.4329061,-0.04432045,0.0002365689,-0.004582052
-0.6456615,-0.07354945,-1.214058E-05,-0.002133334,-0.447526,0.05586295,-0.000274769,-0.0004924188
-0.5387383,0.03488785,-0.002146963,0.0002666641,-0.4480334,-0.03755366,1.180124E-05,-0.01809242
-0.3995855,-0.07309648,9.038833E-06,-0.0006083334,-0.5979258,-0.07353514,-9.731732E-06,-0.002131731
-0.5488323,-0.07301678,-0.0001416284,-0.0005333517,-0.6616161,-0.06770911,0.0001180822,0.007865868
-0.5545493,-0.07301612,4.890762E-06,-0.0005333334,-0.6787757,0.07159612,6.499956E-06,-0.02573414
-0.4045734,-0.07301611,9.737149E-06,-0.0005333334,-0.6207421,-0.07363026,8.111918E-06,-0.002220808
-0.5538166,-0.07301632,-0.0001416251,-0.0005333334,-0.5755971,0.007470283,0.0001888756,-0.01662081
-0.4052297,-0.07301632,0.0001410023,-0.0005333334,-0.5986129,-0.04954315,0.0001884487,-0.003689593
-0.5529498,-0.07301594,7.050259E-05,-0.0005333334,-0.6048372,-0.06490852,-0.000361413,-0.01313038
-0.4811603,-0.07301615,7.066906E-05,-0.0005333334,-0.7161924,-0.06471078,0.000303101,0.003308278
-0.6095216,-0.07301594,7.066866E-05,-0.0005333334,-0.6958525,-0.07355507,-0.0002811172,-0.00106679
-0.5894907,-0.07301612,4.856315E-06,-0.0005333334,-0.6757118,-0.07286341,5.761704E-05,-0.00350418
0.291,-0.061,0,0,-0.327,-0.065,0,0
0.291,-0.061,0,0,-0.327,-0.065,0,0
0.1417084,-0.07355104,-0.0001416711,-0.001066699,-0.4762917,-0.07354024,-0.0001416711,-0.002132813
-0.008288288,-0.0735506,-0.0001423401,-0.001066667,-0.327705,-0.07354976,0.000141002,-0.002133333
-0.1582883,-0.0735506,-0.0001423433,-0.001066667,-0.4762951,-0.07354976,-0.0001410052,-0.002133333
-0.3082883,-0.0735506,-0.0001423433,-0.001066667,-0.576809,-0.07291874,-9.538312E-05,-0.0006095834
-0.4589511,-0.07354945,-9.781756E-06,-0.001066667,-0.721401,-0.07301612,4.883258E-06,-0.0005333336
-0.4580058,-0.07356375,0.0005276214,-0.001066753,-0.6057476,-0.07357085,0.0007608403,-0.001066561
-0.3688774,-0.07300745,0.0005462413,-0.0005326169,-0.6198493,-0.07357402,0.0007617327,-0.001066814
-0.5154506,-0.0730163,-0.0001390915,-0.0005333332,-0.5763881,-0.07357107,0.0006908983,-0.001066814
-0.2192024,-0.06446893,7.846755E-05,-0.00629541,-0.638614,-0.07354943,-4.979887E-06,-0.001066667
-0.213834,-0.07356422,0.0005694737,-0.001066664,-0.6828758,-0.07356956,0.0006545929,-0.001066814
-0.3602918,-0.07355054,-0.0001389818,-0.001066667,-0.6705416,-0.07354972,6.928992E-05,-0.001066667
-0.367328,-0.06198927,0.0005162794,-0.0008574756,-0.6670963,-0.07356955,0.0006544175,-0.001066814
-0.277368,0.0135932,0.0009512458,-0.009243644,-0.6702749,-0.07356949,0.0006530359,-0.001066814
-0.4222967,-0.07293315,-9.426867E-06,-0.000523608,-0.7014433,-0.07301927,3.148499E-06,-0.001957134
-0.4155704,-0.07367627,0.0005763013,-0.001097154,-0.6225184,-0.07357402,0.0007608381,-0.001066815
-0.5619943,-0.07355054,-0.0001389496,-0.001066667,-0.7185444,-0.06954299,-9.112429E-05,0.0002282962
-0.6023813,-0.07354974,7.116362E-05,-0.001066667,-0.701312,-0.07357896,-0.0003715896,-0.001069471
-0.4544164,-0.002288754,0.0006531956,-0.01020391,-0.5717191,-0.07357181,0.000707927,-0.001066814
0.291,-0.061,0,0,-0.327,-0.065,0,0
0.291,-0.061,0,0,-0.327,-0.065,0,0
0.1417084,-0.07355104,-0.0001416711,-0.001066699,-0.1777084,-0.07354025,0.0001416711,-0.002132813
-0.008288288,-0.0735506,-0.0001423401,-0.001066667,-0.3805885,-0.07381007,-0.0009380869,-0.001408756
-0.1588135,-0.07354952,-3.731444E-05,-0.001066667,-0.5706803,-0.07324202,-0.0003621329,-0.002064635
-0.1454126,-0.07356588,0.0006085894,-0.001066665,-0.5639687,-0.07353902,-0.0005086517,-0.001063962
-0.2916756,-0.07355054,-0.0001387971,-0.001066667,-0.7157916,-0.07355062,-0.0001440731,-0.001066667
-0.3120417,0.04557025,0.0004548607,-0.007387877,-0.6565157,-0.07355548,-0.0002704403,-0.001066836
-0.4595202,-0.07354391,-9.587955E-06,-0.0007154356,-0.6810874,-0.07354943,4.911664E-06,-0.001066667
-0.5998258,-0.07355074,0.0001107159,-0.001066667,-0.6639913,-0.073493,-0.0003576911,-0.001046855
-0.5462251,-0.07354944,4.849817E-06,-0.001066667,-0.7063781,-0.07337231,4.369514E-05,-0.001067105
-0.6081761,-0.07354943,7.604681E-06,-0.001066667,-0.7127405,-0.07302428,2.728788E-05,-0.0005337888
-0.6174565,-0.07356258,0.000527632,-0.001066667,-0.7190025,0.001338202,-0.002858068,0.002238888
-0.7026116,-0.07354943,4.78217E-06,-0.001066667,-0.6854277,-0.003096401,2.605285E-06,-0.001067024
-0.5526363,-0.07354943,9.737114E-06,-0.001066667,-0.6173396,-0.0325028,8.112545E-06,-0.002266487
-0.4995899,-0.07354945,4.866202E-06,-0.001066667,-0.6514207,-0.04174256,8.111652E-06,-0.006466757
-0.5775123,-0.07354974,7.082403E-05,-0.001066667,-0.6366413,-0.07301218,0.0005651455,-0.0005380454
-0.5165862,-0.07354973,7.066828E-05,-0.001066667,-0.7116793,-0.04752531,5.969682E-05,-0.01893805
0.291,-0.061,0,0,-0.327,-0.065,0,0
0.291,-0.061,0,0,-0.327,-0.065,0,0
0.1417084,-0.07355104,-0.0001416711,-0.001066699,-0.1777084,-0.07354025,0.0001416711,-0.002132813
0.2969859,-0.06523779,0.001264165,0.0009267967,-0.3267356,0.1079293,-0.001235367,-0.003752401
0.1541603,-0.07354717,-0.0001357012,-0.00106635,-0.1835916,-0.03099362,0.0001358372,-0.0053238
0.004193312,-0.07355059,-0.0001423119,-0.001066667,-0.2354776,-0.07195836,-4.941634E-05,-0.002499525
0.04460459,-0.07357013,0.0006536856,-0.001066852,-0.4764026,0.09857947,-0.001448426,-0.004274573
-0.1014341,-0.07355053,-0.0001385841,-0.001066667,-0.3343189,-0.04645288,0.000134831,-0.007462715
0.1549632,-0.06718282,0.001555406,-0.00299936,-0.5692629,0.1263402,-0.001448861,-0.003487743
0.01341181,-0.07355054,-0.0001343258,-0.00106667,-0.427392,-0.01951871,0.000134829,-0.003056129
-0.1365483,-0.0735506,-0.0001423054,-0.001066667,-0.5759249,-0.07189642,-0.0001410344,0.000408992
0.05585552,-0.07038257,0.00143523,-0.00318734,-0.7218337,0.1001367,0.0006183512,-0.004193538
-0.08629387,-0.0735505,-0.0001348934,-0.001066668,-0.5694649,-0.048204,0.0001445912,-0.007503232
-0.1213176,-0.0274662,0.000387257,-0.01165929,-0.7184776,0.0772814,-0.001235353,-0.005867484
-0.2693333,-0.07304754,-9.609894E-06,-0.0005357133,-0.6962332,-0.07290806,1.920421E-06,0.001168435
-0.311096,-0.0701921,2.381303E-05,-0.002606704,-0.5462722,-0.07354944,9.736186E-06,-0.001066667
-0.2135129,0.09806035,0.0008435628,-0.00431725,-0.693247,0.09807634,0.0007242829,-0.004285767
-0.1215944,0.05482326,0.0009543105,-0.003222064,-0.6653104,-0.03870675,0.000616308,-0.01870487
-0.2667611,-0.07355369,-9.425872E-06,-0.0006493106,-0.5126373,-0.07390501,9.935567E-06,-0.001066673
-0.1286083,0.09356041,0.001081211,-0.004538537,-0.7131671,0.09807995,0.0007242832,-0.004285767
-0.2725194,-0.04077577,-0.0001365652,-0.007330733,-0.70384,-0.02830825,2.331874E-05,-0.0009171168
0.291,-0.061,0,0,-0.327,-0.065,0,0
0.291,-0.061,0,0,-0.327,-0.065,0,0
0.1417084,-0.07355104,-0.0001416711,-0.001066699,-0.1777084,-0.07354025,0.0001416711,-0.002132813
-0.008288288,-0.0735506,-0.0001423401,-0.001066667,-0.2247244,-0.06526645,-0.0002191985,0.0009182218
-0.1582883,-0.0735506,-0.0001423433,-0.001066667,-0.4078111,-0.06366538,-0.0008395539,-0.002724864
-0.3082883,-0.0735506,-0.0001423433,-0.001066667,-0.5382448,-0.07058921,-0.0005856685,0.004973239
-0.4588133,-0.07354953,-3.731444E-05,-0.001066667,-0.5950016,-0.07304537,0.0001907887,-0.0005354785
-0.5132363,-0.07355204,0.0002164418,-0.001066667,-0.6372031,-0.0580823,-0.0006339367,-0.00906528
-0.5522498,-0.07354973,7.032447E-05,-0.001066667,-0.6438295,-0.07356744,0.0005589334,-0.001067053
-0.2989803,-0.07159187,0.001166987,0.001056995,-0.7150449,-0.07342818,0.0001226076,-0.0003260545
-0.4424644,-0.07355065,-0.0001361601,-0.001066677,-0.7144348,-0.073015,5.789981E-07,-0.0005332828
-0.5119129,-0.07354974,7.115703E-05,-0.001066667,-0.6394636,-0.04741384,-0.0001180606,-0.01893329
-0.3864382,-0.06090228,0.0002367291,-0.001430282,-0.5789733,-0.06793074,0.0001100838,-0.006597125
-0.5310658,-0.07355326,-0.0008377619,-0.001062831,-0.6768885,-0.07111702,0.003682728,-0.0002188835
-0.5693675,-0.07354975,7.281364E-05,-0.001066667,-0.706246,0.0580297,-9.009957E-05,-0.01461889
-0.718955,-0.07354943,-9.711935E-06,-0.001066667,-0.6068081,-0.06343658,8.127588E-06,-0.002254721
0.291,-0.061,0,0,-0.327,-0.065,0,0
0.291,-0.061,0,0,-0.327,-0.065,0,0
0.1417084,-0.07355104,-0.0001416711,-0.001066699,-0.1777084,-0.07354025,0.0001416711,-0.002132813
0.1952101,-0.07357477,0.0007952481,-0.001066747,-0.1839041,-0.07261544,-0.0005772926,0.0009812573
0.04987592,-0.07355052,-0.0001379156,-0.001066667,-0.3360685,-0.07355063,-0.0001443972,-0.001066667
-0.1001021,-0.0735506,-0.0001423224,-0.001066667,-0.4860787,-0.0735506,-0.000142353,-0.001066667
-0.250102,-0.0735506,-0.0001423431,-0.001066667,-0.5616807,-0.07354467,-7.183287E-05,-0.001064909
-0.400102,-0.07355059,-0.0001423433,-0.001066667,-0.6884621,-0.07242545,0.0003955662,-0.0001116774
-0.5501019,-0.07355059,-0.0001423433,-0.001066667,-0.6733517,-0.07387335,0.0003248655,-0.002754604
-0.3189345,-0.07204177,0.001086653,0.00490312,-0.6595301,-0.07369339,0.0003956177,-0.002746178
-0.4628186,-0.07354787,-0.0001365395,-0.001066419,-0.7189747,-0.07367472,3.464619E-05,-0.002146514
-0.3915321,-0.06520716,0.0007804071,-0.002882989,-0.6880554,-0.07261558,0.000395275,0.0009810431
-0.3753054,-0.07375179,0.0006067219,-0.00228754,-0.6929891,-0.07363361,-0.000576095,-0.002743082
-0.291542,-0.04389,0.0009210493,-0.01260883,-0.7027567,-0.07369489,-0.0005806822,-0.002746133
-0.4361695,-0.07390783,-0.0001373215,-0.001247013,-0.6949081,-0.07367481,3.695141E-05,-0.002146515
-0.2731598,-0.06505154,0.001220796,-0.001039129,-0.6991263,-0.07261559,0.0003952778,0.0009810431
-0.1952171,-0.07355034,5.945963E-05,-0.001066723,-0.5471991,-0.07354943,9.863837E-06,-0.001066667
-0.3442129,-0.07355058,-0.0001413903,-0.001066667,-0.6964416,-0.07355057,-0.0001416245,-0.001066667
-0.494208,-0.0735506,-0.0001423387,-0.001066667,-0.676015,-0.07381935,0.0003242314,-0.002752085
0.291,-0.061,0,0,-0.327,-0.065,0,0
0.291,-0.061,0,0,-0.327,-0.065,0,0
0.1417084,-0.07355104,-0.0001416711,-0.001066699,-0.7225794,0.06939993,0.0001888948,-0.01440001
-0.008288288,-0.0735506,-0.0001423401,-0.001066667,-0.5723478,-0.07167662,0.0001425631,0.004799999
-0.1582883,-0.0735506,-0.0001423433,-0.001066667,-0.6001378,0.1779233,0.0001885581,-0.009600007
-0.3089511,-0.07354943,-9.781756E-06,-0.001066667,-0.6604429,0.008981015,8.082376E-06,-0.0003999958
-0.4582916,-0.07355058,-0.0001417172,-0.001066667,-0.6303986,0.03778105,0.0001180401,-0.0188
-0.6082885,-0.0735506,-0.0001423403,-0.001066667,-0.6983763,0.03350332,-0.0004576198,-0.009677515
-0.7055213,-0.07354944,4.890878E-06,-0.001066667,-0.550759,-0.07319065,9.587056E-06,-0.0005618945
-0.7193393,-0.07354945,2.434287E-06,-0.001066667,-0.4628401,-0.028148,1.297919E-05,0.002680949
-0.5693758,-0.07354943,9.736354E-06,-0.001066667,-0.06290496,-0.07304051,2.596571E-05,0.01305953
-0.2168266,-0.07363537,0.005999932,-0.001066667,-0.3127722,0.07619937,-5.706031E-07,-0.002129763
-0.3104458,0.02236461,0.0003963175,-0.009866671,-0.4600728,-0.0547232,-0.0005404424,-0.02053512
-0.3898638,-0.06924266,0.0002666464,-0.009466667,-0.7162319,-0.07144907,0.002587637,0.00164087
-0.5378286,-0.07302567,-0.0001404119,-0.0005342448,-0.4545354,0.006331757,0.0002483382,-0.01675913
-0.6789011,0.1098948,-0.001756131,0.001065751,-0.4533483,-0.03190944,1.092203E-05,-0.004420434
-0.5377277,-0.06032187,9.165664E-06,-0.01053356,-0.7031158,-0.07349285,-1.622239E-05,-0.001986862
-0.6433229,-0.0730342,4.866294E-06,-0.000534725,-0.7083682,-0.06530786,-3.08212E-05,-0.006744881
-0.5907774,-0.07301612,4.866991E-06,-0.0005333334,-0.659943,-0.07337078,-5.921228E-05,-0.00106541
-0.4414614,-0.07301632,0.0001416941,-0.0005333334,-0.6304803,-0.06054065,0.000118199,-0.01946541
-0.5900479,-0.07301633,-0.0001410019,-0.0005333334,-0.6488473,-0.06494635,-0.000370601,-0.00164697
-0.4322446,-0.07293069,9.57105E-05,-0.0005248713,-0.6582469,-0.05008489,7.201555E-05,8.622929E-06
-0.5810599,-0.07301625,-0.0001412191,-0.0005333313,-0.6530157,-0.07122079,0.0004743992,0.001112156
-0.5388464,-0.07301614,7.116895E-05,-0.0005333333,-0.6336326,0.006637896,0.0005791399,-0.00974909
-0.6877838,-0.07301631,-0.000141335,-0.0005333333,-0.6307506,-0.05918155,2.734912E-06,0.003018636
-0.709158,-0.07301611,3.52509E-05,-0.0005333333,-0.5511569,-0.02988813,0.0003666746,-0.01173813
-0.5590304,-0.0730161,9.747005E-06,-0.0005333333,-0.2994308,-0.07357212,1.634493E-05,-0.0007081834
0.291,-0.061,0,0,-0.327,-0.065,0,0
0.291,-0.061,0,0,-0.327,-0.065,0,0
0.1417084,-0.07355104,-0.0001416711,-0.001066699,-0.1777084,-0.07354025,0.0001416711,-0.002132813
-0.008110364,-0.07355123,-0.0001779251,-0.001066667,-0.3503454,-0.07357286,-0.001388596,-0.001064614
-0.1582874,-0.07355059,-0.0001425113,-0.001066667,-0.5319864,-0.07376559,-0.001118104,-0.0008670553
-0.1291507,-0.06949204,0.0006832578,0.002813351,-0.6467698,-0.07352331,-0.001054659,-0.002129674
-0.2750422,-0.07355081,-0.0001384444,-0.001066684,-0.5027266,-0.07354973,0.0001366906,-0.002133333
-0.1685259,0.03632045,0.0008312807,-0.007932831,-0.7031259,-0.07359258,-0.001262208,-0.001066837
-0.3136807,-0.06754366,-0.0001377454,0.0004167933,-0.5601155,-0.07355049,0.0001357104,-0.001066667
-0.1077059,-0.06534927,0.001396528,-0.002903733,-0.7094609,-0.07351081,0.0006311029,-0.002129668
-0.2500478,-0.0735506,-0.0001350762,-0.001066674,-0.5570285,-0.07354977,0.0001446514,-0.002133333
-0.4000117,-0.0735506,-0.0001423089,-0.001066667,-0.7056004,-0.07354977,-0.000140988,-0.002133333
-0.5500115,-0.0735506,-0.0001423431,-0.001066667,-0.644796,-0.07332075,0.000556106,-0.002083075
-0.2263827,-0.04458187,9.959171E-05,-0.0001426021,-0.699348,-0.07354943,-4.958014E-06,-0.002133333
-0.3751787,-0.07294531,-0.0001412007,-0.0005238859,-0.6155926,-0.07353973,7.948017E-05,-0.001064818
-0.4853969,-0.07301617,7.116892E-05,-0.000533331,-0.6902007,-0.07391462,0.0005555855,-0.000867068
-0.5651053,-0.0730161,7.06675E-05,-0.0005333333,-0.6297842,-0.07350631,0.0006160567,-0.0008547086
-0.2935396,-0.07354985,7.262541E-05,-0.001066674,-0.6947867,-0.07354945,-4.967742E-06,-0.001066667
-0.1904111,-0.07198379,0.001019994,0.004906827,-0.6829813,-0.07351192,0.0005247011,-0.002129668
-0.3346269,-0.07354788,-0.0001368543,-0.001066419,-0.5310785,-0.07354975,0.0001441489,-0.002133333
-0.2177335,-0.07390521,5.221225E-05,-0.001094949,-0.4971876,-0.07354943,-4.891172E-06,-0.002133333
-0.3667653,-0.0735506,-0.0001414245,-0.001066667,-0.6465035,-0.07354977,-0.0001416942,-0.002133333
0.291,-0.061,0,0,-0.327,-0.065,0,0
0.291,-0.061,0,0,-0.327,-0.065,0,0
0.1410487,-0.07354944,-9.735565E-06,-0.001066667,-0.1770487,-0.0735492,9.735565E-06,-0.002133325
0.08119223,0.006835092,0.0002705652,-0.009666419,-0.2670884,-0.07357897,-0.0009611893,-0.00106657
-0.06728037,-0.07335038,-9.647758E-06,-0.001045377,-0.2718928,-0.07354943,-3.11924E-07,-0.001066667
-0.1458803,-0.07354974,7.085831E-05,-0.001066667,-0.4379671,-0.0144773,-0.0009835451,-0.01248713
-0.2948193,-0.07355058,-0.0001413364,-0.001066667,-0.6702441,-0.06342391,-0.001052292,-0.002079315
-0.4448143,-0.0735506,-0.0001423385,-0.001066667,-0.6754099,-0.07301649,-4.969311E-06,-0.0005333597
-0.595477,-0.07354945,-9.781756E-06,-0.001066667,-0.6816383,-0.07227199,5.100159E-05,-0.001566809
-0.5988074,-0.07354973,7.085862E-05,-0.001066667,-0.6864936,-0.07147546,5.908982E-05,-0.01996681
-0.5802996,-0.07354943,4.856284E-06,-0.001066667,-0.6617985,-0.05921387,7.601969E-05,0.006182674
-0.4368868,-0.06678678,0.0006940669,-0.001125789,-0.6087194,-0.07280506,0.0005377808,-0.0004902689
-0.543381,-0.07354961,6.91967E-05,-0.001066661,-0.5899855,0.03838538,0.0008833184,-0.007811793
-0.393084,-0.07354944,9.758018E-06,-0.001066667,-0.5088035,-0.06071331,5.270729E-06,-0.0005133586
-0.3967207,-0.07354973,7.081249E-05,-0.001066667,-0.6544221,0.06136601,-0.0001889072,-0.01491336
-0.5463182,-0.07354945,-9.712583E-06,-0.001066667,-0.674714,-0.05458254,7.843832E-05,-0.02080509
-0.5176772,-0.07354944,4.869358E-06,-0.001066667,-0.6849599,-0.07355069,3.852565E-05,-0.00213338
-0.6669446,-0.07355059,-0.0001416481,-0.001066667,-0.6937573,0.001987673,-5.898413E-05,-0.004133309
0.291,-0.061,0,0,-0.327,-0.065,0,0
0.291,-0.061,0,0,-0.327,-0.065,0,0
0.1417084,-0.07355104,-0.0001416711,-0.001066699,-0.1777084,-0.07354025,0.0001416711,-0.002132813
-0.008288288,-0.0735506,-0.0001423401,-0.001066667,-0.420619,-0.02536739,-0.0008682276,-0.01202221
-0.1582883,-0.0735506,-0.0001423433,-0.001066667,-0.4942392,-0.07294409,-6.986233E-05,-0.0002488877
-0.1290985,-0.07357025,0.0006832471,-0.001066794,-0.5196112,0.03835625,-0.0006617935,-0.007808282
-0.1957568,-0.0729387,0.0002266108,-0.0005209384,-0.5479288,-0.06928064,-0.0006645886,-0.001634418
-0.2071408,-0.07353432,0.0004899496,-0.001006976,-0.5762603,0.03793547,-0.0006646019,-0.007828319
-0.3539942,-0.07355054,-0.0001393573,-0.001066667,-0.7205844,-0.06651257,7.240478E-05,0.000442921
-0.2977298,0.2081217,0.0008079347,0.002173969,-0.7124323,0.03895302,0.0003305607,-0.007784759
-0.4430009,-0.03460595,-0.0001378557,0.008513016,-0.5614957,-0.06599691,0.0001432321,0.0004538108
-0.5929786,-0.07180192,-0.0001423221,-0.0002717461,-0.7100743,-0.07355093,-0.0001409947,-0.001066692
-0.6311059,-0.07354967,7.117157E-05,-0.001066662,-0.7147813,0.0002087787,-0.0001987077,-0.01095609
-0.2881297,0.01000133,0.001032747,-0.009480169,-0.5664786,-0.07250505,0.0001407327,0.0007695107
-0.1938844,-0.06402658,0.0009615871,-0.01357905,-0.6451088,0.04893245,-0.0008743022,-0.007225583
-0.202929,-0.0735495,3.276278E-05,-0.001066667,-0.4995309,-0.07282924,9.451832E-06,-0.0005242007
-0.3520576,-0.07355059,-0.0001415164,-0.001066667,-0.6487755,-0.07301623,-0.0001416264,-0.0005333312
-0.358466,-0.06406769,0.0005192182,-0.0009797023,-0.6745046,0.02049665,-0.000662132,-0.008862727
-0.2887125,-0.06094142,0.0008580936,-0.0136098,-0.702824,0.1868357,-0.0006645903,0.0009019707
-0.4333633,-0.07396527,-0.0001376188,-0.003212653,-0.5568396,-0.01829901,0.0001385326,0.006749014
0.291,-0.061,0,0,-0.327,-0.065,0,0
0.291,-0.061,0,0,-0.327,-0.065,0,0
0.1417084,-0.07355104,-0.0001416711,-0.001066699,0.0711111,0.06939992,0.0003777895,-0.01440001
-0.008635599,-0.07354974,-7.287812E-05,-0.001066667,0.2226328,-0.06207659,7.344904E-05,-1.117587E-09
0.1409242,-0.07354945,1.517486E-05,-0.001066667,0.4522425,-0.05464341,0.0003410103,-0.0008335466
0.006955103,-0.07298639,-7.828837E-05,-0.0005301827,0.3039955,-0.07355048,-9.624901E-06,-0.002133373
0.05764436,-0.0730161,-4.85508E-06,-0.0005333333,0.2430323,-0.03114814,1.298231E-05,-0.001333311
0.2075714,-0.0730161,9.733989E-06,-0.0005333333,0.6429673,-0.02328374,2.596571E-05,0.005466658
0.3575714,-0.07301611,9.738724E-06,-0.0005333333,0.6130097,-0.05601538,-8.117181E-06,0.01126667
0.5075713,-0.0730161,9.738724E-06,-0.0005333333,0.6914123,0.1637041,-2.52459E-05,-0.01207836
0.6575712,-0.0730161,9.738724E-06,-0.0005333333,0.6002144,-0.03635906,-0.0001078364,0.0008659307
0.6988685,-0.07301604,-3.540626E-05,-0.0005333333,0.2371925,0.003964974,-0.001670606,-0.009520052
0.5487401,-0.0730161,-9.747049E-06,-0.0005333333,0.07903714,-0.07335024,-1.027771E-05,-0.001045235
0.3994,-0.07301631,-0.0001417171,-0.0005333333,0.07899983,-0.07337167,-4.853512E-08,-0.001066667
0.2494032,-0.07301631,-0.0001423403,-0.0005333333,-0.3191115,0.03542824,-0.0003777897,-0.01546667
0.09940318,-0.07301631,-0.0001423433,-0.0005333333,-0.1716998,-0.05898295,0.000139887,-0.0002666669
0.1874812,-0.04235608,0.0009047638,-0.01253269,-0.4305224,0.08893095,-0.001676966,-0.004997509
0.04276116,-0.07355469,-0.0001373984,-0.001245823,-0.5881593,-0.06175395,-0.0001495903,-0.009501247
-0.1072142,-0.07355059,-0.0001423199,-0.001066667,-0.4398994,-0.07354923,0.0001409646,-0.001066556
-0.2572142,-0.07355059,-0.0001423431,-0.001066667,-0.5338384,-0.07313517,-8.914391E-05,-0.003521639
-0.2033004,-0.06275302,0.0007769081,-0.0009030031,-0.7024297,-0.03966687,0.0007830791,-0.01237414
-0.3485814,-0.07355224,-0.0001380022,-0.001066818,-0.6987065,-0.07336584,3.697988E-06,-0.001060837
-0.4985599,-0.0735506,-0.0001423228,-0.001066667,-0.6363164,-0.05532647,0.0004576948,-0.01330715
-0.6040096,-0.07354974,7.117158E-05,-0.001066667,-0.7210759,-0.07235165,-0.0004772314,-0.0132277
-0.631279,-0.07354974,7.066748E-05,-0.001066667,-0.7007018,-0.0732556,-0.0001445203,0.0002658596
0.291,-0.061,0,0,-0.327,-0.065,0,0
0.291,-0.061,0,0,-0.327,-0.065,0,0
0.1417084,-0.07355104,-0.0001416711,-0.001066699,-0.1777084,-0.07354025,0.0001416711,-0.002132813
0.1668471,-0.07342964,0.0006645697,0.0001722684,-0.1067034,-0.009638415,-0.0002216019,-0.01059498
0.0208626,-0.07355054,-0.0001385327,-0.001066667,-0.2570978,-0.07336883,-0.0001427175,-0.002068907
0.09591952,0.1199035,0.0008849567,-0.003015336,-0.2441113,-0.009722319,-0.0004344405,-0.01059698
-0.04875342,-0.02173305,-0.000137492,-0.003292333,-0.3955649,-0.07336473,-0.0001437226,-0.002068844
-0.09149256,-0.07358767,0.0003517568,-0.001070803,-0.3259801,-0.009692225,-0.0002229496,-0.01059698
-0.2390337,-0.07355055,-0.0001400099,-0.001066667,-0.5553728,-0.0524986,-0.0005066658,-0.01271088
-0.3890221,-0.0735506,-0.0001423322,-0.001066667,-0.5488439,-0.01207652,-0.0002827867,-0.01058176
-0.1590815,-0.07356376,0.00117365,-0.000333427,-0.6085256,-0.05300688,-0.0004341098,-0.01270707
-0.1619826,-0.07275625,0.000512228,-0.0004200948,-0.540386,-0.0003401592,-0.0002243209,-0.009638403
-0.3087252,-0.07301556,-0.0001392521,-0.0005333057,-0.6907939,-0.07039,-0.0001427304,-0.0005952001
-0.4587098,-0.07301631,-0.0001423287,-0.0005333333,-0.7132849,0.0005970314,0.0001463847,-0.009987234
-0.3406199,-0.07353194,0.0009824741,-0.002130301,-0.7091485,-0.06907617,-0.0004351231,-0.01375844
0.291,-0.061,0,0,-0.327,-0.065,0,0
0.291,-0.061,0,0,-0.327,-0.065,0,0
0.1417084,-0.07355104,-0.0001416711,-0.001066699,-0.327,-0.07354006,0,-0.002132813
-0.008288288,-0.0735506,-0.0001423401,-0.001066667,-0.4762917,-0.07354976,-0.0001416711,-0.002133333
-0.1582883,-0.0735506,-0.0001423433,-0.001066667,-0.4769969,-0.07354943,-6.690232E-07,-0.002133333
-0.3089389,-0.07354946,-1.22272E-05,-0.001066667,-0.703019,-0.07390542,7.874197E-05,-0.001069475
-0.4582913,-0.07355058,-0.0001417288,-0.001066667,-0.6407611,-0.07356118,0.000493216,-0.001066667
-0.4739059,-0.07354944,4.890779E-06,-0.001066667,-0.6670071,-0.06482749,9.24751E-05,0.001157915
-0.6114583,-0.07354967,7.082399E-05,-0.001066667,-0.6847801,-0.07276522,-0.0002892192,-0.0004446058
-0.5718214,-0.07354973,7.066828E-05,-0.001066667,-0.6362967,-0.0739114,0.0004955576,-0.003246856
-0.5185854,-0.07354945,4.856315E-06,-0.001066667,-0.664857,-0.04489476,5.995117E-05,0.004196912
-0.5879437,-0.07354973,7.082407E-05,-0.001066667,-0.6404004,-0.0733902,0.0005173418,-0.002452012
-0.5170093,-0.07354974,7.066828E-05,-0.001066667,-0.567035,0.002161452,0.0001876732,-0.01685202
-0.3667047,-0.07354944,9.758494E-06,-0.001066667,-0.1392557,0.2209391,0.0001841782,-0.01064963
-0.01415562,-0.07363535,0.005999932,-0.001066667,-0.2883331,-0.06028029,-3.404368E-07,-0.0004687959
-0.07394905,-0.06512751,0.0001614462,-0.01387534,-0.4637652,-0.07367293,-0.001354438,-0.001080259
-0.2223527,-0.07319977,-0.0001409087,-0.000566599,-0.650704,0.03480076,0.0001920928,-0.01548027
0.291,-0.061,0,0,-0.327,-0.065,0,0
0.291,-0.061,0,0,-0.327,-0.065,0,0
0.1417084,-0.07355104,-0.0001416711,-0.001066699,-0.3931967,-0.07382844,-6.281764E-05,-0.00222
-0.008288288,-0.0735506,-0.0001423401,-0.001066667,-0.2442177,-0.07355037,0.0001413744,-0.002133355
0.06238141,-0.06852817,4.847705E-05,-0.02382426,-0.294157,0.04799517,-0.0001106352,-0.01493514
-0.08665114,-0.07292706,-0.0001414421,-0.0006219678,-0.3608251,-0.06754658,-6.334011E-05,-0.001813785
0.03088228,-0.07335787,0.001052442,-0.0143534,-0.4511228,0.1044996,-0.0009257193,-0.003910371
-0.113172,-0.07310818,-0.0001367011,-0.0005435679,-0.3064378,-0.02738312,0.0001372995,-0.005244815
0.1233936,-0.0736036,0.00133721,-0.002143007,-0.4625446,0.1954318,-0.0009261931,0.0008853112
-0.01924355,-0.07354983,-0.0001353562,-0.002133336,-0.3178621,-0.02239711,0.0001372972,0.006757344
-0.1340327,-0.07354931,7.115514E-05,-0.002133334,-0.2079235,-0.06776853,-7.115971E-05,-0.008178673
-0.09525017,-0.07354951,7.066753E-05,-0.002133334,-0.459825,0.06494015,-0.0009181869,-0.006287759
-0.2441902,-0.07354978,-0.0001413373,-0.002133334,-0.3151026,-0.06547592,0.0001373351,-0.01125612
-0.03353099,-0.07301359,5.658285E-05,-0.000533213,-0.3830038,-0.07390501,-4.890065E-06,-0.001066667
-0.182541,-0.0730163,-0.0001414039,-0.0005333333,-0.4491189,-0.07334843,-6.284074E-05,-0.001042917
-0.3325364,-0.07301631,-0.0001423388,-0.0005333333,-0.7012085,0.06361099,-0.0009181476,-0.007100012
-0.4831992,-0.0730161,-9.781756E-06,-0.0005333333,-0.6672791,0.2610914,-9.630687E-05,-0.006851804
-0.3332968,-0.0730161,9.732388E-06,-0.0005333333,-0.5178092,-0.02447079,9.70431E-06,-0.0133741
-0.07015416,-0.05814692,9.999187E-05,-0.006072204,-0.500788,-0.073905,-4.869356E-06,-0.0010685
-0.07220603,-0.06154042,0.0005351157,-0.0009084853,-0.5371009,0.1099034,-0.0007133853,-0.003603747
-0.2188348,-0.0735506,-0.0001391441,-0.00106667,-0.3913593,-0.03376455,0.0001383022,-0.005398127
-0.0772199,-0.06311707,0.0008492816,-0.0009247238,-0.5665203,0.1548547,-0.0009261956,-0.00143803
-0.2222852,-0.07355221,-0.0001376604,-0.001066818,-0.7204211,-0.01742853,-0.0001460449,0.0007190142
-0.3722619,-0.0735506,-0.0001423212,-0.001066667,-0.6914247,-0.06833191,3.175367E-05,-0.006599507
-0.3617956,-0.07356399,0.0005969804,-0.001066506,-0.7212952,0.1147743,0.0003566061,-0.003312156
-0.5081165,-0.07355054,-0.0001388519,-0.001066667,-0.6505914,-0.03969884,6.999353E-05,-0.005543923
0.291,-0.061,0,0,-0.327,-0.065,0,0
0.291,-0.061,0,0,-0.327,-0.065,0,0
0.1417084,-0.07355104,-0.0001416711,-0.001066699,-0.5758194,-0.02660005,-0.0002361185,-0.0184
-0.008288288,-0.0735506,-0.0001423401,-0.001066667,-0.5769945,-0.07287878,-1.115039E-06,-0.007000001
-0.1582883,-0.0735506,-0.0001423433,-0.001066667,-0.4277084,-0.07357173,0.0001416658,-0.002134961
-0.08477955,0.07727849,0.0008434947,-0.005523806,-0.626037,-0.0005440071,-0.001386592,-0.01005499
-0.2298736,-0.04961195,-0.0001376877,-0.009238099,-0.6441213,-0.04512563,0.0001213332,-0.0001725035
-0.3802395,-0.0736001,-3.730867E-05,-0.002137147,-0.7194361,-0.07297042,0.0001224218,-0.002888178
-0.5303772,-0.07354945,-9.747672E-06,-0.002133334,-0.6832605,-0.0735496,3.147126E-05,-0.001066674
-0.3825869,-0.07301812,0.0004322052,-0.0005333334,-0.6165065,0.08858354,-0.0005766877,-0.007466679
-0.5303087,-0.07301611,-2.342604E-05,-0.0005333334,-0.7004542,-0.06434944,1.211268E-05,-0.00506667
-0.5560061,-0.07355102,0.0003380338,-0.002133334,-0.7233084,-0.02808287,0.0002815432,-0.01226667
-0.5823082,-0.07354953,7.003736E-05,-0.002133334,-0.7086519,-0.07244948,5.9362E-05,0.001933332
-0.5551927,-0.07354943,4.856418E-06,-0.002133334,-0.7029372,-0.03286602,4.0613E-06,-0.001366665
-0.6270083,-0.07354947,7.082407E-05,-0.002133334,-0.7048773,-0.06748746,0.0002231311,-0.01398518
-0.4911343,-0.07318685,0.0001023414,-0.0005686878,-0.6655615,-0.07378743,6.68283E-05,-0.002171078
-0.6405741,-0.07301612,-9.70235E-06,-0.0005333335,-0.6364299,0.03806306,0.000101843,-0.01534845
-0.4906712,-0.07301611,9.732414E-06,-0.0005333334,-0.6149979,-0.07242148,1.391592E-06,-0.001440414
-0.4878504,-0.07301614,7.081254E-05,-0.0005333334,-0.7112157,0.02740853,9.4449E-05,-0.01584042
-0.4651528,-0.06544869,8.38838E-05,0.007970655,-0.6653081,-0.0418972,3.040323E-05,0.0002758134
-0.6145664,-0.07360509,-9.708341E-06,-0.002139048,-0.7167611,-0.07265523,6.735159E-06,-0.0001167426
-0.465323,-0.07354983,0.0001416252,-0.002133335,-0.7167396,-0.07337167,3.18059E-08,-0.001066667
-0.6139098,-0.07354978,-0.0001410023,-0.002133334,-0.677141,0.05758048,0.0002282044,-0.006665563
-0.7027137,-0.07354943,4.890661E-06,-0.002133334,-0.6220617,-0.03380039,8.07594E-06,-0.00666722
-0.552738,-0.07354945,9.737149E-06,-0.002133334,-0.4229709,-0.06034732,1.297944E-05,-0.008666391
-0.4027379,-0.07354945,9.738724E-06,-0.002133334,-0.1730604,-0.07316957,1.623015E-05,-0.0005729124
-0.3562215,-0.07354943,-4.869362E-06,-0.002133334,-0.2076883,-0.05196024,8.110336E-06,-0.007313543
0.291,-0.061,0,0,-0.327,-0.065,0,0
0.291,-0.061,0,0,-0.327,-0.065,0,0
0.1417084,-0.07355104,-0.0001416711,-0.001066699,-0.1777084,-0.07354025,0.0001416711,-0.002132813
0.1951441,-0.07368568,0.0007949438,-0.002736716,-0.2289846,0.3495741,-0.0007849946,0.010462
0.2722909,0.004150692,0.001449919,-0.002523967,-0.3228188,0.5020562,-0.001763546,0.004262002
0.1304253,-0.0734545,-0.000134824,-0.0007577479,-0.1823032,0.1627442,0.0001333429,-0.034138
0.3668164,-0.07355015,0.0001101821,-0.001066667,-0.03168538,-0.05438351,9.778834E-06,0.008265501
0.2180731,-0.07355057,-0.0001411508,-0.001066667,-0.1298974,-0.02401152,-9.31988E-05,-0.0187345
0.349867,-0.07343965,0.001155958,-0.002721997,-0.1823425,0.4416455,-0.0007861037,0.01396255
0.2063278,-0.0735505,-0.0001362122,-0.001066667,-0.03696277,0.3351468,0.0001379588,-0.02443745
0.3549415,-0.07355057,0.0001410278,-0.001066667,0.1130154,0.07721834,0.0001423225,0.002618723
0.2063518,-0.07355057,-0.0001410051,-0.001066667,0.2630153,-0.01288598,0.0001423432,-0.01090936
-0.1546594,-0.07354999,-9.666681E-05,-0.001066667,0.3201185,-0.07390501,4.844686E-06,-0.001077486
0.1196504,-0.07352619,-0.000435771,-0.001066667,0.1701444,-0.07354945,-3.424845E-07,-0.001066667
-0.2492598,-0.07355051,-9.642723E-05,-0.001066707,0.2232434,-0.07354943,4.867836E-06,-0.001066667
0.02236646,-0.07358977,-0.0008070838,-0.001066667,0.0732694,-0.07354943,-3.424841E-07,-0.001066667
-0.4587592,-0.06835252,-0.001956527,-0.003052003,0.4140918,0.3399646,0.001395302,0.009928638
-0.1160413,-0.07308875,0.005999909,-0.0005333334,0.2710724,-0.01785569,-3.266082E-07,-0.01456432
-0.1413227,0.1085436,-5.19291E-05,-0.01771808,0.1212833,-0.07373057,-9.735667E-06,-0.002156411
0.2408369,0.05089043,0.003516154,-0.01611809,0.02685191,-0.06829871,-0.0008688393,0.001778206
0.2857797,-0.06465072,0.0005066734,-0.002525713,-0.1101807,0.3159862,-0.0009961186,0.008506203
0.2880791,-0.07237346,2.990874E-06,-0.001605268,0.03398272,0.1068289,0.0001712087,-0.0282938
0.5056583,-0.07311442,0.00143829,-0.0003054934,-0.08404525,0.6349726,-0.0009985744,0.02594221
0.362896,-0.07301608,-9.268811E-06,-0.0005333325,-0.2389878,0.560892,-1.005962E-05,-0.0316578
0.3901023,0.08884217,0.0005113221,0.005114384,-0.3292802,0.2500561,-0.001696979,-0.0378578
0.2433552,-0.0318512,-0.0001392564,0.002242808,-0.1884333,0.1128069,0.0001336573,-0.002671103
0.09337053,-0.07089184,-0.0001423287,-0.0008803509,-0.2860289,-0.05360772,-9.261376E-05,0.01003555
-0.05662943,-0.0735506,-0.0001423432,-0.001066667,-0.1371981,-0.07008066,0.0001412337,-0.007417777
-0.05673866,-0.07354973,7.117163E-05,-0.001066667,-0.4360288,0.3792771,-0.001019913,0.01220419
-0.2056762,-0.07355057,-0.000141335,-0.001066667,-0.590396,0.2305777,-0.0001464875,-0.02619581
-0.3563339,-0.07354943,-9.781428E-06,-0.001066667,-0.5627149,0.7267414,-0.0001056462,0.01125473
-0.2064313,-0.07354944,9.732388E-06,-0.001066667,-0.4132916,0.1239116,9.701282E-06,-0.04634527
0.291,-0.061,0,0,-0.327,-0.065,0,0
0.291,-0.061,0,0,-0.327,-0.065,0,0
0.1417084,-0.07355104,-0.0001416711,-0.001066699,0.0711111,0.06939992,0.0003777895,-0.01440001
-0.008288288,-0.0735506,-0.0001423401,-0.001066667,0.01261908,-0.001962516,-5.56352E-05,0.0009225005
0.1409516,-0.07354944,9.689372E-06,-0.001066667,-0.2375778,-0.0184812,-1.624399E-05,0.003938751
-0.008291855,-0.07355057,-0.0001416253,-0.001066667,-0.2376585,-0.07235687,-7.67101E-08,0.000107656
0.03721247,-0.07323511,0.00020739,-0.002486235,-0.3408384,-0.07293513,-0.0001120749,-0.001458545
-0.1075576,-0.07358126,-0.0008385875,-0.002134712,0.04735801,0.09572811,0.002248646,-0.003058549
0.03819029,-0.07301612,1.182928E-05,-0.0005333334,-0.09134251,-0.06945886,-1.12573E-05,-0.005164637
-0.006054367,-0.07301612,4.865862E-06,-0.0005333334,-0.3076199,-0.07339783,-0.0002051878,6.837025E-05
-0.1553218,-0.07301633,-0.0001416481,-0.0005333334,-0.7067522,0.06264301,-0.0003787584,-0.01433163
-0.3053183,-0.07301633,-0.00014234,-0.0005333334,-0.7004628,-0.06813291,2.960395E-05,0.004172093
-0.4558434,-0.07301612,-3.731444E-05,-0.0005333333,-0.7221012,-0.05591233,8.566468E-05,0.001392481
-0.4898378,-0.07355051,0.0002164418,-0.002133334,-0.7022208,0.1529448,-0.0005770783,-0.005007523
-0.6380522,-0.07354978,-0.0001406489,-0.002133334,-0.5558009,-0.01443978,0.0001389459,-0.00229624
-0.4888039,-0.07354945,9.689918E-06,-0.002133334,-0.2396773,-0.07253354,0.0001668115,-0.007675525
-0.3388041,-0.07354945,9.738707E-06,-0.002133334,-0.02579013,-0.02019927,0.0001521786,-0.01777663
-0.07508882,-0.07324091,0.0006108085,-0.0005333334,-0.02503062,-0.07337167,1.737575E-09,-0.001066667
-0.151591,-0.07301611,-4.966892E-06,-0.0005333334,0.07699273,-0.06950496,8.112971E-06,-0.009466667
-0.2358961,-0.06693293,-0.0001417665,-0.006091177,0.2175948,-0.07308669,0.0002009344,-0.0005418742
0.145834,0.03819056,0.003512203,-0.004491181,0.2185553,-0.07301463,8.837193E-06,-0.0005332666
0.5450305,0.165714,0.003672906,-0.002891185,0.2185975,-0.07301613,3.88664E-07,-0.0005333339
0.4168072,-0.06649809,4.271818E-06,0.004077205,0.3643862,-0.07301553,-4.867844E-06,-0.0005333334
0.4879596,-0.07292745,7.082545E-05,-0.0005193531,-0.05474583,-0.07270792,-0.001930998,0.004862177
0.3390204,-0.07301621,-0.0001413366,-0.00053333,-0.06393702,-0.07293066,-9.118887E-06,-0.0005247571
0.1890253,-0.07301631,-0.0001423385,-0.0005333333,0.184837,0.01198728,0.0002360753,0.00226238
0.3376087,-0.07301632,0.0001409989,-0.0005333333,0.584123,0.2006843,0.0003789043,-0.01213763
0.488265,-0.0730161,9.781322E-06,-0.0005333333,0.6856741,-0.07390502,-7.677269E-05,0.0009342639
0.5344575,-0.07301611,-4.869368E-06,-0.0005333333,0.516923,0.03736166,-1.296829E-05,-0.00046713
0.3851417,-0.07301631,-0.0001416941,-0.0005333333,0.3675668,-0.001888918,-0.0001417323,-0.0003291956
0.2344822,-0.0730161,-9.781547E-06,-0.0005333333,0.1169395,-0.02718748,-1.627193E-05,-0.000235402
0.2079688,-0.07301614,7.085862E-05,-0.0005333333,-0.08464219,-0.07362667,-0.0009285359,-0.001075141
0.291,-0.061,0,0,-0.327,-0.065,0,0
0.291,-0.061,0,0,-0.327,-0.065,0,0
0.1417084,-0.07355104,-0.0001416711,-0.001066699,-0.1777084,-0.07354025,0.0001416711,-0.002132813
0.1658557,0.3715109,0.0006600022,0.0117851,-0.3315002,-0.05536764,-0.00125732,-0.01328042
0.01984848,0.2127533,-0.0001385543,-0.0266149,-0.1885925,-0.07319731,0.0001357335,-0.002930026
-0.1301327,0.03494344,-0.0001423254,-0.005892552,-0.2846262,-0.07355563,-9.113168E-05,-0.002181877
-0.2807043,-0.0733662,-9.781751E-06,-0.001061185,-0.5694679,-0.07398833,-0.0001843174,-0.002222369
-0.3084722,-0.0723497,0.0004196744,-0.00159881,-0.7226855,-0.05528646,0.0006294295,-0.01327762
-0.4553074,-0.07239391,-0.0001396892,-0.001599995,-0.6771119,-0.07335122,4.440013E-05,-0.001045981
-0.3960094,-0.07302166,0.0006343379,-0.0005334386,-0.6192215,-0.05056773,0.0007353,-0.01301365
-0.3169879,-0.07354681,0.0007107155,-0.001063942,-0.650081,-0.04730413,0.0007361156,-0.01240048
-0.3138203,-0.07292599,0.000547823,-0.0005200982,-0.6845462,-0.06921294,0.0006272561,-0.01344719
-0.4603859,-0.0730162,-0.000139084,-0.0005333301,-0.5982865,-0.02695035,0.0006651526,-0.01130886
-0.6110322,-0.0730161,-9.780699E-06,-0.0005333333,-0.6670885,-0.07354964,-4.601801E-05,-0.001066672
-0.3839532,-0.07344191,0.0008142233,-0.0009962216,-0.5713159,-0.05057006,0.0007351933,-0.01301373
0.291,-0.061,0,0,-0.327,-0.065,0,0
0.291,-0.061,0,0,-0.327,-0.065,0,0
0.1417084,-0.07355104,-0.0001416711,-0.001066699,-0.3789729,-0.07335039,-4.956705E-05,-0.001045078
-0.008288288,-0.0735506,-0.0001423401,-0.001066667,-0.6280389,-0.06003232,-0.0002363525,-0.01944508
-0.1582883,-0.0735506,-0.0001423433,-0.001066667,-0.6291448,-0.07297003,-1.116144E-06,-0.0005923413
-0.3082883,-0.0735506,-0.0001423433,-0.001066667,-0.706017,-0.0739055,-7.312893E-05,-0.002510865
-0.4582882,-0.0735506,-0.0001423433,-0.001066667,-0.6822641,-0.07340629,4.728592E-05,7.385817E-05
-0.6082881,-0.0735506,-0.0001423433,-0.001066667,-0.7054023,-0.05799939,-2.1957E-05,0.003773123
-0.6038423,-0.07354973,7.117163E-05,-0.001066667,-0.6863154,0.1210734,0.0002119079,-0.003443476
-0.4535352,-0.07354944,9.75866E-06,-0.001066667,-0.611995,-0.02993508,4.82524E-06,-0.008803915
-0.4251217,-0.07354973,7.081249E-05,-0.001066667,-0.6935056,-0.05984296,-0.0001889062,0.006801959
-0.5747193,-0.07354944,-9.712583E-06,-0.001066667,-0.444531,-0.0593712,1.616463E-05,0.01299902
-0.5745139,-0.07354945,-4.866205E-06,-0.001066667,-0.2536196,-0.06662945,0.0001603751,-0.007844284
-0.3033341,-0.07352436,-0.0004315545,-0.001066667,-0.252862,-0.07301612,1.831161E-09,-0.0005333335
-0.3766732,-0.07354945,-4.797758E-06,-0.001066667,-0.01332813,-0.07355231,0.0002273069,-0.001066667
-0.2267458,-0.07354943,9.734003E-06,-0.001066667,0.003416488,-0.03709287,1.087252E-06,-0.003377473
-0.1478666,0.1019172,-0.001759433,0.0005333293,0.003421685,-0.07212313,4.781784E-08,-0.0004443683
-0.006723914,-0.06088277,9.164592E-06,-0.003466667,-0.1465294,-0.07354944,-9.735548E-06,-0.001066667
-0.06670222,-0.07354988,7.081389E-05,-0.001066676,-0.4003517,-0.07358768,-0.00116927,-0.00106667
-0.2162996,-0.07354943,-9.712583E-06,-0.001066667,-0.5561475,-0.07354944,-1.011501E-05,-0.001066667
-0.3662994,-0.07354944,-9.738716E-06,-0.001066667,-0.662517,-0.06825187,-6.970255E-05,-0.001086032
-0.313983,-0.0735733,0.0007873852,-0.001066662,-0.7101279,-0.07360849,-0.0007642583,-0.002144434
-0.4593562,-0.07355052,-0.0001379527,-0.001066667,-0.3158201,0.00932503,0.0003741804,-0.01654444
-0.6512678,-0.008651203,-0.00139502,-0.008473452,-0.382913,-0.06862766,3.581544E-05,-0.00653611
-0.5085067,-0.07287693,2.266321E-05,-0.0005143494,-0.1329321,-0.06847443,3.964249E-05,-0.002234027
-0.6293762,-0.07354976,-7.423713E-05,-0.001066667,-0.2826854,-0.07354945,-9.722698E-06,-0.001066667
-0.2772473,-0.07363536,0.00599993,-0.001066667,-0.1327357,-0.07354945,3.424288E-07,-0.001066667
-0.2703987,-0.07354945,-7.301659E-06,-0.001066667,0.02678336,-0.07310322,5.635156E-05,-0.0005427701
-0.1204838,-0.07354944,9.733193E-06,-0.001066667,0.1770163,-0.07301612,9.753849E-06,-0.0005333334
0.02951617,-0.07354943,9.738724E-06,-0.001066667,0.1909108,-0.07354747,9.370806E-05,-0.001066194
0.1795162,-0.07354943,9.738724E-06,-0.001066667,0.5912494,-0.03329219,2.599192E-05,0.0005330991
0.3295161,-0.07354943,9.738724E-06,-0.001066667,0.5913767,-0.073905,8.434864E-09,-0.001066703
0.4788563,-0.07355057,0.0001417171,-0.001066667,0.702329,-0.01367526,-0.0002844331,-0.01083553
0.2190467,-0.07255079,-0.0001046499,-0.0001129973,0.6513432,-0.073905,4.913933E-06,-0.001077522
0.3678176,-0.07355057,0.0001411769,-0.001066667,0.6094154,-0.06136559,-0.0001180708,-0.01947753
0.291,-0.061,0,0,-0.327,-0.065,0,0
0.291,-0.061,0,0,-0.327,-0.065,0,0
0.1417084,-0.07355104,-0.0001416711,-0.001066699,-0.1777084,-0.07354025,0.0001416711,-0.002132813
0.2528472,-0.02042956,0.001060802,-0.0112426,-0.2705229,-0.07357968,-0.0009763758,-0.001066578
0.1088885,-0.07357952,-0.0001366616,-0.001074667,-0.3674242,-0.06789501,-9.196661E-05,-0.001196644
-0.04108321,-0.0735506,-0.0001423164,-0.001066667,-0.4599151,-0.07390515,-8.779011E-05,-0.0005854194
-0.1910831,-0.0735506,-0.0001423431,-0.001066667,-0.5522695,-0.07186096,-8.777036E-05,-0.003476355
-0.2019364,-0.04568863,0.0004987539,-0.01275604,-0.6462259,-0.07358103,-0.0009774592,-0.001066677
-0.1103442,-0.07265637,0.0009590847,0.0004223468,-0.7126941,-0.07352593,0.0004908302,-0.002131797
-0.2548631,-0.07355053,-0.0001371419,-0.001066667,-0.5609599,-0.07354978,0.000143989,-0.002133333
-0.2885728,-0.06722801,0.0003933521,-0.002987492,-0.6537629,-0.07357968,-0.0009763646,-0.001066578
-0.4359069,-0.07355062,-0.0001398135,-0.00106667,-0.7096689,-0.06789495,4.598328E-05,-0.001196644
-0.5865571,-0.07354943,-9.780938E-06,-0.001066667,-0.6688212,-0.07307424,6.886203E-05,-0.0005403539
-0.419244,-0.07373069,0.0008015549,-0.00228034,-0.6061938,-0.07356311,0.0005416083,-0.001066666
-0.2231667,-0.06250422,0.001160788,0.001080285,-0.6717017,-0.07353102,0.0005954151,-0.002131797
-0.2746599,-0.0711049,0.000287788,-0.01409154,-0.7038682,-0.0735598,0.0004871164,-0.001066578
-0.4225194,-0.07316124,-0.000140312,-0.0005649099,-0.6596285,-0.07354973,6.968535E-05,-0.001066667
-0.2791527,0.02104362,0.001065143,-0.008801335,-0.6640953,-0.07353099,0.0005948579,-0.002131797
-0.4230394,-0.06450697,-0.0001366411,-0.001000333,-0.6797833,-0.0735495,6.943096E-05,-0.002133333
0.291,-0.061,0,0,-0.327,-0.065,0,0
0.291,-0.061,0,0,-0.327,-0.065,0,0
0.1417084,-0.07355104,-0.0001416711,-0.001066699,-0.5758194,-0.02660005,-0.0002361185,-0.0184
-0.008938855,-0.07354946,-1.222692E-05,-0.001066667,-0.7217011,-0.07301469,6.132617E-06,-0.0006375
-0.1582914,-0.07355058,-0.0001417288,-0.001066667,-0.5251118,0.04608525,0.0001888803,-0.0150375
-0.3082884,-0.0735506,-0.0001423403,-0.001066667,-0.2753523,0.00034557,0.0002370104,-0.001159376
-0.08041379,-0.07359777,0.004282741,-0.00106237,-0.2742691,-0.0630537,2.035904E-05,0.004579688
-0.2089584,-0.07354945,-8.345733E-06,-0.001066667,-0.4241187,-0.07354943,-9.728959E-06,-0.001066667
-0.3582916,-0.0735506,-0.0001417105,-0.001066667,-0.6713449,-0.07301929,-0.00113888,-0.0005327739
-0.5082885,-0.0735506,-0.0001423403,-0.001066667,-0.6367592,-0.07356389,0.0005082595,-0.001066839
-0.4798665,-0.07354945,4.890878E-06,-0.001066667,-0.6906057,-0.06940584,-8.195439E-06,-0.009466581
-0.4049063,-0.07094162,0.0006767615,-0.01424237,-0.6606625,-0.02998137,0.0004824304,-0.01177208
-0.3251936,0.009173725,0.0008134681,-0.01037667,-0.6967248,0.3686773,-0.0006141783,0.01036368
-0.1714526,-0.07386787,9.999549E-06,-0.003181432,-0.7081863,-0.03260897,1.852107E-06,-0.04074685
-0.3206945,-0.0735506,-0.0001416238,-0.001066667,-0.7081771,0.008009046,8.746332E-09,-0.01562658
-0.4706909,-0.0735506,-0.0001423399,-0.001066667,-0.6806831,-0.07274943,2.632321E-05,-0.004057521
-0.5974847,-0.07354973,7.117163E-05,-0.001066667,-0.6872811,0.07460974,-0.0003167417,-0.0056746
-0.4471776,-0.07354945,9.75866E-06,-0.001066667,-0.6888635,-0.0737895,-1.027886E-07,-0.002222669
-0.5970802,-0.07354945,-9.732396E-06,-0.001066667,-0.661369,-0.0735497,-6.508747E-05,-0.001066668
-0.5433633,-0.07354943,4.869362E-06,-0.001066667,-0.684673,-0.07210091,6.604799E-05,-0.003484175
-0.5946029,-0.07354973,7.082403E-05,-0.001066667,-0.720969,-0.02132117,4.718469E-05,-0.01788418
-0.63436,-0.07354973,7.066828E-05,-0.001066667,-0.7131657,-0.07390535,0.000150386,-0.001794274
-0.6029487,-0.07354973,7.066867E-05,-0.001066667,-0.720036,-0.07341024,-0.0004503047,-0.0008322509
0.291,-0.061,0,0,-0.327,-0.065,0,0
0.291,-0.061,0,0,-0.327,-0.065,0,0
0.1417084,-0.07355104,-0.0001416711,-0.001066699,-0.1777084,-0.07354025,0.0001416711,-0.002132813
-0.008288288,-0.0735506,-0.0001423401,-0.001066667,-0.326295,-0.07354977,-0.000141002,-0.002133333
0.04162813,-0.06134351,0.0007787415,-0.0008201251,-0.2592723,-0.06504951,-0.000234804,0.003049573
0.1168242,-0.06581928,0.0008784449,0.0008905243,-0.1927165,-0.06745689,-0.000235247,-0.00119829
0.05216466,-0.07355224,0.000232266,-0.001066655,-0.1261629,-0.06849731,-0.0002352491,0.005108013
-0.09662573,-0.07354945,-9.660187E-06,-0.001066667,-0.3217413,-0.07354964,-5.199422E-05,-0.001066669
0.09678085,-0.07191648,0.001236999,0.001037929,-0.3481844,-0.06744061,-0.0004465221,0.002916239
0.1164597,-0.07333177,0.0006143149,0.0001838615,-0.2826822,-0.06675884,-0.0002362468,-0.001181624
0.1899073,-0.07357691,0.000873382,-0.001066671,-0.2161335,-0.06842862,-0.0002352538,0.005109055
0.04496189,-0.07355052,-0.0001375466,-0.001066667,-0.3664307,-0.07377866,-0.000142782,-0.002170171
-0.05890566,-0.06451894,7.011786E-05,-0.002840137,-0.2994169,-0.06506696,-0.0002348124,0.003048998
0.04192176,-0.07375897,0.0009228618,-0.001233205,-0.320342,-0.06743275,-0.0004460903,-0.001198219
0.291,-0.061,0,0,-0.327,-0.065,0,0
0.291,-0.061,0,0,-0.327,-0.065,0,0
0.1410609,-0.07354945,-1.216946E-05,-0.001066667,-0.4769391,-0.07301586,-1.216946E-05,-0.0005333252
-0.008951284,-0.07354944,-9.739511E-06,-0.001066667,-0.3270487,-0.0730161,9.731613E-06,-0.0005333333
-0.1582914,-0.07355058,-0.0001417171,-0.001066667,-0.0781808,-0.04741615,0.0002361644,-0.01893334
-0.009704983,-0.07355057,0.0001410018,-0.001066667,0.3211056,-0.07382385,0.0003789047,-0.003033333
0.1409511,-0.07354944,9.781322E-06,-0.001066667,0.3737215,-0.07354576,0.0001180552,-0.00213313
0.2909513,-0.07354943,9.738736E-06,-0.001066667,0.6241529,-0.07148008,1.626425E-05,0.003266718
0.4402915,-0.07355057,0.0001417171,-0.001066667,0.6727344,-0.07356622,-7.087392E-05,-0.002134505
0.5909513,-0.07354944,9.781551E-06,-0.001066667,0.6810924,-0.07270721,-4.913665E-05,-0.0001450997
0.5659391,-0.07354974,-7.085862E-05,-0.001066667,0.6426967,-0.06367354,0.0003070899,0.004087211
0.5314559,-0.07354973,-7.066822E-05,-0.001066667,0.5960854,0.05440523,-0.0006517888,-0.006694443
0.680396,-0.07355058,0.0001413373,-0.001066667,0.1947308,0.02813852,-0.0003808675,-0.02109445
0.5314636,-0.07354975,-7.219385E-05,-0.001066667,0.04319372,-0.06357498,-7.345648E-05,-0.002873611
0.3822121,-0.07355218,-0.0002218937,-0.001066667,0.04288711,-0.073905,-5.420133E-07,-0.001066694
0.2318163,-0.0735506,-0.0001427189,-0.001066667,-0.02061507,-0.07355393,-6.036641E-05,-0.001067209
0.08181436,-0.0735506,-0.000142345,-0.001066667,-0.2596245,-0.07354333,-0.001100101,-0.002131882
-0.06818566,-0.0735506,-0.0001423433,-0.001066667,-0.4143908,-0.07354979,-0.0001468661,-0.002133333
-0.2181856,-0.0735506,-0.0001423433,-0.001066667,-0.6784006,0.009650123,0.0001892415,-0.01653334
-0.3681856,-0.07355059,-0.0001423433,-0.001066667,-0.6218578,-0.06848297,0.0001176124,-0.008933332
-0.4463836,-0.07354946,1.194062E-05,-0.001066667,-0.7009875,-0.07354625,9.298029E-05,-0.002133167
-0.5897275,-0.07359828,0.0003376356,-0.001066667,-0.6469746,-0.07089303,-0.001302013,-0.0006656073
-0.4387557,-0.07355061,0.0001432655,-0.001066667,-0.6917714,0.04753236,9.291022E-05,-0.01506561
-0.5873345,-0.07355057,-0.0001409945,-0.001066667,-0.6548725,0.3925456,0.0003891985,0.01251997
-0.3594538,0.04671609,0.004282857,0.001333331,-0.653159,0.4425453,3.34319E-05,-0.005080028
-0.1113538,0.1933827,0.004662863,0.003733328,-0.7212665,0.4811219,-0.001280035,-0.006093039
-0.2379983,-0.02274874,-8.222379E-06,-0.009066666,-0.4777458,-0.02622758,1.581055E-05,-0.04369304
-0.387157,-0.07334919,-0.0001417099,-0.001041667,-0.4776676,0.03992625,7.466323E-08,-0.01415348
-0.5378166,-0.07354944,-9.781551E-06,-0.001066667,-0.6210008,-0.0726461,5.148463E-05,-0.001713756
-0.6871571,-0.07355058,-0.0001417172,-0.001066667,-0.7218098,0.02069593,4.719329E-05,-0.01611376
-0.5385708,-0.07355057,0.0001410018,-0.001066667,-0.7215791,-0.06530889,2.228641E-07,-0.00402844
-0.5595871,-0.07354973,7.05026E-05,-0.001066667,-0.7087287,-0.02759152,-9.444711E-05,-0.01842844
0.291,-0.061,0,0,-0.327,-0.065,0,0
0.291,-0.061,0,0,-0.327,-0.065,0,0
0.1417084,-0.07355104,-0.0001416711,-0.001066699,-0.1777084,-0.07354025,0.0001416711,-0.002132813
-0.008288288,-0.0735506,-0.0001423401,-0.001066667,-0.326295,-0.07354977,-0.000141002,-0.002133333
0.1506752,0.2816174,0.001281159,0.006497249,-0.4506774,0.5105079,-0.001116674,0.01992873
-0.0917687,0.4759514,-0.0002300683,-0.01190276,-0.3069428,0.5471975,0.0001363977,-0.01847127
0.349226,-0.05462494,0.006004008,-0.02189355,-0.156266,-0.03881693,1.050101E-06,-0.02116437
0.2298126,-0.07373471,-0.0001133179,-0.001968347,-0.3055524,-0.07060937,-0.0001416661,-0.0003544547
0.07995706,-0.07354886,-0.0001422062,-0.002133293,-0.1569658,-0.0735505,0.0001410021,-0.001066662
0.162159,-0.0739188,0.0007814861,-0.0007696813,-0.3688613,0.5009003,-0.001328848,0.0193954
0.01675629,-0.07355052,-0.0001379806,-0.001066667,-0.3234988,0.6703744,4.329174E-05,-0.01294461
0.1653613,-0.07355057,0.0001410195,-0.001066667,-0.1739918,-0.06990939,0.0001418754,0.02327231
0.01677141,-0.07355057,-0.0001410051,-0.001066667,-0.02399407,0.04702588,0.0001423411,-0.0151277
0.1653614,-0.07355057,0.0001410052,-0.001066667,0.02894759,-0.06687822,5.023924E-05,0.002533076
0.01677145,-0.07355057,-0.0001410052,-0.001066667,-0.3930665,0.5127628,-0.001399113,0.01999553
0.1653614,-0.07355057,0.0001410052,-0.001066667,-0.2507374,0.5510554,0.0001350639,-0.01840448
0.3153548,-0.0735506,0.0001423369,-0.001066667,-0.1007736,0.03126858,0.0001423089,0.01640224
0.1667714,-0.07355057,-0.0001409989,-0.001066667,0.04922628,-0.01667773,0.0001423431,-0.02199776
0.3742791,-0.07347857,0.0009394935,-0.0009980698,0.03230698,-0.06088039,-7.117163E-05,-0.003099441
0.402483,-0.07356659,0.0006590087,-0.001066506,-0.09172799,0.5205687,-0.001116345,0.0204872
0.2558257,-0.07354943,-9.521702E-06,-0.001066667,0.05264343,0.2501079,9.373288E-06,-0.0371128
0.1058268,-0.07354943,-9.738656E-06,-0.001066667,-0.09703975,-0.03843873,-9.732523E-06,-0.0222436
0.2616253,-0.07301645,0.0009946969,-0.0005327698,-0.05512871,-0.07247799,-7.081254E-05,-0.0067609
0.2810171,-0.07356628,0.0006174035,-0.001066667,-0.1791619,0.5065139,-0.001116343,0.01957184
0.1341517,-0.07354943,-9.535205E-06,-0.001066667,-0.03479043,0.2030999,9.373291E-06,-0.03802817
-0.01518737,-0.07355059,-0.0001417161,-0.001066667,0.1145479,0.1598802,0.0001417153,-0.007385919
0.1340556,-0.07354944,9.689573E-06,-0.001066667,0.2985932,0.06760621,0.0001276447,-0.01878179
0.2840554,-0.07354944,9.738707E-06,-0.001066667,0.4825683,0.5773902,0.0001276401,0.005705026
0.4340555,-0.07354944,9.738724E-06,-0.001066667,0.5356704,-0.007069072,3.447646E-06,-0.04583498
0.4650069,-0.07354974,-7.085853E-05,-0.001066667,0.5879208,-0.01642619,4.958333E-05,-0.01611251
0.1563959,-0.07368735,-9.72592E-05,-0.002154717,0.6095067,-0.07308782,4.859738E-06,-0.0005404053
0.3058612,-0.07354946,9.704001E-06,-0.002133334,0.6797553,-0.07301611,-4.86857E-06,-0.0005333334
0.1088497,-0.06794158,-9.791522E-05,-0.008058006,0.5297796,-0.07301611,-9.737145E-06,-0.0005333334
0.291,-0.061,0,0,-0.327,-0.065,0,0
0.291,-0.061,0,0,-0.327,-0.065,0,0
0.1417084,-0.07355104,-0.0001416711,-0.001066699,-0.1777084,-0.07354025,0.0001416711,-0.002132813
0.1381835,-0.07356291,0.0005325064,-0.001066675,-0.3181626,-0.07358676,-0.001195869,-0.001066484
-0.008458233,-0.07355054,-0.0001391564,-0.001066667,0.07399734,0.0352175,0.0003721422,-0.01546649
0.1407975,-0.07354945,9.690404E-06,-0.001066667,0.3489579,-0.05707262,0.0001269546,-0.004854546
0.168231,-0.07354943,-4.869354E-06,-0.001066667,0.4906763,-0.07338564,0.0001557866,-0.001463213
0.3174984,-0.07355058,0.0001416481,-0.001066667,0.6788241,-0.07371408,0.0008645587,-0.001228696
0.467495,-0.07355059,0.00014234,-0.001066667,0.6326841,-0.01377643,-0.0003948789,-0.01088444
0.6181577,-0.07354944,9.781756E-06,-0.001066667,0.5443394,-0.07280054,-1.291668E-05,-0.003921111
0.6572016,-0.07354973,7.081243E-05,-0.001066667,0.1461641,-0.03250728,-0.0003778505,-0.01832112
0.5082622,-0.07355059,-0.0001413367,-0.001066667,-0.005007938,-0.07386332,-0.0001434554,-0.006980279
0.3582672,-0.0735506,-0.0001423385,-0.001066667,0.1435698,-0.07357223,0.0001409936,-0.002134942
0.2900953,-0.07354944,7.641997E-06,-0.001066667,-0.149519,-0.07354737,-0.0001681886,-0.002133124
0.1454098,-0.07358371,-0.001055263,-0.001066667,-0.3915342,0.02645576,-0.001765137,-0.006133127
-0.009133263,-0.07355066,-0.0001466544,-0.001066667,-0.00220717,0.01366066,0.0003694539,-0.02053313
0.1394286,-0.07355057,0.0001409785,-0.001066667,-0.0003686241,-0.04314596,1.744697E-06,-0.0003332818
0.004023867,-0.07354945,4.844906E-06,-0.001066667,-0.2130695,-0.07298895,-0.0001540938,-0.0006169871
-0.1452437,-0.07355058,-0.0001416482,-0.001066667,-0.4626558,-0.04939669,-0.0002368461,-0.01901699
-0.2952403,-0.0735506,-0.00014234,-0.001066667,-0.712654,-0.0735512,-0.0002372369,-0.001066526
-0.34324,-0.07391778,0.0003284297,-0.001233969,-0.7200158,-0.053722,0.0003111081,-0.01322861
-0.4915496,-0.07354945,-9.628981E-06,-0.001066667,-0.7184955,-0.07354195,1.009604E-07,-0.002132955
-0.540478,-0.07354974,7.085829E-05,-0.001066667,-0.6874583,-0.06769104,-0.0001180595,0.007866479
-0.6165941,-0.07354944,4.856284E-06,-0.001066667,-0.6515154,0.1025837,7.880609E-05,-0.01275287
-0.4666186,-0.07354944,9.73714E-06,-0.001066667,-0.6844949,-0.07157829,4.854994E-06,-0.0002058919
-0.5222954,-0.07354973,7.081254E-05,-0.001066667,-0.6669999,-0.03811976,-0.0001180707,-0.0186059
0.291,-0.061,0,0,-0.327,-0.065,0,0
0.291,-0.061,0,0,-0.327,-0.065,0,0
0.1417084,-0.07355104,-0.0001416711,-0.001066699,-0.1777084,-0.07354025,0.0001416711,-0.002132813
0.2665338,-0.06156657,0.001123861,0.001142809,-0.2556848,-0.07357819,-0.0009080113,-0.001066665
0.1229714,-0.07306309,-0.0001363638,-0.0005392859,-0.1109118,-0.07355052,0.0001373831,-0.001066667
-0.02699884,-0.07301637,-0.000142315,-0.0005333348,-0.4059494,-0.07359239,-0.001113993,-0.0010675
-0.05211932,-0.06238696,0.0004330198,-0.0008805761,-0.4901744,-0.07303661,-0.0009139407,-0.0005340239
-0.02245211,-0.07375145,0.0006749716,-0.001232715,-0.573404,-0.07357807,-0.0009129962,-0.001066645
-0.1683848,-0.07355053,-0.0001384836,-0.001066667,-0.6456956,-0.07317992,-6.860143E-05,-0.0005688539
-0.1620197,-0.07355454,3.888665E-05,-0.002133579,-0.4960871,-0.07301612,9.713299E-06,-0.0005333335
-0.1835597,-0.06259733,0.000446217,0.001075412,-0.5747201,-0.0735779,-0.0009086343,-0.001066645
-0.1307895,0.2833463,0.0007811746,0.0063254,-0.6579232,-0.0730366,-0.000912971,-0.0005340239
-0.2761938,-0.006444129,-0.0001379821,-0.0320746,-0.5131747,-0.07301632,0.0001373597,-0.0005333335
-0.4261722,-0.05635861,-0.0001423226,-0.0175627,-0.6617828,-0.07301633,-0.0001410224,-0.0005333334
-0.5761221,-0.06835096,-0.0001423432,0.0003953375,-0.6314558,-0.0735607,0.0004895914,-0.001066645
-0.3154257,-0.07368346,0.000658326,-0.0007595314,-0.4797277,-0.07355063,0.0001439831,-0.001066667
-0.2089778,-0.07354956,4.289655E-05,-0.001066667,-0.6036686,-0.07299323,-0.0001365417,-0.002860288
-0.3580559,-0.07355059,-0.0001414685,-0.001066667,-0.6720963,-0.07354729,-6.493475E-05,-0.001066431
-0.06913603,-0.07369646,0.001879898,-0.001227647,-0.7094529,-0.07302965,0.0004544934,-0.0005340239
-0.2090726,-0.07355045,-0.0001327935,-0.001066667,-0.697606,-0.07261916,3.107182E-05,-0.0001421265
-0.3590252,-0.0735506,-0.0001422981,-0.001066667,-0.661625,-0.07354973,7.076219E-05,-0.001066667
0.291,-0.061,0,0,-0.327,-0.065,0,0
0.291,-0.061,0,0,-0.327,-0.065,0,0
0.1417084,-0.07355104,-0.0001416711,-0.001066699,-0.327,-0.07354006,0,-0.002132813
-0.008288288,-0.0735506,-0.0001423401,-0.001066667,-0.327,-0.07354943,0,-0.002133333
-0.1582883,-0.0735506,-0.0001423433,-0.001066667,-0.7190896,-0.0391724,0.0009329516,-0.0124092
-0.3082883,-0.0735506,-0.0001423433,-0.001066667,-0.6035098,-0.07117443,0.0001158564,-0.001702299
-0.4589511,-0.07354945,-9.781756E-06,-0.001066667,-0.7077987,-0.07354106,7.204052E-05,-0.001065429
-0.4662081,-0.07354973,7.085862E-05,-0.001066667,-0.6768747,0.03528858,-0.0001890648,-0.01546543
-0.6094667,-0.07355064,7.066822E-05,-0.001066667,-0.6687812,-0.07320829,-0.0002348157,-0.0008656796
-0.4598235,-0.0735506,0.0001420048,-0.001066667,-0.6699048,-0.07301787,-1.108887E-06,-0.0005334144
-0.3724909,-0.07357072,0.0007303482,-0.001066648,-0.5756518,-0.00990617,0.0009222474,-0.01065221
-0.1126197,-0.07358756,0.001467775,-0.002141203,-0.6873847,-0.06754248,0.0006410932,-0.004270396
-0.2546071,-0.07354981,-0.0001347397,-0.002133335,-0.4353749,-0.05224153,0.0002391459,0.004135199
-0.4052044,-0.07354943,-1.528014E-05,-0.002133333,-0.6698964,-0.07354993,6.719207E-05,-0.001066682
-0.5500005,-0.07302686,-0.001056069,-0.0005333333,-0.5572531,0.1024498,0.001406193,-0.001066686
-0.4053279,-0.07301611,9.392847E-06,-0.0005333333,-0.3003055,-0.022882,1.668227E-05,0.007333344
-0.2553296,-0.07301611,9.738609E-06,-0.0005333333,-0.1377919,0.09711825,1.297804E-05,-0.02626666
0.09721939,-0.07308874,0.005999932,-0.0005333334,-0.137727,-0.07116908,1.481832E-10,-0.004941666
-0.02221428,-0.07301627,-0.0001133372,-0.0005333334,-0.5358382,-0.05536914,-0.0003777895,-0.01934167
-0.17207,-0.07301633,-0.0001422063,-0.0005333334,-0.5511115,-0.07369892,-0.0009743196,-0.002254515
-0.3220693,-0.07301633,-0.0001423426,-0.0005333334,-0.55596,-0.07355019,-4.601096E-06,-0.002133363
-0.4720693,-0.07301632,-0.0001423433,-0.0005333334,-0.7094294,-0.06909955,-0.0007070038,-0.003079215
-0.6219807,-0.07364671,-0.0001423433,-0.002133333,-0.6448525,0.0001562586,6.128047E-05,-0.002061326
-0.6986749,-0.07354943,4.890878E-06,-0.002133333,-0.5627937,-0.0258317,1.297081E-05,0.005830665
-0.549359,-0.07354977,0.0001416942,-0.002133333,-0.6465093,-0.06374963,-7.944232E-05,0.009024668
-0.6979454,-0.07354976,-0.0001410019,-0.002133333,-0.6752746,0.2872424,9.435359E-05,-0.005375337
-0.5486988,-0.07354943,9.689806E-06,-0.002133333,-0.6726254,-0.0209226,4.852472E-06,-0.01171233
-0.6262238,-0.07354946,7.081266E-05,-0.002133333,-0.6894524,-0.07091954,-0.0001643849,0.001550776
0.291,-0.061,0,0,-0.327,-0.065,0,0
0.291,-0.061,0,0,-0.327,-0.065,0,0
0.1417084,-0.07355104,-0.0001416711,-0.001066699,-0.1777084,-0.07354025,0.0001416711,-0.002132813
0.1171087,-0.07355542,0.0004377756,-0.001225182,-0.09965439,-0.07355003,-0.0001891249,-0.002133333
-0.03000443,-0.07355056,-0.0001396037,-0.001066667,-0.3218299,-0.0735532,-0.0004740292,-0.002133333
-0.01888549,-0.07356556,0.0005999381,-0.001066668,-0.2468399,-0.07355004,-0.0001920325,-0.002133333
0.1306637,-0.06854554,0.001042439,-0.003064185,-0.2542337,-0.07355203,-0.0004018472,-0.002133333
0.1714943,-0.07357146,0.0007153105,-0.001066747,-0.1788845,-0.07355005,-0.0001916917,-0.002133333
0.149054,-0.06130894,0.0004297549,0.001159381,-0.1024894,-0.07355003,-0.0001906992,-0.002133333
0.1899642,-0.06030842,0.00061909,0.001341505,-0.09244167,-0.07355203,-0.0004018503,-0.002133333
0.3609908,0.3914825,0.001322876,0.01280857,-0.06371479,-0.07355215,-0.0004013517,-0.002133333
0.2176517,-0.03555305,-9.306266E-06,0.01759572,-0.2156721,-0.07354943,-9.865811E-06,-0.002133333
0.06831374,-0.05485592,-0.000141715,-0.02080429,-0.06642951,-0.07354976,0.0001416245,-0.002133333
0.04362649,-0.07248983,7.117014E-05,-0.003399465,-0.05883567,-0.05870839,-2.396152E-05,0.001640593
0.2200141,-0.01307296,0.0007731443,-0.01084123,-0.1717143,-0.07355717,-0.000402244,-0.001066607
0.291,-0.061,0,0,-0.327,-0.065,0,0
0.291,-0.061,0,0,-0.327,-0.065,0,0
0.1417084,-0.07355104,-0.0001416711,-0.001066699,-0.327,-0.07354006,0,-0.002132813
-0.008938855,-0.07354946,-1.222692E-05,-0.001066667,-0.4053495,-0.07309864,-7.634384E-05,-0.0005422231
-0.1582914,-0.07355058,-0.0001417288,-0.001066667,-0.6545489,-0.04771205,-0.000236479,-0.01894223
-0.3082884,-0.0735506,-0.0001423403,-0.001066667,-0.6557243,-0.06992023,-1.116741E-06,-0.001832222
-0.4587668,-0.07354956,-4.664305E-05,-0.001066667,-0.6822477,-0.07354947,2.321226E-05,-0.001066667
-0.607268,-0.07355577,-0.0003464143,-0.001066667,-0.6203809,0.00111716,0.0002880967,-0.01306667
-0.4597004,-0.07355057,0.0001400351,-0.001066667,-0.3701279,-0.06021683,0.0002374789,-0.005866665
-0.4847419,-0.07354974,-7.116617E-05,-0.001066667,0.08981813,-0.04246264,0.002041069,-0.01244784
-0.3351463,-0.07354945,9.712469E-06,-0.001066667,0.2496595,-0.07390501,1.039793E-05,-0.00106671
-0.1851464,-0.07354945,9.738716E-06,-0.001066667,-0.1500954,0.01524536,-2.595814E-05,-0.006666644
-0.03514642,-0.07354944,9.738724E-06,-0.001066667,-0.4000667,-0.07261391,-1.623436E-05,-0.01146668
-0.1843896,-0.07355057,-0.0001416251,-0.001066667,-0.47255,-0.07354973,-6.878345E-05,-0.001066667
-0.2887697,-0.07354943,9.552268E-06,-0.001066667,-0.6831235,-0.0735368,-0.0001993769,-0.002132506
-0.4345011,-0.07357569,-0.0008441563,-0.001066667,-0.6840923,-0.07354934,-5.611961E-06,-0.00213333
-0.5865135,-0.07355005,7.282873E-05,-0.001066667,-0.6388692,-0.07356689,-0.0002540346,-0.001066827
-0.5154327,-0.07354972,7.066356E-05,-0.001066667,-0.5979868,-0.05604851,3.879565E-05,0.003851064
-0.5168656,-0.07354974,7.066869E-05,-0.001066667,-0.688297,-0.04864601,-8.57003E-05,0.002424468
-0.6225424,-0.07354973,7.066867E-05,-0.001066667,-0.7121933,-0.07295239,-0.0002877102,-0.002631873
-0.5947554,-0.07354974,7.066867E-05,-0.001066667,-0.7167578,-0.0643988,2.968464E-05,0.005715938
-0.6277298,-0.07354943,4.856315E-06,-0.001066667,-0.6890118,-0.07301255,-3.191159E-05,-0.0005330195
-0.4779378,-0.07354956,4.643029E-05,-0.001066667,-0.6655276,-0.07354943,2.323607E-05,-0.002133333
-0.6240134,-0.07354944,1.186584E-05,-0.001066667,-0.684425,-0.07293993,-8.821497E-05,-0.00140702
-0.4809775,-0.06646128,0.0006468233,0.002267032,-0.6478068,-0.07302998,0.0001793498,-0.0005357041
-0.582317,-0.07356464,0.0001082941,-0.001069076,-0.6905348,0.011199,0.0005174418,-0.007111966
-0.7192695,-0.07354944,4.85021E-06,-0.001066667,-0.5379971,-0.07342997,9.903482E-06,-0.002081938
0.291,-0.061,0,0,-0.327,-0.065,0,0
0.291,-0.061,0,0,-0.327,-0.065,0,0
0.1417084,-0.07355104,-0.0001416711,-0.001066699,-0.1777084,-0.07354025,0.0001416711,-0.002132813
-0.008288288,-0.0735506,-0.0001423401,-0.001066667,-0.2672814,-0.07390567,-8.521448E-05,-0.002511475
-0.1582883,-0.0735506,-0.0001423433,-0.001066667,-0.4169971,-0.0735506,-0.0001420735,-0.001066667
-0.06363252,-0.04043541,6.120598E-05,0.001986678,-0.5253015,0.2509621,-0.0001817905,-0.006477308
-0.2129115,-0.07236647,-9.715701E-06,-0.00160474,-0.376349,-0.07178573,9.676567E-06,-0.01596135
-0.3620743,-0.07239728,-0.0001417169,-0.001600018,-0.7006269,0.2765659,0.0007388448,0.006184039
-0.5118933,-0.07239728,-0.0001423403,-0.0016,-0.5476584,0.004862684,0.0001451601,0.01370798
-0.1301659,0.09560268,0.003512178,-4.097819E-09,-0.6338979,0.1981744,-0.0007934681,0.001807979
-0.2619796,-0.02425888,-0.0001250853,-0.002399998,-0.7209437,0.05196586,4.481528E-05,-0.02609203
-0.1806656,0.2220776,0.0009230872,0.00299002,-0.6482916,0.5589935,0.0006249846,0.02059539
0.1764501,-0.06999522,0.005999941,0.002626248,-0.4951684,0.05406351,3.496757E-07,0.01370231
0.05701652,-0.07355614,-0.0001133371,-0.001067313,-0.345875,-0.05868112,0.0001416727,-0.02469769
-0.09283915,-0.0735506,-0.0001422063,-0.001066667,-0.4944615,-0.07132833,-0.000141002,-0.0005127884
-0.06009503,-0.0735698,0.0006996202,-0.001066671,-0.6479654,0.2979558,-0.001250847,0.007421178
-0.2065494,-0.07354943,-9.508523E-06,-0.001066667,-0.5042663,0.02418345,9.329638E-06,0.003489411
-0.3558884,-0.07355057,-0.000141716,-0.001066667,-0.3549282,-0.002170968,0.0001417151,-8.191187E-05
-0.2073019,-0.07355057,0.0001410018,-0.001066667,-0.5035145,-0.07242729,-0.0001410018,0.0006102389
-0.3558918,-0.07355057,-0.0001410052,-0.001066667,-0.6535078,-0.07354524,-0.0001423369,-0.002133111
-0.291925,-0.06899919,0.0008434522,0.002823811,-0.6815553,0.3181929,0.0006254265,0.008616057
-0.4370193,-0.07355081,-0.000137688,-0.001066684,-0.5291513,0.08337826,0.0001446246,-0.02978395
-0.1322809,-0.07352771,0.0008603751,-0.001059636,-0.37914,-0.03034734,0.0001423541,-0.01390803
0.03177445,-0.07293171,0.001176221,-0.0005198804,-0.6080165,0.3555015,-0.001463024,0.009703388
-0.1116639,-0.07301619,-0.0001361165,-0.0005333301,-0.7058004,0.3987828,-9.279243E-05,-0.01819661
-0.2616329,-0.07301631,-0.0001423138,-0.0005333333,-0.5569705,0.04251045,0.0001412328,0.006698306
-0.4122957,-0.0730161,-9.781748E-06,-0.0005333333,-0.5927769,0.06739409,-0.0001671643,-0.01791234
-0.561636,-0.07301631,-0.0001417172,-0.0005333333,-0.5625272,0.541927,0.0007671561,0.02130554
-0.2098443,-0.07362209,0.005999929,-0.002133334,-0.4086933,0.04448773,3.512992E-07,0.01334723
-0.3292779,-0.07354967,-0.0001133372,-0.002133334,-0.4991948,0.1752212,-8.588184E-05,-0.01455277
-0.1798931,-0.07354945,9.698781E-06,-0.002133334,-0.3499486,-0.04895995,9.707693E-06,0.002361808
-0.329796,-0.07354945,-9.732418E-06,-0.002133334,-0.6863152,0.1924268,-0.0001866781,-0.008991545
-0.4791362,-0.07354977,-0.000141717,-0.002133334,-0.5379525,-0.01037261,0.0001407895,-0.002704229
-0.3305498,-0.07354978,0.0001410018,-0.002133334,-0.627547,-0.06492267,-8.521864E-05,-0.006297886
-0.4791398,-0.07354978,-0.0001410052,-0.002133334,-0.6963655,-0.0735486,7.103674E-05,-0.001066576
0.291,-0.061,0,0,-0.327,-0.065,0,0
0.291,-0.061,0,0,-0.327,-0.065,0,0
0.1417084,-0.07355104,-0.0001416711,-0.001066699,-0.327,-0.07354006,0,-0.002132813
-0.008288288,-0.0735506,-0.0001423401,-0.001066667,-0.07818056,-0.06769372,0.0002361185,0.007866408
0.03735469,-0.07354943,4.890878E-06,-0.001066667,-0.2269517,-0.07356612,-9.658938E-06,-0.002134506
0.006652678,-0.07354973,7.082399E-05,-0.001066667,-0.207777,0.009605643,-0.0001888719,-0.01653451
-0.1422865,-0.07355058,-0.0001413366,-0.001066667,-0.4015574,0.0872997,-0.0006074704,-0.005012747
-0.2929444,-0.07354943,-9.781431E-06,-0.001066667,-0.554545,-0.07389848,-9.932696E-06,-0.003573407
-0.3195519,-0.07354974,7.085862E-05,-0.001066667,-0.5333159,-0.02526033,-0.0001888713,-0.01797341
-0.4691492,-0.07354943,-9.712568E-06,-0.001066667,-0.7022449,-0.07368815,8.610412E-05,-0.002224376
-0.6184893,-0.07355057,-0.0001417169,-0.001066667,-0.571147,0.2568284,0.0007505937,0.005005467
-0.2666976,-0.07363536,0.005999929,-0.001066667,-0.7173923,-0.05220195,-3.339694E-07,-0.001148633
-0.3861311,-0.07355019,-0.0001133372,-0.001066667,-0.6468605,-0.07004174,6.703097E-05,-0.002954901
-0.4441165,-0.07354973,7.110315E-05,-0.001066667,-0.588177,-0.06197779,-0.0001182175,0.005877452
-0.510783,-0.07354943,4.856245E-06,-0.001066667,-0.6903018,-0.07333694,9.524226E-05,-0.002890341
-0.6600505,-0.07355884,-0.0001416481,-0.002133854,-0.6845389,-0.003458853,-5.891717E-05,-0.006154829
-0.5114638,-0.07301635,0.0001410022,-0.0005333334,-0.667981,-0.07390525,7.097465E-05,-0.0009846768
-0.4845837,-0.07301615,7.05026E-05,-0.0005333334,-0.7088791,0.03686246,9.453116E-05,-0.01538468
-0.6335245,-0.07301632,-0.0001413381,-0.0005333334,-0.6471238,0.1847849,0.0003854167,6.042458E-05
-0.4849362,-0.07301632,0.0001410036,-0.0005333334,-0.7015764,-0.06165503,-5.167308E-05,0.01349979
-0.6335262,-0.07301632,-0.0001410052,-0.0005333334,-0.7018335,-0.05722742,-2.440193E-07,-0.001949894
-0.5858403,-0.07301615,7.116847E-05,-0.0005333334,-0.7063684,-0.0656249,-5.902989E-05,-0.0203499
-0.6171731,-0.07301614,7.06675E-05,-0.0005333334,-0.7011136,-0.06490717,-0.0002629824,-0.001732736
-0.6156899,-0.07301615,7.066867E-05,-0.0005333334,-0.6976297,-0.06275396,3.498617E-05,0.005952082
-0.6189959,-0.07301614,7.066867E-05,-0.0005333334,-0.7071912,0.2144959,2.362217E-05,-0.008447924
-0.6187352,-0.07301611,1.852537E-05,-0.0005333333,-0.7071041,0.1398084,6.19241E-06,-0.01804793
-0.4693514,-0.07301631,0.0001417585,-0.0005333333,-0.7070733,-0.03138663,2.924284E-08,-0.01017604
-0.6185939,-0.0730161,-9.689561E-06,-0.0005333333,-0.6814216,-0.07294727,-4.592472E-05,-0.0005268016
-0.5626855,-0.07301611,4.869354E-06,-0.0005333333,-0.6867641,-0.07354971,5.806589E-05,-0.001067068
-0.6429482,-0.0730161,7.082403E-05,-0.0005333333,-0.7000965,-0.07340868,0.0001767995,-0.002112872
-0.5790513,-0.07301614,7.066828E-05,-0.0005333333,-0.6438068,0.01028232,9.46561E-05,-0.01651288
-0.7208026,-0.07301611,4.856315E-06,-0.0005333333,-0.4933823,-0.07100752,9.766281E-06,-0.002232055
0.291,-0.061,0,0,-0.327,-0.065,0,0
0.291,-0.061,0,0,-0.327,-0.065,0,0
0.1417084,-0.07355104,-0.0001416711,-0.001066699,-0.4762917,-0.07354024,-0.0001416711,-0.002132813
-0.008288288,-0.0735506,-0.0001423401,-0.001066667,-0.327705,-0.07354976,0.000141002,-0.002133333
-0.1582883,-0.0735506,-0.0001423433,-0.001066667,-0.4762951,-0.07354976,-0.0001410052,-0.002133333
-0.3082883,-0.0735506,-0.0001423433,-0.001066667,-0.6262884,-0.07354977,-0.0001423369,-0.002133333
-0.2992696,-0.07292508,0.0005903111,-0.0005200209,-0.7055179,-0.07357836,-0.0009086156,-0.001066675
-0.2094077,-0.07358144,0.000949446,-0.001066814,-0.690716,-0.07355981,0.000456117,-0.001066671
-0.2111825,-0.0706318,0.0005207053,-0.01422334,-0.7015128,-0.07355968,0.0004528948,-0.001066671
-0.1305448,-0.03875907,0.0009082141,-0.0119038,-0.6961066,-0.07355967,0.0004529024,-0.001066671
-0.2751604,-0.07284438,-0.0001373822,-0.0005070016,-0.544561,-0.07355062,0.0001438099,-0.001066667
-0.2989948,0.1040132,0.000394945,-0.003947348,-0.6852041,-0.07358608,-0.001120789,-0.001066671
-0.4463212,-0.02669621,-0.000139806,-0.005226327,-0.5414901,-0.0735505,0.0001363783,-0.001066667
-0.2465772,-0.07367919,0.000906806,-0.001105027,-0.6740491,-0.07356396,0.000560386,-0.001066671
-0.1525283,-0.04418819,0.0009629743,-0.01264007,-0.7101062,-0.07355972,0.0004526485,-0.001066671
-0.296955,-0.07390784,-0.0001371235,-0.002304998,-0.6464198,-0.07368306,6.053835E-05,-0.002147448
-0.3383376,-0.07357337,0.0003585039,-0.001069124,-0.7228013,-0.07351706,0.0004538287,-0.001066675
-0.3150578,-0.07357429,0.000646899,-0.002142241,-0.6854647,-0.07355967,0.0004529001,-0.001066671
0.291,-0.061,0,0,-0.327,-0.065,0,0
0.291,-0.061,0,0,-0.327,-0.065,0,0
0.1410487,-0.07354944,-9.735565E-06,-0.001066667,-0.4769513,-0.07354919,-9.735565E-06,-0.002133325
-0.008291407,-0.07355058,-0.000141717,-0.001066667,-0.4769998,-0.07354943,-4.597494E-08,-0.002133333
-0.009717045,-0.07340454,0.0005421793,-0.0009944874,-0.7023318,0.0804166,-0.00158435,-0.005370755
-0.1563106,-0.07355054,-0.0001391107,-0.001066667,-0.7101876,-0.05330211,-7.481882E-06,-0.009314625
-0.3062945,-0.07355059,-0.000142328,-0.001066667,-0.6554652,-0.07390535,7.08532E-05,-0.001068889
-0.4562944,-0.07355059,-0.0001423432,-0.001066667,-0.5583905,0.03484125,0.0001887274,-0.01546889
-0.307711,-0.07355057,0.0001409989,-0.001066667,-0.6072161,-0.04585146,0.0001884491,0.0005344477
-0.4563011,-0.07355057,-0.0001410052,-0.001066667,-0.6425455,-0.01032373,0.0006414559,-0.01062899
-0.6062944,-0.07355059,-0.0001423369,-0.001066667,-0.6205812,0.4026881,0.0005140419,0.0127524
-0.2545059,-0.07363535,0.005999929,-0.001066667,-0.7010078,0.05618846,1.683352E-07,-0.006376202
-0.3744301,-0.07354945,-1.521186E-05,-0.001066667,-0.5511318,-0.07206254,1.901488E-05,-0.003402975
-0.4082676,-0.07354944,4.870249E-06,-0.001066667,-0.6948158,-0.06816319,-5.143213E-05,-0.00108282
-0.3131646,-0.07358111,0.0009842522,-0.001066667,-0.6564552,-0.06180231,0.0006454795,-0.0008202636
-0.4581963,-0.07354944,-9.416155E-06,-0.001066667,-0.6834098,-0.07354943,4.763046E-06,-0.001066667
-0.5432284,-0.07355548,0.0003378761,-0.001066667,-0.6257913,-0.0649062,-0.0002328975,0.0009633351
-0.518141,-0.07354943,4.812957E-06,-0.001066667,-0.7131432,-0.07354964,5.546032E-05,-0.001066667
-0.6276124,-0.07354973,7.082416E-05,-0.001066667,-0.694255,-0.07313616,-2.238692E-05,-0.003521667
-0.5779567,-0.07354974,7.066828E-05,-0.001066667,-0.6134111,-0.001197171,0.0001181121,-0.0006804176
-0.4276521,-0.07354944,9.758494E-06,-0.001066667,-0.7041243,-0.07390501,4.848616E-06,-0.001066825
-0.5768952,-0.07355057,-0.000141625,-0.001066667,-0.6402508,-0.07110344,0.0004270767,-0.004927918
-0.5214627,-0.07354944,7.641815E-06,-0.001066667,-0.5751976,-0.07074217,-4.027813E-05,0.002119414
-0.4522884,-0.07354973,7.081748E-05,-0.001066667,-0.6495583,0.0173138,0.0004077709,-0.009063598
0.291,-0.061,0,0,-0.327,-0.065,0,0
0.291,-0.061,0,0,-0.327,-0.065,0,0
0.1417084,-0.07355104,-0.0001416711,-0.001066699,-0.1777084,-0.07354025,0.0001416711,-0.002132813
-0.008951082,-0.07354943,-9.781535E-06,-0.001066667,-0.261772,-0.073905,-5.484919E-06,-0.001066677
-0.1582914,-0.07355058,-0.0001417172,-0.001066667,-0.6904706,-0.06909889,-0.001428896,0.005075968
-0.3082884,-0.0735506,-0.0001423403,-0.001066667,-0.5486305,-0.07390629,0.0001349233,-0.001078664
-0.4582883,-0.0735506,-0.0001423433,-0.001066667,-0.6289257,-0.04716612,0.0006835236,-0.01186594
-0.261584,-0.07358593,0.001083245,-0.001066759,-0.6371921,-0.06379262,0.0006798244,0.002825877
-0.3044101,0.03100701,0.0003291318,-0.00824459,-0.7030481,-0.06379037,0.0005711589,0.0009894002
-0.3729717,0.05155681,0.0002242879,-0.006619652,-0.6698562,-0.0732943,0.0005714155,0.00481896
-0.5217727,-0.07278346,-9.662776E-06,-0.000478432,-0.7089959,-0.07271428,2.67273E-06,-0.00123237
-0.6626044,-0.07301541,7.085835E-05,-0.00053332,-0.7178563,-0.04587448,-7.793518E-05,-0.01178909
-0.4058715,-0.0729735,6.364488E-05,-0.0005296065,-0.6981047,-0.07337037,2.427568E-06,-0.001065368
-0.2835566,0.02106014,0.001108557,-0.00880265,-0.670912,-0.06910443,0.0005727583,0.005075966
-0.283357,-0.06319495,0.0005264388,-0.0009230996,-0.6859328,-0.04374095,0.0005714117,-0.01242325
-0.4300291,-0.07355224,-0.000139185,-0.001066818,-0.7014138,-0.07227437,3.889334E-05,-0.001569273
-0.5763902,-0.07354989,7.116418E-05,-0.001066667,-0.6334066,-0.06926247,-0.0003041139,0.005067395
-0.3049774,-0.04811564,6.901572E-05,0.005942441,-0.6900236,-0.07390501,-4.818436E-06,-0.00106667
0.291,-0.061,0,0,-0.327,-0.065,0,0
0.291,-0.061,0,0,-0.327,-0.065,0,0
0.1417084,-0.07355104,-0.0001416711,-0.001066699,0.0711111,0.06939992,0.0003777895,-0.01440001
-0.008288288,-0.0735506,-0.0001423401,-0.001066667,0.2222828,-0.07167659,0.0001434551,0.004799999
0.1409516,-0.07354944,9.689372E-06,-0.001066667,0.4277991,0.1713254,0.0001944798,-0.009805283
0.3783286,-0.07358044,-0.0004284977,-0.001066667,0.4287695,-0.07383044,2.220569E-09,-0.002253208
0.2269046,-0.07355061,-0.0001436946,-0.001066667,0.3512316,-0.07321223,-7.361443E-05,-0.0005695814
-0.07939672,-0.07355,-9.718762E-05,-0.001066667,0.3740898,-0.07301612,4.879727E-06,-0.0005333335
0.07006886,-0.07354943,9.704025E-06,-0.001066667,0.6725332,-0.02874937,-1.298155E-05,0.002666669
0.2986384,0.04671722,0.004295802,0.001333331,0.6724738,-0.06723834,-1.115107E-06,0.005066666
0.3325108,-0.07394166,-0.0001195924,-0.003218276,0.6830237,-0.07355205,0.0001425778,-0.001066785
0.4813144,-0.0737841,9.696753E-06,-0.0023,0.4341182,-0.001384162,-1.617967E-05,-0.002366652
0.3314115,-0.07354947,-9.732418E-06,-0.002133334,0.4340374,-0.07312743,-5.250606E-09,-0.0005460613
0.03647548,-0.05106153,-8.873288E-05,-0.002259726,0.4752096,-0.07301611,4.867783E-06,-0.0005333334
0.1853576,-0.07337166,9.706769E-06,-0.001066662,0.6219579,-0.02874937,-1.298154E-05,0.002666669
0.3353574,-0.07354945,9.738713E-06,-0.001066667,0.6218936,-0.07336568,-4.212752E-09,-0.001060677
0.4853575,-0.07354943,9.738724E-06,-0.001066667,0.5486223,-0.0334824,-1.298075E-05,0.0005303401
0.1759588,-0.07328622,-8.374482E-05,-0.0009796133,0.610445,-0.07390501,4.869887E-06,-0.001066703
0.5280403,-0.07363535,0.00599993,-0.001066667,0.6293137,-0.0735092,-2.854776E-07,-0.002104167
0.7056111,-0.07354945,-5.841327E-06,-0.001066667,0.6563202,0.001024527,-6.490399E-06,0.0006739575
0.5556306,-0.07354945,-9.737459E-06,-0.001066667,0.6064079,-0.02990094,-8.111918E-06,0.001663022
0.4056305,-0.07354943,-9.738724E-06,-0.001066667,0.6793944,-0.05624134,-6.491035E-06,0.01116849
0.5548737,-0.07355059,0.0001416251,-0.001066667,0.281251,0.3462024,-0.0003778201,-0.003231513
0.4062869,-0.07355058,-0.0001410023,-0.001066667,0.2793707,-0.03158055,-1.784206E-06,0.01361576
0.411388,-0.07354944,4.890661E-06,-0.001066667,0.2541761,-0.07058918,-5.639395E-06,-0.009976144
0.3253295,-0.07354974,7.082399E-05,-0.001066667,0.06711651,-0.07357613,-0.0008617601,-0.001066648
0.1763903,-0.07355058,-0.0001413366,-0.001066667,-0.07577341,-0.07360226,-0.000642655,-0.001071234
0.02639535,-0.0735506,-0.0001423385,-0.001066667,-0.5478729,0.1261842,-0.001617259,-0.002645903
-0.1241671,-0.07354949,-2.985155E-05,-0.001066667,-0.7058012,-0.06976648,-3.131223E-05,0.002538525
-0.2742676,-0.07354943,-9.745248E-06,-0.001066667,-0.5560064,-0.07354945,9.725401E-06,-0.001066667
-0.4216134,-0.07356308,-0.0005406077,-0.001066667,-0.7195327,-0.06789725,-0.003074085,-0.001179993
-0.5735954,-0.07355063,-0.000144224,-0.001066667,-0.4860112,-0.05781714,0.0002216015,-0.01958
-0.5913238,-0.07354973,-7.049497E-05,-0.001066667,-0.240596,0.02361365,0.001126947,-0.007875002
-0.3699878,-0.07355323,0.0005451634,-0.001066667,-0.3196534,-0.07301751,-1.805471E-07,-0.0005334357
-0.4459741,-0.07354945,-4.95624E-06,-0.001066667,-0.1899917,-0.07373926,0.000123044,-0.002163715
0.291,-0.061,0,0,-0.327,-0.065,0,0
0.291,-0.061,0,0,-0.327,-0.065,0,0
0.1417084,-0.07355104,-0.0001416711,-0.001066699,-0.1777084,-0.07354025,0.0001416711,-0.002132813
-0.008288288,-0.0735506,-0.0001423401,-0.001066667,-0.7002434,-0.07278954,-0.002215206,-0.0004231345
-0.1582883,-0.0735506,-0.0001423433,-0.001066667,-0.5619755,-0.07301559,0.0001312101,-0.0005333064
-0.1186689,-0.06521411,0.0007312996,-0.01387763,-0.6439949,-0.07291071,0.001011518,-0.00127882
-0.2642404,-0.07319987,-0.0001382176,-0.0005665811,-0.4896696,-0.07355066,0.0001464478,-0.001066667
-0.2140797,-0.0735643,0.0005807178,-0.001066637,-0.6324414,-0.07389829,0.001118254,-0.002293923
-0.2434256,0.04004966,0.0004003883,-0.007688064,-0.6112181,-0.07274424,0.001009188,-0.002677566
-0.3907248,-0.06514265,-0.0001397803,0.0004779849,-0.6594635,-0.07357436,-4.578282E-05,-0.002134966
-0.5407121,-0.07355092,-0.0001423311,-0.001066692,-0.6248139,-0.07390864,-0.0005540229,-0.0003536637
-0.5332707,-0.07354945,4.890876E-06,-0.001066667,-0.5971674,-0.07302015,0.0001415947,-0.0005335167
-0.3336061,-0.03420454,0.0007422344,-0.01205351,-0.5200025,-0.07291459,0.001118248,-0.001278824
-0.4797665,-0.07300818,-9.494694E-06,-0.0005329037,-0.6055281,-0.07355063,0.0001444543,-0.001066667
-0.2461105,-0.05531256,7.52104E-05,-0.004245227,-0.6292731,-0.07354945,-4.891222E-06,-0.001066667
-0.1992771,-0.06743743,0.000760577,-0.003125811,-0.6100078,-0.07389572,0.001011839,-0.002293923
-0.3447838,-0.07355558,-0.0001380793,-0.00213363,-0.7078658,-0.07355063,6.844637E-05,-0.002133373
0.291,-0.061,0,0,-0.327,-0.065,0,0
0.291,-0.061,0,0,-0.327,-0.065,0,0
0.1417084,-0.07355104,-0.0001416711,-0.001066699,-0.5758194,-0.02660005,-0.0002361185,-0.0184
-0.008288288,-0.0735506,-0.0001423401,-0.001066667,-0.6331047,-0.0730962,-5.46082E-05,-0.0004412501
-0.1582883,-0.0735506,-0.0001423433,-0.001066667,-0.3845569,-0.04528626,0.0002358606,-0.01884126
-0.2085746,-0.07354973,7.117163E-05,-0.001066667,-0.5688045,-0.0735328,-0.001100825,-0.002130808
-0.3575121,-0.07355057,-0.000141335,-0.001066667,-0.3254632,0.001947473,0.0002309199,-0.004134594
-0.2082672,-0.07354944,9.689696E-06,-0.001066667,-0.07443981,-0.05187582,1.630088E-05,-0.007932703
-0.3600071,-0.05871775,-0.0001713796,-0.01938063,0.006179844,-0.07301743,5.294948E-05,-0.0005334001
-0.2109189,-0.07358693,9.679947E-06,-0.002132857,-0.2434744,-0.001320271,-1.620876E-05,0.0005666753
-0.06091917,-0.07354943,9.738704E-06,-0.002133333,-0.2980795,-0.073905,-3.546382E-06,-0.0004708328
-0.2101623,-0.07354976,-0.0001416251,-0.002133333,-0.6903847,-0.07345118,0.00085835,-0.0009966613
-0.3608215,-0.07354943,-9.781523E-06,-0.002133333,-0.6703862,-0.04889676,-3.15965E-05,0.001687355
-0.4227346,-0.07354964,5.986248E-05,-0.001066667,-0.7185768,-0.05927117,-0.0001668849,-0.002164286
-0.4729214,-0.0730051,0.0003145561,-0.0005325868,-0.7188241,-0.07356317,-0.0005442693,-0.001066662
-0.4796858,-0.07301612,7.00928E-05,-0.0005333332,-0.7029642,0.03523685,-0.0001876096,-0.01546667
-0.6286287,-0.07301632,-0.0001413401,-0.0005333333,-0.5748532,0.5563563,0.0007294397,0.02185288
-0.2768351,-0.07362209,0.005999929,-0.002133334,-0.4212077,0.03771613,3.508686E-07,0.01547357
-0.5993361,-0.07308875,-0.005999863,-0.0005333334,-0.4934317,-0.02098702,-1.649323E-07,-0.01670678
-0.4799022,-0.07301627,0.0001133375,-0.0005333334,-0.1659184,-0.05991359,0.000962803,0.001975247
-0.09695255,0.109917,0.003523423,0.001066663,-0.1613161,-0.07349377,4.234453E-05,-0.002706188
-0.2292921,-0.05683834,-8.592147E-06,0.0002666656,-0.5349805,-0.06784041,-0.000133842,0.001186654
0.291,-0.061,0,0,-0.327,-0.065,0,0
0.291,-0.061,0,0,-0.327,-0.065,0,0
0.1417084,-0.07355104,-0.0001416711,-0.001066699,-0.1777084,-0.07354025,0.0001416711,-0.002132813
0.1249586,-0.06168339,0.0004715749,-0.0008260602,-0.224384,-0.07380677,-0.0007637979,-0.001236288
0.2758413,-0.06946046,0.001232752,-0.003134255,-0.2755656,-0.07361738,-0.0007680737,-0.002144601
0.1326843,-0.07355448,-0.0001358496,-0.002133626,-0.1300961,-0.07354985,0.0001380439,-0.002133336
0.1406329,-0.07391293,0.0005646658,-0.003266539,-0.2495063,-0.07381649,-0.0009772994,-0.001236288
0.1322079,-0.07355927,0.0004970708,-0.001066471,-0.3017504,-0.07361741,-0.000769082,-0.002144601
-0.01461019,-0.07355055,-0.0001393237,-0.001066667,-0.4548692,-0.07354989,-0.000145303,-0.002133336
-0.01921022,-0.07358238,0.0005275102,-0.001069288,-0.502973,-0.07380687,-0.0007651531,-0.001236288
-0.007408931,-0.07207566,0.0005909366,-0.004966558,-0.5541615,-0.07361738,-0.0007680803,-0.002144601
-0.1537599,-0.07355053,-0.0001388805,-0.001066666,-0.4086922,-0.07354985,0.0001380439,-0.002133336
-0.1006328,-0.07357026,0.0006858616,-0.001066749,-0.5226339,-0.07381647,-0.0009772994,-0.001236288
-0.2465113,-0.07355053,-0.0001384322,-0.001066667,-0.4626847,-0.0739219,5.722096E-05,-0.003197616
-0.3478519,-0.07354973,7.116238E-05,-0.001066667,-0.618082,-0.07292178,-0.0009371912,-0.000518982
-0.4967895,-0.07355057,-0.000141335,-0.001066667,-0.7078763,-0.07176998,0.0004243638,-0.001056488
0.291,-0.061,0,0,-0.327,-0.065,0,0
0.291,-0.061,0,0,-0.327,-0.065,0,0
0.1417084,-0.07355104,-0.0001416711,-0.001066699,-0.327,-0.07354006,0,-0.002132813
-0.008288288,-0.0735506,-0.0001423401,-0.001066667,-0.327,-0.07354943,0,-0.002133333
-0.1582883,-0.0735506,-0.0001423433,-0.001066667,-0.5763647,-0.07358101,-0.0009143056,-0.001066987
-0.3082883,-0.0735506,-0.0001423433,-0.001066667,-0.5809146,-0.07354943,-4.317687E-06,-0.001066667
-0.4582882,-0.0735506,-0.0001423433,-0.001066667,-0.6808013,-0.0735621,0.0005239911,-0.001066646
-0.6082881,-0.0735506,-0.0001423433,-0.001066667,-0.6214999,0.01080032,0.000116822,0.000133324
-0.4590482,-0.07354944,9.689372E-06,-0.001066667,-0.621037,-0.07356595,3.791092E-08,-0.001086979
-0.6082916,-0.07355059,-0.0001416253,-0.001066667,-0.7227359,-0.07343184,9.623005E-05,-0.003833277
-0.6160425,-0.07354943,4.890761E-06,-0.001066667,-0.67586,-0.07354952,-3.490422E-05,-0.001066667
-0.5559851,-0.07354974,7.082399E-05,-0.001066667,-0.6786521,-0.0636497,0.0002205661,0.000652821
-0.5317506,-0.07354943,4.856288E-06,-0.001066667,-0.7149855,-0.03325697,4.074379E-06,-0.00312641
-0.6450458,-0.07354974,7.082407E-05,-0.001066667,-0.7102583,-0.07355051,0.0001226584,-0.001066683
-0.4379805,-0.07355075,0.0001518829,-0.001066667,-0.6255617,0.09778114,0.0001036981,-0.0128607
-0.5689067,-0.07354943,4.843137E-06,-0.001066667,-0.7123514,0.5100496,5.715645E-05,0.003093058
-0.4189311,-0.07354944,9.737137E-06,-0.001066667,-0.610254,0.03675964,6.628644E-06,-0.04274695
-0.5681745,-0.07355058,-0.0001416251,-0.001066667,-0.610221,0.05012602,3.130291E-08,-0.01222653
-0.4189311,-0.07354944,9.689603E-06,-0.001066667,-0.70055,-0.07367697,-5.868137E-06,-0.002194171
-0.431777,-0.07292182,0.0004571159,-0.0005204041,-0.671851,-0.06588656,0.0001754429,-0.004926658
0.291,-0.061,0,0,-0.327,-0.065,0,0
0.291,-0.061,0,0,-0.327,-0.065,0,0
0.1417084,-0.07355104,-0.0001416711,-0.001066699,-0.1777084,-0.07354025,0.0001416711,-0.002132813
-0.008288288,-0.0735506,-0.0001423401,-0.001066667,-0.2778499,-0.06796438,-9.502973E-05,-0.001208203
-0.1589511,-0.07354944,-9.781756E-06,-0.001066667,-0.3796169,-0.07355013,-6.60721E-06,-0.002134016
-0.08371307,-0.07357167,0.0007083975,-0.001066809,-0.5196485,-0.07357915,-0.0009386954,-0.00106665
-0.0143836,-0.0685285,0.000852696,-0.003078101,-0.5633957,-0.07357292,-0.0007306376,-0.001066828
-0.1594319,-0.0735556,-0.0001376443,-0.002133653,-0.4177402,-0.07355054,0.0001382207,-0.001066667
-0.3094086,-0.07354979,-0.0001423211,-0.002133334,-0.566344,-0.07355057,-0.0001410183,-0.001066667
-0.1392096,-0.0635648,0.001245546,0.003174712,-0.6748888,-0.07358127,-0.0009383781,-0.001066828
-0.2823029,-0.07355191,-0.0001357891,-0.001066799,-0.6948125,-0.06882499,5.006506E-05,0.000258293
-0.2827662,-0.04200902,0.0005465049,-0.01251383,-0.7183139,-0.07355641,0.000362984,-0.001066647
-0.1758808,0.230046,0.001028677,0.002267909,-0.7072049,-0.07355822,0.0003622452,-0.001066828
-0.3200533,-0.03949538,-0.0001368132,0.01086605,-0.6818898,-0.06881923,4.699405E-05,0.000258293
-0.4704363,-0.07258692,-9.779962E-06,-0.0007582557,-0.6935538,-0.07354333,3.28056E-06,-0.0006736967
-0.3125781,-0.07274319,7.278757E-05,-0.001617631,-0.6418946,-0.07354945,-4.868315E-06,-0.001066667
-0.247378,-0.06381523,0.0008452418,0.001010599,-0.6809949,-0.07357274,-0.0007262275,-0.001066828
-0.251795,-0.07356358,0.0005104291,-0.001066808,-0.7233447,-0.07377174,0.000364817,-0.001066828
-0.2559953,-0.07356182,0.0005175227,-0.001066694,-0.7046944,-0.0735582,0.0003622409,-0.001066828
0.291,-0.061,0,0,-0.327,-0.065,0,0
0.291,-0.061,0,0,-0.327,-0.065,0,0
0.1417084,-0.07355104,-0.0001416711,-0.001066699,-0.4762917,-0.07354024,-0.0001416711,-0.002132813
-0.008288288,-0.0735506,-0.0001423401,-0.001066667,-0.327705,-0.07354976,0.000141002,-0.002133333
-0.1589511,-0.07354944,-9.781756E-06,-0.001066667,-0.4769516,-0.07354943,-9.689806E-06,-0.002133333
-0.3082915,-0.07355059,-0.0001417172,-0.001066667,-0.7213703,-0.07358677,-0.001125946,-0.001066768
-0.4582884,-0.07355059,-0.0001423403,-0.001066667,-0.4781541,0.01081402,0.0002308012,0.0001333851
-0.6089511,-0.07354944,-9.781756E-06,-0.001066667,-0.3270849,-0.07356595,9.810463E-06,-0.001086979
-0.6495304,-0.07229967,-0.0001446621,-0.00208647,-0.1369708,-0.07356088,0.0002753719,-0.001067375
-0.2977532,-0.07363536,0.005999929,-0.001066667,-0.135594,-0.07354944,3.144194E-09,-0.001066667
-0.3307769,-0.07354944,-5.841327E-06,-0.001066667,-0.04975355,-0.03328269,1.298075E-05,0.0005333353
-0.4174313,-0.06073729,-0.0001889275,-0.01946473,0.133353,-0.07353981,0.0002675559,-0.001065135
-0.06587557,-0.07362191,0.005999929,-0.002133326,-0.01530756,-0.07354943,-3.394849E-07,-0.001066667
-0.185837,-0.07354943,-7.788472E-06,-0.002133333,-0.01530925,-0.07354943,-1.101692E-10,-0.001066667
-0.03592457,-0.07354943,9.733036E-06,-0.002133333,0.01935121,-0.04303347,2.250324E-06,-0.00533752
-0.3273791,-0.07270255,-0.0002176427,-0.002103482,0.3113855,-0.07355233,0.0002285278,-0.001066666
0.07137092,-0.03209522,3.236359E-05,0.0002517428,0.4624669,-0.07354945,1.226215E-05,-0.001066667
-0.04188015,-0.07348473,-0.0005415671,-0.0009908683,0.3128906,-0.07354975,-7.250595E-05,-0.001066667
0.1053642,-0.07354945,9.559813E-06,-0.001066667,0.4053915,-0.07301239,0.0001647869,-0.000533133
0.01257561,-0.07352547,-0.000200791,-0.003537578,0.41332,0.0852889,0.0001212596,-0.01340332
0.3640719,-0.07363535,0.005999929,-0.001066667,0.5639222,-0.07289828,3.439243E-07,-0.0005175717
0.06908198,-0.07355017,-0.0001128554,-0.001066667,0.5460314,-0.0730161,4.867727E-06,-0.0005333333
0.217812,-0.07355057,0.0001411381,-0.001066667,0.6620826,-0.04741615,-0.0001180707,-0.01893334
0.2267481,-0.07207529,-0.0001247052,-0.002076855,0.660555,-0.07355219,0.0001318972,-0.001066927
0.3760762,-0.07354944,9.695096E-06,-0.001066667,0.5905695,-0.07301922,-4.543793E-06,-0.0005334831
0.5260761,-0.07354944,9.73871E-06,-0.001066667,0.6722189,-0.05901927,-8.732616E-05,-0.0003612431
0.5516931,-0.07354943,-4.869362E-06,-0.001066667,0.65061,-0.07355,-7.409697E-05,-0.001066693
0.291,-0.061,0,0,-0.327,-0.065,0,0
0.291,-0.061,0,0,-0.327,-0.065,0,0
0.1417084,-0.07355104,-0.0001416711,-0.001066699,-0.1777084,-0.07354025,0.0001416711,-0.002132813
-0.008288288,-0.0735506,-0.0001423401,-0.001066667,-0.326295,-0.07354977,-0.000141002,-0.002133333
-0.08248425,-0.0739062,0.0002070926,-0.00325567,-0.3370592,0.02967001,-0.0005931951,-0.008281522
0.01196206,-0.04423924,0.000894852,-0.01274545,-0.4183194,0.1851436,-0.000803635,0.001192573
-0.1328229,-0.07390787,-0.0001374453,-0.002301705,-0.2730269,-0.02094017,0.000137876,0.006603713
-0.2827986,-0.07355087,-0.0001423201,-0.002133375,-0.2242404,0.06719039,4.629623E-05,-0.0163279
-0.05492388,0.03498202,0.004282742,0.0002666239,-0.1798516,-0.0302641,0.0008342567,-0.0184595
-0.1834684,-0.0700568,-8.345733E-06,0.001216665,-0.1279172,-0.07337166,3.407441E-06,-0.001066666
-0.2502462,-0.07354944,-4.866428E-06,-0.001066667,0.1244524,-0.06169388,0.0001967622,-0.003397789
-0.1003192,-0.07354943,9.733982E-06,-0.001066667,0.1737365,-0.073905,3.200563E-06,-0.002545587
0.04968082,-0.07354945,9.738724E-06,-0.001066667,0.426105,-0.06433155,0.0001967621,-0.00496752
-0.04291786,-0.0731025,-6.549798E-05,2.986826E-05,0.2771372,-0.07354944,-9.67171E-06,-0.001066667
0.1060479,-0.07355059,0.0001413618,-0.001066667,0.3251895,-0.0501035,4.559946E-05,-8.638948E-07
-0.1519808,0.02912556,-0.001558227,-0.008355873,0.6088895,-0.004105399,0.001588328,-0.01014841
0.1927285,-0.07363536,0.005999913,-0.001066667,0.466996,-0.07337166,-3.244043E-07,-0.001066666
-0.0240939,-0.07355005,-0.0001024977,-0.001066667,0.3835779,-0.07354944,4.867833E-06,-0.001066667
-0.1279982,-0.07351732,-6.889163E-05,-0.002131186,0.2336509,-0.07354944,-9.733982E-06,-0.001066667
-0.2809179,-0.07385819,-8.410018E-05,-0.003448581,0.08365089,-0.07354943,-9.738724E-06,-0.001066667
-0.131387,-0.07354945,9.708274E-06,-0.001066667,0.2335536,-0.07354943,9.732402E-06,-0.001066667
-0.2836651,-0.07336999,-8.408276E-05,-0.00106423,0.08365088,-0.07354945,-9.732405E-06,-0.001066667
-0.4255071,-0.07354982,-8.060707E-05,-0.001066667,-0.06634913,-0.07354944,-9.738724E-06,-0.001066667
0.291,-0.061,0,0,-0.327,-0.065,0,0
0.291,-0.061,0,0,-0.327,-0.065,0,0
0.1410609,-0.07354945,-1.216946E-05,-0.001066667,-0.4769391,-0.07301586,-1.216946E-05,-0.0005333252
-0.008291339,-0.07355058,-0.0001417285,-0.001066667,-0.6262914,-0.07301631,-0.0001417285,-0.0005333333
-0.1589511,-0.07354944,-9.781558E-06,-0.001066667,-0.4770487,-0.0730161,9.689569E-06,-0.0005333333
-0.2022486,-0.07354993,9.15173E-05,-0.001066667,-0.4783343,-0.07354949,-3.715442E-05,-0.001066665
-0.3510848,-0.07355058,-0.0001412389,-0.001066667,-0.6278108,-0.07355059,-0.0001418465,-0.001066667
-0.5010793,-0.0735506,-0.0001423381,-0.001066667,-0.6648422,-0.07261471,0.0003917559,-0.002660075
-0.6510792,-0.0735506,-0.0001423433,-0.001066667,-0.629437,-0.001827572,0.0001171342,0.0007349806
-0.5018393,-0.07354944,9.689372E-06,-0.001066667,-0.2289813,-0.05357327,2.59995E-05,0.01163251
-0.3524994,-0.07355057,0.0001417168,-0.001066667,-0.4776712,0.264007,-0.0002359956,-0.006767493
-0.2018397,-0.07354944,9.781551E-06,-0.001066667,-0.4730481,0.01210627,3.001538E-07,-0.0008509109
-0.3516721,-0.07354948,-2.376071E-05,-0.001066667,-0.622786,-0.07387762,-2.376823E-05,-0.002053182
-0.4984106,-0.07356872,-0.0006760753,-0.001066667,-0.5960026,0.01035816,0.003422403,0.0008451734
-0.6510665,-0.07355063,-0.0001448638,-0.001066667,-0.7209685,-0.06696749,6.27546E-05,0.001411294
-0.6054319,-0.07354944,4.891287E-06,-0.001066667,-0.6658747,-0.02597698,4.061577E-06,-0.001105645
-0.5463125,-0.07354974,7.082399E-05,-0.001066667,-0.6177884,-0.07168648,0.0006186772,-0.001160698
-0.5039066,-0.07354974,7.066828E-05,-0.001066667,-0.6790524,0.03485669,9.517777E-05,-0.0155607
-0.6531916,-0.07354975,-7.236472E-05,-0.001066667,-0.5289403,-0.05208874,7.27657E-05,-0.003890175
-0.6428425,-0.07354944,-7.587561E-06,-0.001066667,-0.3639309,-0.073556,0.0002409158,-0.001066955
-0.700858,-0.07389066,-0.0001626733,-0.003552778,-0.3592612,-0.04800718,3.450655E-05,0.00172559
-0.5517195,-0.07354943,9.682773E-06,-0.001066667,-0.35912,-0.07355312,1.119802E-08,-0.002133563
-0.6906102,-0.07354953,4.502874E-05,-0.001066665,-0.3880585,-0.07354943,4.867781E-06,-0.002133334
-0.5404339,-0.07354945,9.750175E-06,-0.001066667,-0.3017324,0.2705849,0.0001870628,-0.0101944
-0.3118642,0.0467172,0.004295806,0.001333331,-0.3008775,0.1332026,1.606857E-05,0.009097203
-0.06370497,-0.0510962,0.004663975,0.006933333,-0.6664442,0.4092718,-0.006870569,0.0154972
-0.1895999,-0.07233553,-0.0001196461,-0.003066667,-0.4518155,0.8196045,0.0002036731,-0.002902805
0.0383784,0.02593112,0.00428469,-0.0006666685,-0.5444558,0.8296936,-0.001741109,-0.008682806
0.09162991,-0.03873335,3.457344E-06,0.007963603,-0.4032071,0.08418626,9.170543E-06,0.0163414
-0.05724614,-0.06149108,-0.0002213355,-0.005581802,-0.4624764,0.225897,-8.811631E-05,-0.0119586
-0.2076393,-0.07355049,-0.0001427163,-0.001066661,-0.4249409,-0.02044545,3.561951E-05,0.009473356
-0.3583039,-0.07354944,-9.781876E-06,-0.001066667,-0.5744231,-0.07251292,-9.724004E-06,-0.001807915
-0.5076443,-0.07355058,-0.0001417172,-0.001066667,-0.673371,-0.07210604,0.0001180822,0.007703959
-0.5356228,-0.07354974,7.117014E-05,-0.001066667,-0.7059929,0.1511889,-0.000118338,-0.01069605
-0.6845604,-0.07355058,-0.000141335,-0.001066667,-0.4577623,-0.06711631,0.0002355596,-0.02909605
-0.5353156,-0.07354944,9.689696E-06,-0.001066667,-0.3535218,0.02135829,9.790882E-05,-0.01875711
-0.6861413,-0.07274835,5.022091E-05,-0.0004427524,-0.3666468,-0.07231884,4.851895E-06,-1.384038E-05
-0.6921533,-0.072898,0.0001106958,0.0001009436,-0.4064143,-0.0735499,8.785949E-05,-0.001066667
-0.5416488,-0.07354944,9.771486E-06,-0.001066667,-0.006104868,-0.03328247,2.599002E-05,0.0005333353
-0.3916485,-0.07354945,9.738733E-06,-0.001066667,0.2439439,-0.02701624,1.623437E-05,-0.0006666662
0.005448411,0.06138381,0.0005903679,-0.01226667,0.3929177,-0.07305039,0.0002214808,-0.0005291667
0.1582215,-0.07304881,9.927147E-06,-0.001666667,0.5439759,-0.07301611,9.807437E-06,-0.0005333333
0.07782036,-0.04453622,-0.0002363128,-0.01793609,0.3942106,-0.07301614,-3.712608E-05,-0.0005333334
0.2263349,-0.07343534,9.658872E-06,-0.002121711,0.6439437,-0.05274938,1.621389E-05,-0.007333333
0.3763345,-0.07354943,9.738696E-06,-0.002133333,0.662527,-0.07354943,-4.870412E-06,-0.001066666
0.2191634,-0.07358504,-8.547353E-05,-0.002135918,0.5612477,-0.07354945,4.868572E-06,-0.001066667
0.3686875,-0.07354945,9.707825E-06,-0.002133334,0.5789353,-0.03328269,-1.298154E-05,0.0005333353
0.5186873,-0.07354945,9.738713E-06,-0.002133334,0.3289514,-0.02701613,-1.623015E-05,-0.0006666662
0.3694441,-0.07354978,-0.0001416251,-0.002133334,0.6960357,0.09138379,-0.0001888564,-0.01506667
0.5186875,-0.07354945,9.689603E-06,-0.002133334,0.445173,-0.0637828,-1.628722E-05,0.001233333
0.291,-0.061,0,0,-0.327,-0.065,0,0
0.291,-0.061,0,0,-0.327,-0.065,0,0
0.1417084,-0.07355104,-0.0001416711,-0.001066699,-0.4097458,-0.07287859,-7.852205E-05,-0.0036
-0.008288288,-0.0735506,-0.0001423401,-0.001066667,-0.260845,-0.07355054,0.0001413002,-0.001066666
0.04556014,-0.07369717,0.000673992,-0.002737422,-0.4321713,-0.07293876,-0.001248474,-0.0005202064
-0.1010223,-0.07354944,-9.516842E-06,-0.001066667,-0.588363,-0.0730161,-1.014072E-05,-0.0005333333
-0.06014422,-0.07357253,0.0007346807,-0.001066802,-0.6944399,-0.07367936,-0.001035681,-0.001226254
-0.2057798,-0.07355053,-0.0001382016,-0.001066667,-0.6605538,-0.07354975,7.328096E-05,-0.001066667
-0.174737,-0.05379116,0.0006917086,-0.01320604,-0.7018758,-0.07292686,0.0005176436,-0.0005202064
-0.3205172,-0.07336721,-0.0001384046,-0.002109328,-0.6940311,-0.07340233,3.803879E-05,-0.000632513
-0.2947916,-0.06307913,0.0006672139,-0.0009304414,-0.6849595,-0.07292728,0.0005177268,-0.00052018
-0.2366572,0.03513866,0.0008018665,-0.007994322,-0.6909623,-0.07356295,0.0005165943,-0.00122628
-0.3819535,-0.06350219,-0.0001378844,0.002801421,-0.6995438,-0.07390513,3.804126E-05,-0.002511679
-0.5319315,-0.07347294,-0.0001423222,-0.002126557,-0.6103684,-0.07362418,0.0005690666,-0.002135669
-0.4994369,-0.07354944,7.117157E-05,-0.002133332,-0.604112,-0.07293739,0.0005539063,-0.000525314
-0.6490324,-0.07354943,-9.712467E-06,-0.002133333,-0.7148262,-0.07370168,-3.59278E-05,-0.00216085
-0.240818,-0.07390601,0.0001155014,-0.001095604,-0.6955089,-0.07354946,2.430976E-06,-0.002133334
-0.3895349,-0.07355057,-0.0001411256,-0.001066667,-0.6626025,-0.07354952,7.082979E-05,-0.002133334
-0.2539069,-0.06729667,0.00112475,0.005197247,-0.6746132,-0.07293798,0.0006241536,-0.0005253134
0.291,-0.061,0,0,-0.327,-0.065,0,0
0.291,-0.061,0,0,-0.327,-0.065,0,0
0.1417084,-0.07355104,-0.0001416711,-0.001066699,-0.2290918,-0.05275137,9.30209E-05,-0.00184321
-0.008288288,-0.0735506,-0.0001423401,-0.001066667,-0.3206592,-0.07390513,-8.691653E-05,-0.0005045987
-0.03399531,-0.07390981,0.0004309015,-0.0007641305,-0.4113874,-0.0735803,-0.0009626021,-0.001066666
-0.1817808,-0.07354945,-1.199466E-05,-0.001066667,-0.5830225,-0.07337571,-0.0001110758,-0.0006241557
-0.3311322,-0.07355058,-0.0001417277,-0.001066667,-0.3347558,0.01259941,0.0002355939,0.002312079
-0.1825459,-0.07355057,0.0001410018,-0.001066667,-0.3335834,-0.06960642,1.112561E-06,0.00297802
-0.3311358,-0.07355057,-0.0001410052,-0.001066667,-0.4339072,-0.05467055,-9.520275E-05,-0.0001090104
-0.3351463,-0.07354973,7.116847E-05,-0.001066667,-0.7110129,0.02591821,0.0007228826,-0.008828626
-0.4840838,-0.07355057,-0.000141335,-0.001066667,-0.3093044,-0.0515689,0.0003812033,-0.02322863
-0.4144947,-0.07354973,-7.05018E-05,-0.001066667,-0.1495773,-0.07307423,0.0008615203,-0.0005410243
-0.03242384,0.1019169,0.003515337,0.0005333293,0.09354575,0.05375142,0.002236914,-0.002941027
-0.03935457,-0.06088289,-5.438179E-06,-0.003466667,0.2243539,-0.02719466,1.261779E-05,0.008670514
0.1105696,-0.07354944,9.733796E-06,-0.001066667,-0.02550195,-0.003056321,-1.622184E-05,-0.02892949
0.05650415,-0.07354945,4.866202E-06,-0.001066667,-0.03307885,-0.03941792,-7.11845E-06,0.0002651412
0.07224314,-0.07354943,4.866991E-06,-0.001066667,-0.1685609,-0.0733523,-0.0001287516,-0.001045264
-0.0770243,-0.07355057,-0.0001416481,-0.001066667,-0.4180211,-0.0600387,-0.0002367265,-0.01944527
-0.009437417,0.02900988,0.0002469483,-0.01473831,-0.3924604,-0.07346885,-3.567786E-05,-0.002120629
-0.1581062,-0.07390501,-9.655422E-06,-0.003289428,-0.54259,-0.07354943,-9.74714E-06,-0.002133333
-0.3074459,-0.07355056,-0.0001417166,-0.001066666,-0.6919302,-0.07354976,-0.0001417171,-0.002133333
-0.2572489,-0.07299159,5.2477E-05,-0.0005316222,-0.5426872,-0.07354943,9.689573E-06,-0.002133333
-0.4062794,-0.07301629,-0.0001414232,-0.0005333329,-0.6552861,-0.06427842,0.0005888059,0.0007753801
-0.5562749,-0.07301632,-0.0001423389,-0.0005333333,-0.5909958,0.1658058,0.0007718906,-0.000421294
-0.4070351,-0.07301611,9.689372E-06,-0.0005333333,-0.64116,-0.04649704,-3.256904E-06,-0.01010935
0.291,-0.061,0,0,-0.327,-0.065,0,0
0.291,-0.061,0,0,-0.327,-0.065,0,0
0.1417084,-0.07355104,-0.0001416711,-0.001066699,-0.1777084,-0.07354025,0.0001416711,-0.002132813
0.08530045,-0.07355522,0.000288856,-0.001066759,-0.1642115,0.3007144,-0.0004865621,0.007587901
0.2360296,-0.0735506,0.0001430352,-0.001066667,-0.3159245,0.041224,-0.0001439688,-0.0308121
0.08744974,-0.07355057,-0.0001409956,-0.001066667,-0.1673493,-0.04493647,0.0001409912,-0.01579395
-0.06254356,-0.0735506,-0.0001423369,-0.001066667,-0.4524391,0.3151369,-0.0007699075,0.007218176
-0.2125435,-0.0735506,-0.0001423433,-0.001066667,-0.3069788,0.04677304,0.0001380353,-0.03118183
-0.2659451,-0.0735499,8.896454E-05,-0.001066667,-0.5266334,0.4828994,-0.0008858162,0.02057366
-0.2655024,-0.07354945,4.201233E-07,-0.001066667,-0.3817499,0.535067,0.0001374879,-0.01782635
0.1125094,0.09978385,0.00439807,0.002133329,-0.4615498,0.3849244,-0.0009284512,-0.02274943
-0.01489574,-0.03274942,-0.0001209018,-0.001066665,-0.3168784,0.0584734,0.0001372866,0.004174715
-0.1647146,-0.07272562,-0.000142242,-0.0004166667,-0.1669035,0.002618841,0.0001423194,-0.0001563208
-0.01588769,-0.07354685,9.689407E-06,-0.002133334,-0.0166868,-0.002648928,9.781748E-06,-0.0005354235
0.1334522,-0.07354977,0.0001417168,-0.002133334,-0.1657528,-0.07327415,-0.0001416249,-0.001733072
0.1762722,-0.07354532,4.984319E-05,-0.002158993,-0.09633551,0.2353236,-6.606184E-05,-0.007127743
0.02722858,-0.07354994,-0.0001414357,-0.00213334,0.0526274,0.05146595,0.0001413591,-0.00363613
0.176473,-0.07354945,9.689664E-06,-0.002133334,0.4220425,0.2713636,0.0002173721,-0.009042846
0.5290218,-0.07308876,0.005999932,-0.0005333334,0.273273,-0.05435033,-3.400578E-07,-0.009460712
0.6036841,0.01665353,0.0007809307,-0.009062269,0.2283566,0.2438194,-0.0006997369,0.004051557
0.4585482,-0.068568,-0.0001379832,-0.004665567,0.3741662,-0.0605859,0.0001383666,0.01477422
0.5986546,0.05651403,0.001762254,-0.00306557,0.293442,0.2229301,-0.0007427224,0.00825114
0.4581326,-0.06872869,-0.000133349,-0.01046722,0.2050183,0.3604035,-8.391008E-05,-0.01427194
0.6074175,-0.07354944,9.692288E-06,-0.001066667,0.3545502,0.01383574,9.708332E-06,-0.01206403
0.6788662,-0.07317019,-0.0005699942,-0.002706104,0.301351,0.4378492,-0.0006997606,0.01495322
0.646836,-0.07354973,-6.948967E-05,-0.001066667,0.4471603,0.3551263,0.0001383665,-0.02344679
0.6612766,-0.07354944,-4.856506E-06,-0.001066667,0.5977752,-0.02506711,9.780464E-06,-0.01707661
0.7014328,-0.07354944,-2.434285E-06,-0.001066667,0.4481466,-0.07235476,-9.732388E-06,-1.65889E-05
0.5514693,-0.07354945,-9.736354E-06,-0.001066667,0.2986938,-0.07238762,-9.738724E-06,-3.911555E-09
0.6276715,-0.07394229,0.0007818796,-0.005090683,0.2454366,0.2832714,-0.0006997146,0.006521201
0.4822709,-0.07355022,-0.0001379787,-0.001066645,0.1572269,0.3792263,-8.370697E-05,-0.01600188
0.6308758,-0.07355057,0.0001410195,-0.001066667,0.3061021,0.04515197,0.0001412758,0.008000942
0.4822859,-0.07355057,-0.0001410051,-0.001066667,0.4560967,0.01059911,0.0001423382,-0.006400471
0.6308758,-0.07355057,0.0001410052,-0.001066667,0.6058115,-0.002593808,0.0001423433,-0.000535938
0.4822859,-0.07355057,-0.0001410052,-0.001066667,0.6816989,-0.07327847,-7.117163E-05,-0.001733008
0.2561967,-0.06868745,-0.001294692,-0.003072378,0.5647399,0.2912286,-0.000846951,0.007059741
0.3996767,-0.07354959,9.315413E-06,-0.002133338,0.7044109,0.01245291,-4.730356E-06,0.001270129
0.5496746,-0.07354945,9.738586E-06,-0.002133334,0.6192853,-0.0297308,-5.526764E-06,-0.003773524
0.291,-0.061,0,0,-0.327,-0.065,0,0
0.291,-0.061,0,0,-0.327,-0.065,0,0
0.1417084,-0.07355104,-0.0001416711,-0.001066699,-0.4762917,-0.07354024,-0.0001416711,-0.002132813
-0.008288288,-0.0735506,-0.0001423401,-0.001066667,-0.7222298,-0.06769361,0.0001183937,0.007866408
-0.1582883,-0.0735506,-0.0001423433,-0.001066667,-0.7216846,-0.07370049,5.590986E-07,-0.00220835
-0.3082883,-0.0735506,-0.0001423433,-0.001066667,-0.4728624,-0.06670706,0.0002361211,0.007904177
-0.4582882,-0.0735506,-0.0001423433,-0.001066667,-0.650129,0.2573931,0.0001883372,-0.00649583
-0.3097049,-0.07355057,0.0001409989,-0.001066667,-0.6388864,0.2279632,1.066858E-05,-0.02122625
-0.4444365,-0.07354973,7.05026E-05,-0.001066667,-0.5025307,0.03227534,-7.086072E-05,-0.003786877
-0.2941327,-0.07354943,9.758442E-06,-0.001066667,-0.3530902,-0.07337116,9.712568E-06,-0.001066159
-0.2324677,-0.07354945,4.866198E-06,-0.001066667,-0.5828475,-0.06206633,-0.0001468953,-0.004141539
-0.3823482,-0.07354946,-1.901168E-05,-0.001066667,-0.7182923,-0.07301877,9.553937E-06,-0.000533456
-0.5282184,-0.07357571,-0.0008449605,-0.001066667,-0.708832,-0.05300159,5.479879E-05,-0.01234893
-0.5460786,-0.07354974,7.283063E-05,-0.001066667,-0.7207068,-0.07390834,-0.0001181886,-0.001321808
-0.6613959,-0.07354973,7.066356E-05,-0.001066667,-0.7150141,-0.06694219,5.058214E-05,0.002983613
-0.5922033,-0.07354973,7.066869E-05,-0.001066667,-0.6910899,0.1392808,4.719383E-05,-0.01141639
-0.4418988,-0.07354945,9.758494E-06,-0.001066667,-0.6951669,-0.06221606,2.875828E-06,0.002110902
-0.5911419,-0.07355057,-0.000141625,-0.001066667,-0.7009925,-0.07220031,3.459199E-05,-0.007685451
-0.6056763,-0.07354973,7.116993E-05,-0.001066667,-0.6613712,-0.07351444,0.000337252,-0.001060579
-0.539271,-0.07354945,4.856233E-06,-0.001066667,-0.6641661,0.4050735,9.635002E-05,-0.00512855
-0.3899552,-0.07355057,0.000141694,-0.001066667,-0.6636865,-0.03825163,4.550004E-07,0.01456428
-0.5385419,-0.07355057,-0.0001410019,-0.001066667,-0.2655732,0.4456909,0.0003777916,0.0001642708
-0.1867467,-0.07363535,0.005999929,-0.001066667,-0.6636798,0.0341083,-9.091257E-07,0.01431787
-0.3061803,-0.07355018,-0.0001133372,-0.001066667,-0.2655733,0.5121371,0.0003777851,-8.213762E-05
-0.05713299,-0.04781572,7.719591E-05,0.001733335,-0.1139193,-0.04333499,4.700738E-05,0.01844107
0.007619991,-0.07355293,4.855255E-06,-0.002133561,-0.2636357,-0.04912924,-9.720309E-06,-0.006820535
-0.1416475,-0.07354977,-0.0001416481,-0.002133334,-0.4129758,-0.07298694,-0.0001417169,-0.0005304286
-0.2922363,-0.07354945,-2.388069E-05,-0.002133334,-0.4471506,-0.07309316,-7.818145E-05,0.0005694678
-0.2192624,-0.07356121,0.0004478896,-0.001229586,-0.6553614,-0.07358327,-0.00103781,-0.001066741
-0.3663252,-0.07355054,-0.000139556,-0.001066667,-0.5860547,-0.07353894,6.576893E-05,-0.001064792
-0.5163113,-0.0735506,-0.0001423301,-0.001066667,-0.6460903,-0.07353692,0.0006727133,-0.00213208
-0.5580366,-0.07354944,4.890876E-06,-0.001066667,-0.6868438,-0.07337093,7.329365E-05,-0.001065354
-0.5294021,-0.07354974,7.082399E-05,-0.001066667,-0.7158781,-0.06053949,5.911614E-05,-0.01946536
-0.633442,-0.07354973,7.066828E-05,-0.001066667,-0.7084077,-0.07344692,-0.0001928501,-0.001872102
0.291,-0.061,0,0,-0.327,-0.065,0,0
0.291,-0.061,0,0,-0.327,-0.065,0,0
0.1417084,-0.07355104,-0.0001416711,-0.001066699,-0.1777084,-0.07354025,0.0001416711,-0.002132813
0.169806,-0.07298905,0.0006782023,-0.002703125,-0.0682901,-0.05566765,-4.461864E-05,-0.01337575
0.2740863,-0.07392336,0.0009344144,-0.003250754,-0.04925795,-0.06490682,-0.0002576889,-0.01495457
0.3221815,-0.02202705,0.0007494014,-0.01143795,0.05817297,-0.06498079,-4.650455E-05,0.00348258
0.3965163,-0.07369515,0.0008375712,-0.001181224,0.1022514,-0.02264436,-0.0002576844,-0.01138374
0.2513927,-0.07355053,-0.0001377157,-0.001066667,-0.02796772,-0.07225557,-0.000272096,-0.001572886
0.2921166,-0.07357124,0.0007363044,-0.001066665,0.02274655,-0.06592186,-0.0002571518,-0.01394329
0.3151359,-0.07368219,0.0005967189,-0.001229198,0.07733221,-0.06396513,-0.000257187,0.001335401
0.3345328,-0.07302336,0.0005431692,-0.000533691,0.09605192,-0.04045025,-0.000257187,-0.01271015
0.4358641,-0.0630134,0.0009197203,0.001057984,0.115516,-0.02768602,-0.000257187,-0.01288738
0.291,-0.061,0,0,-0.327,-0.065,0,0
0.291,-0.061,0,0,-0.327,-0.065,0,0
0.1417084,-0.07355104,-0.0001416711,-0.001066699,-0.327,-0.07354006,0,-0.002132813
-0.00881342,-0.07354952,-3.73136E-05,-0.001066667,-0.4768144,-0.07354947,-3.713823E-05,-0.002133334
-0.1568356,-0.07355884,-0.0004328834,-0.001066667,-0.2306004,-0.00768284,0.000720041,-0.01253334
0.1851074,-0.07354974,6.977643E-05,-0.001066667,-0.07705,-0.07305944,9.96923E-06,-0.0005380209
0.03616303,-0.07355058,-0.0001413416,-0.001066667,-0.1983977,0.03434696,-0.0007844182,-0.007634141
-0.1144948,-0.07354944,-9.781431E-06,-0.001066667,-0.3586545,-0.05038637,-0.0001486104,0.0006065879
-0.2638351,-0.07355059,-0.0001417172,-0.001066667,-0.6082135,0.002571672,-0.0002368203,-0.01779342
-0.4138319,-0.0735506,-0.0001423403,-0.001066667,-0.5812454,-0.05222278,0.0001894539,-0.005503292
-0.5644947,-0.07354945,-9.781756E-06,-0.001066667,-0.7143903,-0.05646653,4.628639E-05,0.00180601
-0.5803769,-0.07354973,7.085862E-05,-0.001066667,-0.7158821,0.1212776,4.719637E-05,-0.01259399
-0.4307326,-0.0735506,0.0001420057,-0.001066667,-0.6027648,-0.04676836,0.0001179478,0.008296998
-0.5793175,-0.07355057,-0.0001410005,-0.001066667,-0.7093638,-0.06901298,7.055704E-05,-0.001525751
-0.623982,-0.07354973,7.116847E-05,-0.001066667,-0.6732372,0.1850129,0.0002638588,0.0007117245
-0.4743361,-0.0735506,0.0001420071,-0.001066667,-0.6719241,-0.02710463,1.246038E-06,0.004444137
-0.6213968,-0.07355002,7.050023E-05,-0.001066667,-0.671918,-0.07277642,5.884254E-09,4.448276E-05
-0.5472291,-0.07354943,4.856342E-06,-0.001066667,-0.7071585,-0.0735495,-3.344174E-05,-0.001066667
-0.5175881,-0.07354974,7.082407E-05,-0.001066667,-0.7008986,0.03521358,9.440789E-05,-0.01546667
-0.3672827,-0.07354945,9.758544E-06,-0.001066667,-0.1986328,-0.06394902,0.0001228637,-0.001481304
-0.2172826,-0.07354945,9.738728E-06,-0.001066667,-0.02198001,-0.07354848,3.453115E-05,-0.002133277
-0.06728257,-0.07354944,9.738724E-06,-0.001066667,0.3780304,-0.03115084,2.59727E-05,-0.00133336
0.08271745,-0.07354943,9.738724E-06,-0.001066667,0.3781567,-0.07337166,8.428633E-09,-0.001066649
0.1546565,-0.07354973,-7.085853E-05,-0.001066667,0.2787884,-0.06057128,0.0001180592,-0.01946665
-0.0378651,-0.0736606,-0.0001794148,-0.002158603,0.4520358,-0.07353507,0.000147846,-0.00213242
0.18984,0.03459476,0.004279557,0.0002413947,0.4527114,-0.07301573,1.269988E-05,-0.0005333191
0.3604285,-0.06865276,0.0001618807,-0.009720699,0.6253376,-0.07092494,0.00105507,0.001821103
0.291,-0.061,0,0,-0.327,-0.065,0,0
0.291,-0.061,0,0,-0.327,-0.065,0,0
0.1417084,-0.07355104,-0.0001416711,-0.001066699,-0.4762917,-0.07354024,-0.0001416711,-0.002132813
-0.008288288,-0.0735506,-0.0001423401,-0.001066667,-0.4839709,-0.05591935,-7.287256E-06,-0.002142999
-0.02061012,-0.07302667,0.0004919882,-0.0005337871,-0.6189744,0.1879048,-0.001166744,0.0005325917
-0.1674534,-0.0730163,-0.0001393477,-0.0005333334,-0.475489,-0.02640101,0.0001361613,0.004533703
0.009154288,-0.07354142,9.174075E-05,-0.001018245,-0.3253881,-0.07337143,9.779751E-06,-0.001066423
0.02004416,-0.07352276,0.0005946708,-0.01439319,-0.4600245,0.171068,-0.001166663,-5.578622E-06
-0.1266839,-0.07301948,-9.542582E-06,-0.0005334957,-0.4725851,-0.01662299,-8.334056E-07,0.006393385
-0.276023,-0.07301633,-0.0001417161,-0.0005333334,-0.6218809,-0.06646712,-0.000141675,-0.007996693
-0.2112232,-0.06436656,0.0008473034,-0.002833357,-0.7064329,0.1707753,0.0005836892,-0.0001380825
-0.3562983,-0.07355063,-0.0001376698,-0.001066673,-0.6585864,-0.02418814,6.945732E-05,0.002469041
-0.3239097,-0.06118977,0.0006979,0.001165641,-0.6885595,0.07390741,0.0005831906,-0.007669868
-0.469299,-0.07306948,-0.0001383754,-0.0005379242,-0.5363656,-0.06976987,0.0001444251,0.001682534
-0.2466826,-0.07357888,0.0008685848,-0.001066843,-0.6422822,0.1490167,0.0006897782,-0.001380175
-0.3916519,-0.07355052,-0.0001375693,-0.001066667,-0.6909373,-0.01520378,6.920686E-05,0.0006900866
-0.4122029,-0.07355975,0.0004539862,-0.001066673,-0.6723727,0.04019687,0.0005831913,-0.009448823
-0.2231983,-0.06949688,0.001343583,0.002809607,-0.6465714,-0.06099177,0.0006902963,-0.002206135
-0.1572452,-0.07357473,0.0008255764,-0.001066655,-0.6961381,0.1432617,0.0005817246,-0.00183584
-0.30307,-0.07354945,-9.467647E-06,-0.001066667,-0.5434721,-0.06001791,9.924344E-06,-0.00165896
-0.4524088,-0.07355059,-0.0001417158,-0.001066667,-0.5966612,0.1362057,0.0007250022,-0.002109428
-0.3038224,-0.07355057,0.0001410018,-0.001066667,-0.443943,-0.01950206,0.0001450948,-0.001345287
0.291,-0.061,0,0,-0.327,-0.065,0,0
0.291,-0.061,0,0,-0.327,-0.065,0,0
0.1417084,-0.07355104,-0.0001416711,-0.001066699,-0.5758194,-0.02660005,-0.0002361185,-0.0184
-0.008288288,-0.0735506,-0.0001423401,-0.001066667,-0.5769945,-0.07287878,-1.115039E-06,-0.007000001
-0.1587668,-0.07354958,-4.664305E-05,-0.001066667,-0.7216701,-0.07301242,2.321225E-05,-0.0005331299
-0.3072679,-0.07355576,-0.0003464143,-0.001066667,-0.4744376,0.01232496,0.0005767286,-0.01253313
-0.4582835,-0.07355061,-0.0001433069,-0.001066667,-0.650159,-0.04822239,0.000187533,0.003866568
-0.6082884,-0.0735506,-0.0001423478,-0.001066667,-0.6730798,0.04327458,0.0002830658,-0.008633473
-0.7055213,-0.07354943,4.89088E-06,-0.001066667,-0.7050024,-0.002916053,2.837556E-06,-0.001066601
-0.6572725,-0.07354944,4.866989E-06,-0.001066667,-0.305118,-0.03260057,2.596242E-05,0.007733303
-0.3952519,0.1019172,-0.001759326,0.0005333293,-0.3050024,-0.06966764,1.141839E-06,-0.0146667
-0.2543216,-0.05408282,5.462544E-05,-0.009066666,-0.1553915,-0.07305225,5.803067E-05,-0.000536198
-0.2685632,-0.07303111,-9.524696E-06,-0.0005342448,-0.1971058,-0.03678316,-5.291266E-06,-0.0005349027
-0.3114789,-0.07301612,-4.866236E-06,-0.0005333334,0.05278668,-0.02523761,1.622422E-05,-0.002532548
0.08829395,-0.0388827,4.056238E-05,0.005866669,0.2027917,-0.0735469,1.522004E-05,-0.002133138
0.08971407,-0.07243848,-2.905346E-05,-0.001133334,0.3514749,-0.07356207,0.0008103225,-0.001065276
0.2395202,-0.07354943,9.726135E-06,-0.001066667,0.5141042,-0.07320204,0.0001507474,-0.000567803